,t_user_id,parsed_date,time
0,10.0,2008-03-28,86814.0
1,10.0,2008-03-29,30443.0
2,10.0,2008-03-30,38295.0
3,10.0,2008-03-31,87465.0
4,10.0,2008-04-01,86520.0
5,10.0,2008-04-02,2926.0
6,10.0,2008-04-03,137464.0
7,10.0,2008-04-04,147793.0
8,10.0,2008-04-05,86376.0
9,10.0,2008-04-06,36578.0
10,10.0,2008-05-18,2330.0
11,10.0,2008-05-19,93258.0
12,10.0,2008-06-13,1643.0
13,10.0,2008-06-15,3628.0
14,10.0,2008-06-16,119326.0
15,10.0,2008-06-17,12554.0
16,10.0,2008-06-18,399318.0
17,10.0,2008-06-19,171381.0
18,10.0,2008-06-20,88543.0
19,10.0,2008-06-28,150503.0
20,10.0,2008-08-01,471935.0
21,10.0,2008-09-15,339.0
22,10.0,2008-09-16,330676.0
23,10.0,2008-09-17,309446.0
24,10.0,2008-09-18,251903.0
25,10.0,2008-09-19,145359.0
26,10.0,2008-09-21,89678.0
27,10.0,2008-09-22,172603.0
28,10.0,2008-09-23,296288.0
29,10.0,2008-09-24,291699.0
30,10.0,2008-09-25,217526.0
31,10.0,2008-09-26,255632.0
32,10.0,2008-09-27,344583.0
33,10.0,2008-09-28,284552.0
34,10.0,2008-09-29,270774.0
35,10.0,2008-09-30,129914.0
36,10.0,2008-10-01,248215.0
37,10.0,2008-10-02,150617.0
38,10.0,2008-10-03,240041.0
39,10.0,2008-10-05,86706.0
40,10.0,2008-10-06,254676.0
41,10.0,2008-10-07,286498.0
42,10.0,2008-10-08,371504.0
43,10.0,2008-10-09,294804.0
44,10.0,2008-10-10,172996.0
45,10.0,2008-10-12,88487.0
46,10.0,2008-10-13,250030.0
47,10.0,2008-10-14,130509.0
48,10.0,2008-10-15,131555.0
49,10.0,2008-10-16,293270.0
50,10.0,2008-10-17,222490.0
51,10.0,2008-10-18,5317.0
52,10.0,2008-10-19,89044.0
53,10.0,2008-10-20,43952.0
54,10.0,2008-10-21,736.0
55,10.0,2008-10-31,94704.0
56,10.0,2008-11-01,89823.0
57,10.0,2008-11-04,28700.0
58,10.0,2008-11-06,177043.0
59,10.0,2008-11-07,39818.0
60,10.0,2008-11-08,89372.0
61,10.0,2008-12-01,1143.0
62,10.0,2008-12-06,139997.0
63,10.0,2008-12-07,98966.0
64,20.0,2011-08-27,34209.0
65,20.0,2011-08-28,134539.0
66,20.0,2011-08-29,3746.0
67,20.0,2011-08-30,94080.0
68,20.0,2011-08-31,15678.0
69,20.0,2011-09-01,220775.0
70,20.0,2011-09-02,88994.0
71,20.0,2011-09-03,121222.0
72,20.0,2011-09-04,127023.0
73,20.0,2011-09-05,440412.0
74,20.0,2011-09-06,395626.0
75,20.0,2011-09-07,1507.0
76,20.0,2011-09-09,271.0
77,20.0,2011-09-10,187313.0
78,20.0,2011-09-11,5728210.0
79,20.0,2011-09-12,2208320.0
80,20.0,2011-09-13,49004.0
81,20.0,2011-09-14,2381.0
82,20.0,2011-09-15,88857.0
83,20.0,2011-09-16,94096.0
84,20.0,2011-09-17,3659.0
85,20.0,2011-10-22,21.0
86,20.0,2011-10-26,109.0
87,20.0,2011-11-02,302.0
88,20.0,2011-11-06,21.0
89,20.0,2011-11-17,36.0
90,20.0,2011-11-18,977.0
91,20.0,2011-12-01,109.0
92,20.0,2011-12-27,495.0
93,21.0,2007-04-29,763.0
94,21.0,2007-04-30,364.0
95,21.0,2007-05-01,28480.0
96,21.0,2007-05-02,15557.0
97,21.0,2007-05-03,80122.0
98,21.0,2007-05-04,13092.0
99,52.0,2008-05-20,16861.0
100,52.0,2008-05-21,127527.0
101,52.0,2008-05-22,90198.0
102,52.0,2008-05-23,13234.0
103,52.0,2008-05-25,290252.0
104,52.0,2008-05-26,690.0
105,52.0,2008-05-27,103786.0
106,52.0,2008-05-28,102620.0
107,52.0,2008-05-29,5330.0
108,52.0,2008-05-30,88906.0
109,52.0,2008-05-31,217972.0
110,52.0,2008-06-01,15622.0
111,52.0,2008-06-02,104524.0
112,52.0,2008-06-03,123633.0
113,52.0,2008-06-04,5858.0
114,52.0,2008-06-05,88302.0
115,52.0,2008-06-06,129210.0
116,52.0,2008-06-07,14802.0
117,52.0,2008-06-09,97976.0
118,52.0,2008-06-10,16380.0
119,52.0,2008-06-12,69887.0
120,52.0,2008-06-13,101492.0
121,52.0,2008-06-14,101864.0
122,52.0,2008-06-15,113085.0
123,52.0,2008-06-16,12238.0
124,52.0,2008-06-17,13325.0
125,52.0,2008-06-20,153485.0
126,52.0,2008-06-21,11466.0
127,52.0,2008-06-25,97687.0
128,52.0,2008-06-26,176475.0
129,52.0,2008-06-27,10940.0
130,52.0,2008-06-28,1970.0
131,52.0,2008-06-29,116630.0
132,52.0,2008-07-01,90820.0
133,52.0,2008-07-02,99960.0
134,52.0,2008-07-03,123882.0
135,52.0,2008-07-06,14650.0
136,52.0,2008-07-07,525.0
137,52.0,2008-07-08,86472.0
138,52.0,2008-07-09,268193.0
139,52.0,2008-07-10,64338.0
140,52.0,2008-07-11,208494.0
141,52.0,2008-07-15,88228.0
142,52.0,2008-07-16,87222.0
143,52.0,2008-07-17,122419.0
144,52.0,2008-07-18,177674.0
145,52.0,2008-07-19,118217.0
146,52.0,2008-07-20,119327.0
147,52.0,2008-07-21,109937.0
148,52.0,2008-07-22,103567.0
149,52.0,2008-07-23,190597.0
150,52.0,2008-07-24,206379.0
151,52.0,2008-07-25,305955.0
152,52.0,2008-07-26,195664.0
153,52.0,2008-07-27,53068.0
154,52.0,2008-07-29,95327.0
155,52.0,2008-07-30,259480.0
156,52.0,2008-07-31,120395.0
157,52.0,2008-08-18,2036.0
158,52.0,2008-08-22,2778.0
159,52.0,2008-09-02,6594.0
160,52.0,2008-10-01,4280.0
161,52.0,2008-10-02,146727.0
162,52.0,2008-10-03,18790.0
163,52.0,2008-10-05,18314.0
164,52.0,2008-10-06,38765.0
165,52.0,2008-10-07,129530.0
166,52.0,2008-10-08,106645.0
167,52.0,2008-10-10,17999.0
168,56.0,2007-10-19,13272.0
169,58.0,2007-05-09,476.0
170,58.0,2007-05-13,6990.0
171,58.0,2007-05-19,330.0
172,58.0,2007-05-21,707.0
173,58.0,2007-05-23,532.0
174,58.0,2007-05-24,623.0
175,58.0,2007-05-26,852.0
176,58.0,2007-06-01,294.0
177,58.0,2007-06-03,392.0
178,62.0,2008-06-18,494.0
179,62.0,2008-06-19,43057.0
180,62.0,2008-06-20,29055.0
181,62.0,2008-06-21,30852.0
182,62.0,2008-06-23,551.0
183,62.0,2008-06-24,25564.0
184,62.0,2008-06-25,89077.0
185,62.0,2008-06-28,31182.0
186,62.0,2008-06-29,472.0
187,62.0,2008-07-01,14025.0
188,62.0,2008-07-03,9769.0
189,62.0,2008-07-06,86414.0
190,62.0,2008-07-07,5499.0
191,62.0,2008-07-08,530.0
192,62.0,2008-07-09,395.0
193,62.0,2008-07-10,87995.0
194,62.0,2008-07-11,647.0
195,62.0,2008-07-13,5692.0
196,62.0,2008-07-14,17884.0
197,62.0,2008-07-15,6148.0
198,62.0,2008-07-16,6463.0
199,62.0,2008-07-17,86436.0
200,62.0,2008-07-19,57303.0
201,62.0,2008-07-20,93595.0
202,62.0,2008-07-21,916.0
203,62.0,2008-07-22,6328.0
204,62.0,2008-07-23,18988.0
205,62.0,2008-07-24,88491.0
206,62.0,2008-07-26,13237.0
207,62.0,2008-07-27,80123.0
208,62.0,2008-07-28,97285.0
209,62.0,2008-07-29,31008.0
210,62.0,2008-07-30,5451.0
211,62.0,2008-07-31,120314.0
212,62.0,2008-08-01,16159.0
213,62.0,2008-08-02,9075.0
214,62.0,2008-08-03,16937.0
215,62.0,2008-08-04,132658.0
216,62.0,2008-08-05,104455.0
217,62.0,2008-08-06,5064.0
218,62.0,2008-08-07,115842.0
219,62.0,2008-08-08,4799.0
220,62.0,2008-08-09,29691.0
221,62.0,2008-08-10,94337.0
222,62.0,2008-08-11,93929.0
223,62.0,2008-08-12,127655.0
224,62.0,2008-08-13,137093.0
225,62.0,2008-08-14,36890.0
226,62.0,2008-08-15,48389.0
227,62.0,2008-08-16,49554.0
228,62.0,2008-08-17,54625.0
229,62.0,2008-08-18,137599.0
230,62.0,2008-08-19,97394.0
231,62.0,2008-08-20,142127.0
232,62.0,2008-08-21,73871.0
233,62.0,2008-08-22,87453.0
234,62.0,2008-08-23,50269.0
235,62.0,2008-08-24,5961.0
236,62.0,2008-08-25,90111.0
237,62.0,2008-08-26,26098.0
238,62.0,2008-08-27,87157.0
239,62.0,2008-08-28,116555.0
240,62.0,2008-08-29,2089.0
241,62.0,2008-08-30,88544.0
242,62.0,2008-08-31,99299.0
243,62.0,2008-09-01,30806.0
244,62.0,2008-09-02,119332.0
245,62.0,2008-09-03,67.0
246,62.0,2008-09-04,24157.0
247,62.0,2008-09-05,98165.0
248,62.0,2008-09-06,15692.0
249,62.0,2008-09-07,34219.0
250,62.0,2008-09-08,86491.0
251,62.0,2008-09-10,106305.0
252,62.0,2008-09-11,96676.0
253,62.0,2008-09-12,90481.0
254,62.0,2008-09-13,87203.0
255,62.0,2008-09-14,7988.0
256,62.0,2008-09-15,10912.0
257,62.0,2008-09-16,6898.0
258,62.0,2008-09-17,21506.0
259,62.0,2008-09-18,18765.0
260,62.0,2008-09-19,23224.0
261,62.0,2008-09-20,258661.0
262,62.0,2008-09-21,23959.0
263,62.0,2008-09-23,39399.0
264,62.0,2008-09-24,6479.0
265,62.0,2008-09-25,101196.0
266,62.0,2008-09-26,8099.0
267,62.0,2008-09-27,126311.0
268,62.0,2008-09-28,124168.0
269,62.0,2008-10-01,91830.0
270,62.0,2008-10-03,2231.0
271,62.0,2008-10-04,55711.0
272,62.0,2008-10-05,91869.0
273,62.0,2008-10-15,120882.0
274,62.0,2008-10-16,190261.0
275,62.0,2008-10-17,69103.0
276,62.0,2008-10-18,62631.0
277,62.0,2008-10-19,30835.0
278,62.0,2008-10-20,46910.0
279,62.0,2008-10-21,35413.0
280,62.0,2008-10-29,186.0
281,62.0,2008-10-30,29041.0
282,62.0,2008-10-31,154700.0
283,62.0,2008-11-01,20895.0
284,62.0,2008-11-02,16351.0
285,62.0,2008-11-03,1526.0
286,62.0,2008-11-04,21173.0
287,62.0,2008-11-05,78149.0
288,62.0,2008-11-06,62699.0
289,62.0,2008-11-07,44277.0
290,62.0,2008-11-08,18190.0
291,62.0,2008-11-09,28867.0
292,62.0,2008-11-10,209749.0
293,62.0,2008-11-11,186662.0
294,62.0,2008-11-12,38147.0
295,62.0,2008-11-13,153755.0
296,62.0,2008-11-14,154921.0
297,62.0,2008-11-15,99135.0
298,62.0,2008-11-16,191693.0
299,62.0,2008-11-17,88989.0
300,62.0,2008-12-03,463.0
301,62.0,2008-12-04,1153.0
302,62.0,2008-12-05,58516.0
303,62.0,2008-12-06,199.0
304,62.0,2008-12-07,12993.0
305,62.0,2008-12-08,3576.0
306,62.0,2008-12-09,58871.0
307,62.0,2008-12-11,20440.0
308,62.0,2008-12-12,74408.0
309,62.0,2008-12-13,15052.0
310,62.0,2008-12-14,19564.0
311,62.0,2008-12-15,3157.0
312,64.0,2008-08-15,3166.0
313,64.0,2008-08-16,188703.0
314,64.0,2008-08-17,82508.0
315,64.0,2008-08-18,125440.0
316,64.0,2008-08-20,202304.0
317,64.0,2008-08-21,3108.0
318,64.0,2008-08-23,222.0
319,64.0,2008-08-24,127402.0
320,64.0,2008-08-25,1368.0
321,64.0,2008-08-29,3690.0
322,65.0,2011-08-24,86409.0
323,65.0,2011-08-26,87723.0
324,65.0,2011-08-28,244738.0
325,65.0,2011-08-30,1395642.0
326,65.0,2011-09-01,213.0
327,65.0,2011-09-02,96231.0
328,65.0,2011-09-03,155190.0
329,65.0,2011-09-10,607005.0
330,65.0,2011-09-11,691536.0
331,65.0,2011-09-16,521722.0
332,65.0,2011-09-17,872955.0
333,65.0,2011-09-18,12.0
334,65.0,2011-09-19,874731.0
335,65.0,2011-09-21,100924.0
336,65.0,2011-09-23,712611.0
337,65.0,2011-09-25,271.0
338,65.0,2011-09-27,219.0
339,65.0,2011-09-29,173632.0
340,65.0,2011-10-01,291523.0
341,65.0,2011-10-03,349741.0
342,65.0,2011-10-05,2754344.0
343,65.0,2011-10-06,330.0
344,65.0,2011-10-14,314.0
345,65.0,2011-10-16,4.0
346,65.0,2011-10-18,286109.0
347,65.0,2011-10-22,216360.0
348,65.0,2011-10-23,349435.0
349,65.0,2011-10-25,2018.0
350,67.0,2011-03-05,447736.0
351,67.0,2011-03-12,98154.0
352,67.0,2011-03-19,110915.0
353,67.0,2011-03-20,104090.0
354,67.0,2011-03-26,264738.0
355,67.0,2011-04-07,174491.0
356,67.0,2011-04-08,87511.0
357,67.0,2011-04-13,89355.0
358,67.0,2011-04-14,940.0
359,67.0,2011-04-16,1858.0
360,67.0,2011-04-19,856.0
361,67.0,2011-04-23,21867.0
362,67.0,2011-04-30,15826.0
363,67.0,2011-05-06,634.0
364,67.0,2011-05-07,100311.0
365,68.0,2008-09-16,24011.0
366,68.0,2008-09-18,340.0
367,68.0,2008-09-20,107968.0
368,68.0,2008-09-29,9750.0
369,68.0,2008-09-30,92839.0
370,68.0,2008-10-02,158828.0
371,68.0,2008-10-03,12124.0
372,68.0,2008-10-04,13541.0
373,68.0,2008-10-11,38918.0
374,68.0,2008-10-12,668.0
375,68.0,2008-10-20,22964.0
376,68.0,2008-10-21,104202.0
377,68.0,2008-10-22,102930.0
378,68.0,2008-10-24,3540.0
379,68.0,2008-10-25,16228.0
380,68.0,2008-10-26,1348.0
381,68.0,2008-10-31,7214.0
382,68.0,2008-11-01,944804.0
383,68.0,2008-11-03,17194.0
384,68.0,2008-11-04,1446.0
385,68.0,2008-11-05,93728.0
386,68.0,2008-11-08,144.0
387,68.0,2008-11-13,108.0
388,68.0,2008-11-14,115639.0
389,68.0,2008-11-15,96040.0
390,68.0,2008-11-16,9075.0
391,68.0,2008-11-26,1278.0
392,68.0,2008-11-30,178390.0
393,68.0,2008-12-13,200425.0
394,68.0,2008-12-14,21382.0
395,68.0,2009-01-02,988.0
396,68.0,2009-01-15,4092.0
397,68.0,2009-01-16,43745.0
398,68.0,2009-02-17,832.0
399,68.0,2009-02-18,112558.0
400,68.0,2009-02-19,1036.0
401,68.0,2009-02-20,802.0
402,68.0,2009-02-21,41932.0
403,68.0,2009-02-22,88282.0
404,68.0,2009-02-23,1765.0
405,68.0,2009-03-01,846.0
406,68.0,2009-03-13,4198.0
407,68.0,2009-03-14,93898.0
408,68.0,2009-03-22,94696.0
409,68.0,2009-03-23,15261.0
410,68.0,2009-03-27,11418.0
411,68.0,2009-03-28,88268.0
412,68.0,2009-04-02,7889.0
413,68.0,2009-04-03,99440.0
414,68.0,2009-04-05,182.0
415,68.0,2009-04-11,2634.0
416,68.0,2009-04-12,131435.0
417,68.0,2009-04-18,242498.0
418,68.0,2009-04-22,5610.0
419,68.0,2009-04-25,108327.0
420,68.0,2009-05-01,89337.0
421,68.0,2009-05-02,6717.0
422,68.0,2009-05-03,1888.0
423,68.0,2009-05-16,946.0
424,68.0,2009-05-17,6487.0
425,68.0,2009-05-19,101470.0
426,68.0,2009-05-21,7975.0
427,68.0,2009-05-22,1792.0
428,68.0,2009-05-24,2066.0
429,68.0,2009-05-25,9244.0
430,68.0,2009-05-26,78635.0
431,68.0,2009-05-27,86398.0
432,68.0,2009-05-28,87863.0
433,68.0,2009-05-29,20563.0
434,68.0,2009-05-30,39114.0
435,68.0,2009-05-31,97755.0
436,68.0,2009-06-05,16584.0
437,68.0,2009-06-07,181730.0
438,68.0,2009-06-13,90609.0
439,68.0,2009-06-14,97098.0
440,68.0,2009-06-19,25535.0
441,68.0,2009-06-21,78896.0
442,68.0,2009-06-22,132.0
443,68.0,2009-06-27,62395.0
444,68.0,2009-06-28,84671.0
445,68.0,2009-07-05,1196.0
446,68.0,2009-07-06,93157.0
447,68.0,2009-07-07,11490.0
448,68.0,2009-07-09,124963.0
449,68.0,2009-07-11,104829.0
450,68.0,2009-07-12,92781.0
451,68.0,2009-07-14,87482.0
452,68.0,2009-07-15,4383.0
453,68.0,2009-07-16,46206.0
454,68.0,2009-07-17,3459.0
455,68.0,2009-07-20,4042.0
456,68.0,2009-07-21,470.0
457,68.0,2009-07-22,139630.0
458,68.0,2009-07-24,198706.0
459,68.0,2009-07-25,50048.0
460,68.0,2009-07-26,3262.0
461,68.0,2009-07-27,6370.0
462,68.0,2009-07-28,72698.0
463,68.0,2009-07-29,163350.0
464,68.0,2009-07-30,28214.0
465,68.0,2009-07-31,100486.0
466,68.0,2009-08-01,65033.0
467,68.0,2009-08-02,20603.0
468,68.0,2009-08-03,123283.0
469,68.0,2009-08-04,8793.0
470,68.0,2009-08-05,156310.0
471,68.0,2009-08-06,95111.0
472,68.0,2009-08-07,49398.0
473,68.0,2009-08-08,758.0
474,68.0,2009-08-09,16818.0
475,68.0,2009-08-10,43420.0
476,68.0,2009-08-11,87496.0
477,68.0,2009-08-13,105450.0
478,68.0,2009-08-14,4838.0
479,68.0,2009-08-15,11989.0
480,68.0,2009-08-17,13748.0
481,68.0,2009-08-18,132493.0
482,68.0,2009-08-19,126439.0
483,68.0,2009-08-20,47978.0
484,68.0,2009-08-21,1246.0
485,68.0,2009-08-24,131747.0
486,68.0,2009-08-25,8638.0
487,68.0,2009-08-29,29152.0
488,68.0,2009-08-30,23880.0
489,68.0,2009-08-31,91252.0
490,68.0,2009-09-05,125.0
491,68.0,2009-09-06,342.0
492,68.0,2009-09-08,2258.0
493,68.0,2009-09-11,86472.0
494,68.0,2009-09-12,123454.0
495,68.0,2009-09-13,22144.0
496,69.0,2008-06-27,87375.0
497,73.0,2008-05-19,208.0
498,73.0,2008-05-21,207.0
499,73.0,2008-05-22,222.0
500,73.0,2008-05-29,206.0
501,73.0,2008-05-30,86576.0
502,73.0,2008-06-03,224.0
503,73.0,2008-06-05,278.0
504,73.0,2008-06-19,202.0
505,73.0,2008-06-21,422.0
506,73.0,2008-06-24,57587.0
507,73.0,2008-06-25,217.0
508,73.0,2008-06-29,106292.0
509,73.0,2008-07-02,51656.0
510,73.0,2008-07-05,188.0
511,73.0,2008-07-07,222.0
512,73.0,2008-07-08,230.0
513,73.0,2008-07-10,53619.0
514,73.0,2008-07-11,118165.0
515,73.0,2008-07-13,1206.0
516,73.0,2008-07-15,14639.0
517,73.0,2008-07-16,108163.0
518,73.0,2008-07-17,502.0
519,73.0,2008-07-18,205.0
520,73.0,2008-07-20,778.0
521,73.0,2008-07-22,54504.0
522,73.0,2008-07-24,52679.0
523,73.0,2008-07-25,725.0
524,73.0,2008-07-29,815.0
525,73.0,2008-07-30,53448.0
526,73.0,2008-07-31,138686.0
527,73.0,2008-08-01,431.0
528,73.0,2008-08-03,957.0
529,73.0,2008-08-04,609.0
530,75.0,2011-08-03,123.0
531,75.0,2011-08-24,90575.0
532,75.0,2011-08-27,6697.0
533,75.0,2011-08-28,107083.0
534,75.0,2011-08-29,97077.0
535,75.0,2011-08-30,1393.0
536,76.0,2007-04-17,51290.0
537,76.0,2007-04-19,89713.0
538,76.0,2007-04-20,913.0
539,78.0,2008-05-11,1206.0
540,78.0,2008-05-17,892.0
541,78.0,2008-05-19,528.0
542,78.0,2008-05-20,536.0
543,78.0,2008-05-21,729.0
544,78.0,2008-05-22,372.0
545,78.0,2008-05-23,146.0
546,78.0,2008-05-24,188139.0
547,78.0,2008-05-28,723.0
548,78.0,2008-05-29,721.0
549,78.0,2008-05-30,1083.0
550,78.0,2008-05-31,175.0
551,78.0,2008-06-01,283.0
552,78.0,2008-06-03,350.0
553,78.0,2008-06-04,596.0
554,78.0,2008-07-21,87695.0
555,78.0,2008-07-22,87167.0
556,78.0,2008-07-25,101864.0
557,78.0,2008-07-27,877176.0
558,78.0,2008-07-28,1070.0
559,78.0,2008-07-29,688.0
560,78.0,2008-08-03,648.0
561,78.0,2008-08-04,932.0
562,78.0,2008-08-05,794.0
563,78.0,2008-08-06,378.0
564,78.0,2008-08-07,622.0
565,78.0,2008-08-08,5292.0
566,78.0,2008-08-09,64500.0
567,78.0,2008-08-14,822.0
568,78.0,2008-08-15,753.0
569,78.0,2008-08-16,46631.0
570,78.0,2008-08-17,1716.0
571,78.0,2008-08-18,40557.0
572,78.0,2008-08-19,47270.0
573,78.0,2008-08-20,884.0
574,78.0,2008-08-21,1056.0
575,78.0,2008-08-22,40483.0
576,78.0,2008-08-24,115636.0
577,78.0,2008-08-25,10744.0
578,78.0,2008-08-26,746.0
579,78.0,2008-08-27,680.0
580,78.0,2008-08-29,657.0
581,80.0,2007-06-27,1925.0
582,80.0,2007-06-29,546.0
583,80.0,2007-07-06,635.0
584,81.0,2008-05-10,1506.0
585,81.0,2008-05-11,490.0
586,81.0,2008-05-23,243145.0
587,81.0,2008-05-24,89833.0
588,81.0,2008-05-30,90876.0
589,81.0,2008-05-31,2893.0
590,81.0,2008-06-05,502.0
591,81.0,2008-06-07,24276.0
592,81.0,2008-06-20,1990.0
593,81.0,2008-06-21,52779.0
594,81.0,2008-06-22,653.0
595,81.0,2008-07-22,23495.0
596,81.0,2008-07-23,96.0
597,81.0,2008-07-24,16078.0
598,81.0,2008-07-25,92010.0
599,81.0,2008-07-26,316.0
600,81.0,2008-07-27,1166.0
601,81.0,2008-07-30,2524.0
602,82.0,2008-07-30,411.0
603,82.0,2008-07-31,9734.0
604,82.0,2008-08-01,88056.0
605,82.0,2008-08-03,1126.0
606,82.0,2008-08-17,2300.0
607,82.0,2009-03-07,421.0
608,82.0,2009-03-10,98548.0
609,82.0,2009-03-11,217457.0
610,82.0,2009-03-12,4350.0
611,82.0,2009-03-16,178682.0
612,82.0,2009-03-18,50151.0
613,82.0,2009-03-19,99140.0
614,82.0,2009-03-20,84254.0
615,82.0,2009-03-22,4337.0
616,82.0,2009-03-23,175201.0
617,82.0,2009-03-24,4130.0
618,82.0,2009-03-25,746.0
619,82.0,2009-03-27,87093.0
620,82.0,2009-03-28,4206.0
621,82.0,2009-03-30,91152.0
622,82.0,2009-03-31,3956.0
623,82.0,2009-04-01,505.0
624,82.0,2009-04-02,88430.0
625,82.0,2009-04-03,1545.0
626,82.0,2009-04-04,168482.0
627,82.0,2009-04-08,4218.0
628,82.0,2009-04-09,1782.0
629,82.0,2009-04-11,134062.0
630,82.0,2009-04-13,3638.0
631,82.0,2009-04-14,4162.0
632,82.0,2009-04-16,1753.0
633,82.0,2009-04-17,97666.0
634,82.0,2009-04-18,115433.0
635,82.0,2009-04-19,4169.0
636,84.0,2008-07-22,106388.0
637,84.0,2008-08-21,1277.0
638,84.0,2008-08-22,88340.0
639,84.0,2008-08-24,184432.0
640,84.0,2008-08-25,92705.0
641,84.0,2008-08-26,9204.0
642,84.0,2008-08-28,112092.0
643,84.0,2008-08-31,3080.0
644,84.0,2008-09-01,387999.0
645,84.0,2008-09-08,4505.0
646,84.0,2008-09-09,7497.0
647,84.0,2008-09-10,37511.0
648,84.0,2008-09-11,1812.0
649,84.0,2008-09-12,9334.0
650,84.0,2008-09-13,113110.0
651,84.0,2008-09-14,229345.0
652,84.0,2008-09-15,1108.0
653,84.0,2008-09-16,167699.0
654,84.0,2008-09-17,159591.0
655,84.0,2008-09-18,220023.0
656,84.0,2008-09-19,171870.0
657,84.0,2008-09-20,62916.0
658,84.0,2008-09-21,1348.0
659,84.0,2008-09-22,121036.0
660,84.0,2008-09-23,91412.0
661,84.0,2008-09-24,46841.0
662,84.0,2008-09-25,223493.0
663,84.0,2008-09-26,55500.0
664,84.0,2008-09-27,27966.0
665,84.0,2008-09-28,51156.0
666,84.0,2008-09-30,39367.0
667,84.0,2008-10-06,1370.0
668,84.0,2008-10-07,35818.0
669,84.0,2008-10-08,71630.0
670,84.0,2008-10-09,130455.0
671,84.0,2008-10-10,121957.0
672,84.0,2008-10-11,109132.0
673,84.0,2008-10-12,938.0
674,84.0,2008-10-13,110943.0
675,84.0,2008-10-14,102677.0
676,84.0,2008-10-15,85545.0
677,84.0,2008-10-16,132504.0
678,84.0,2008-10-17,139792.0
679,84.0,2008-10-18,178625.0
680,84.0,2008-10-19,139783.0
681,84.0,2008-10-20,84736.0
682,84.0,2008-10-21,284838.0
683,84.0,2008-10-22,301107.0
684,84.0,2008-10-23,176763.0
685,84.0,2008-10-24,97706.0
686,84.0,2008-10-25,177141.0
687,84.0,2008-10-26,89455.0
688,84.0,2008-10-27,6825.0
689,84.0,2008-10-28,220422.0
690,84.0,2008-10-29,173131.0
691,84.0,2008-10-30,355872.0
692,84.0,2008-10-31,54723.0
693,84.0,2008-11-01,59372.0
694,84.0,2008-11-02,383693.0
695,84.0,2008-11-03,184872.0
696,84.0,2008-11-04,300697.0
697,84.0,2008-11-05,247440.0
698,84.0,2008-11-06,98069.0
699,84.0,2008-11-08,101302.0
700,84.0,2008-11-26,92067.0
701,84.0,2008-11-27,34671.0
702,84.0,2008-11-28,203518.0
703,84.0,2008-11-29,199997.0
704,84.0,2008-11-30,4410.0
705,84.0,2008-12-01,89172.0
706,84.0,2008-12-02,176407.0
707,84.0,2008-12-03,221513.0
708,84.0,2008-12-04,136471.0
709,84.0,2008-12-05,184279.0
710,84.0,2008-12-06,114991.0
711,84.0,2008-12-07,166835.0
712,84.0,2008-12-08,141024.0
713,84.0,2008-12-09,57728.0
714,84.0,2008-12-10,92667.0
715,85.0,2008-05-01,108732.0
716,85.0,2008-05-02,93514.0
717,85.0,2008-05-15,2002.0
718,85.0,2008-05-16,91674.0
719,85.0,2008-05-17,59481.0
720,85.0,2008-05-18,2096.0
721,85.0,2008-05-19,137956.0
722,85.0,2008-05-20,98454.0
723,85.0,2008-05-21,134588.0
724,85.0,2008-05-22,247438.0
725,85.0,2008-05-23,90668.0
726,85.0,2008-05-24,3426.0
727,85.0,2008-05-25,11146.0
728,85.0,2008-05-26,19260.0
729,85.0,2008-05-27,87535.0
730,85.0,2008-05-28,182810.0
731,85.0,2008-05-29,89656.0
732,85.0,2008-07-22,248379.0
733,85.0,2008-07-23,54238.0
734,85.0,2008-07-24,23076.0
735,85.0,2008-07-25,3220.0
736,85.0,2008-07-26,3612.0
737,85.0,2008-07-27,1391.0
738,85.0,2008-07-31,2125.0
739,85.0,2008-08-01,90788.0
740,85.0,2008-08-03,102630.0
741,85.0,2008-10-09,533.0
742,85.0,2008-10-10,150279.0
743,85.0,2008-10-11,10446.0
744,85.0,2008-10-12,9758.0
745,85.0,2008-10-14,188531.0
746,85.0,2008-10-15,21265.0
747,85.0,2008-10-16,152240.0
748,85.0,2008-10-17,41712.0
749,85.0,2008-10-18,133682.0
750,85.0,2008-10-19,16795.0
751,85.0,2008-10-20,249993.0
752,85.0,2008-10-21,45500.0
753,85.0,2008-10-22,184576.0
754,85.0,2008-10-23,242388.0
755,85.0,2008-10-24,4678.0
756,85.0,2008-10-25,4218.0
757,85.0,2008-10-26,128372.0
758,85.0,2008-10-27,9895.0
759,85.0,2008-10-28,156249.0
760,85.0,2008-10-29,109152.0
761,85.0,2008-10-30,209950.0
762,85.0,2008-10-31,10366.0
763,85.0,2008-11-01,90374.0
764,85.0,2008-11-02,46480.0
765,85.0,2008-11-03,92194.0
766,85.0,2008-11-04,58922.0
767,85.0,2008-11-05,53418.0
768,85.0,2008-11-06,63059.0
769,85.0,2008-11-07,118505.0
770,85.0,2008-11-08,184866.0
771,85.0,2008-11-09,9138.0
772,85.0,2008-11-10,28200.0
773,85.0,2008-11-11,137612.0
774,85.0,2008-11-12,189048.0
775,85.0,2008-11-13,54468.0
776,85.0,2008-11-14,16018.0
777,85.0,2008-11-15,135503.0
778,85.0,2008-11-16,5306.0
779,85.0,2008-11-17,10960.0
780,85.0,2008-11-18,1192.0
781,85.0,2008-11-25,678.0
782,85.0,2008-11-26,139601.0
783,85.0,2008-11-27,57956.0
784,85.0,2008-11-28,37442.0
785,85.0,2008-11-29,182313.0
786,85.0,2008-11-30,2992.0
787,85.0,2008-12-01,3150.0
788,85.0,2008-12-02,148723.0
789,85.0,2008-12-03,65738.0
790,85.0,2008-12-04,55324.0
791,85.0,2008-12-05,176928.0
792,85.0,2008-12-06,27078.0
793,85.0,2008-12-07,5162.0
794,85.0,2008-12-08,205486.0
795,85.0,2008-12-09,89622.0
796,85.0,2008-12-10,119700.0
797,85.0,2008-12-11,84544.0
798,85.0,2008-12-12,89466.0
799,85.0,2008-12-14,23802.0
800,85.0,2008-12-15,5185.0
801,85.0,2008-12-16,88586.0
802,85.0,2008-12-17,67939.0
803,85.0,2008-12-18,157569.0
804,85.0,2008-12-19,44229.0
805,85.0,2008-12-21,9046.0
806,85.0,2008-12-22,2696.0
807,85.0,2008-12-23,80812.0
808,85.0,2008-12-24,21919.0
809,85.0,2008-12-25,153714.0
810,85.0,2008-12-26,46692.0
811,85.0,2008-12-27,724.0
812,85.0,2008-12-28,11943.0
813,85.0,2008-12-29,160070.0
814,85.0,2008-12-30,91282.0
815,85.0,2008-12-31,77939.0
816,85.0,2009-01-01,740.0
817,85.0,2009-01-02,62913.0
818,85.0,2009-01-04,67479.0
819,85.0,2009-01-05,14141.0
820,85.0,2009-01-06,86377.0
821,85.0,2009-01-07,61751.0
822,85.0,2009-01-08,91335.0
823,85.0,2009-01-09,8692.0
824,85.0,2009-01-10,1950.0
825,85.0,2009-03-13,1030.0
826,85.0,2009-03-14,198175.0
827,85.0,2009-03-16,1858.0
828,85.0,2009-03-17,92189.0
829,85.0,2009-03-18,2420.0
830,85.0,2009-03-20,410.0
831,85.0,2009-03-21,153247.0
832,85.0,2009-03-22,47992.0
833,85.0,2009-03-23,224783.0
834,85.0,2009-03-24,102063.0
835,85.0,2009-03-26,151332.0
836,85.0,2009-03-27,2725.0
837,85.0,2009-03-29,142134.0
838,85.0,2009-03-31,227677.0
839,85.0,2009-04-01,88212.0
840,85.0,2009-04-02,134876.0
841,85.0,2009-04-03,86542.0
842,85.0,2009-04-04,87452.0
843,85.0,2009-04-05,14048.0
844,85.0,2009-04-06,153214.0
845,85.0,2009-04-07,86812.0
846,85.0,2009-04-08,185816.0
847,85.0,2009-04-09,96837.0
848,85.0,2009-04-10,2530.0
849,85.0,2009-04-11,14570.0
850,85.0,2009-04-12,317975.0
851,85.0,2009-04-13,161155.0
852,85.0,2009-04-14,47700.0
853,85.0,2009-04-15,95401.0
854,85.0,2009-04-16,51598.0
855,85.0,2009-04-18,213072.0
856,85.0,2009-04-19,2065.0
857,85.0,2009-04-20,105802.0
858,85.0,2009-04-21,175252.0
859,85.0,2009-04-22,87222.0
860,85.0,2009-04-24,2650.0
861,85.0,2009-04-25,2215.0
862,85.0,2009-04-26,2475.0
863,85.0,2009-04-27,87257.0
864,85.0,2009-04-28,88602.0
865,85.0,2009-04-29,134888.0
866,85.0,2009-05-02,2628.0
867,85.0,2009-05-03,21788.0
868,85.0,2009-05-04,88699.0
869,85.0,2009-05-06,76364.0
870,85.0,2009-05-07,51479.0
871,85.0,2009-05-08,2534.0
872,85.0,2009-05-09,1566.0
873,85.0,2009-05-10,2250.0
874,85.0,2009-05-12,47060.0
875,85.0,2009-05-14,2235.0
876,85.0,2009-05-15,1355.0
877,85.0,2009-05-16,16850.0
878,85.0,2009-05-17,68535.0
879,85.0,2009-05-19,83083.0
880,85.0,2009-05-20,18382.0
881,85.0,2009-05-21,39521.0
882,85.0,2009-05-22,47756.0
883,85.0,2009-05-23,38375.0
884,85.0,2009-05-24,3794.0
885,85.0,2009-06-11,19896.0
886,85.0,2009-06-13,4931.0
887,85.0,2009-06-14,40838.0
888,85.0,2009-06-15,16651.0
889,85.0,2009-06-17,1165.0
890,85.0,2009-06-18,6525.0
891,85.0,2009-06-19,34101.0
892,85.0,2009-06-20,29373.0
893,85.0,2009-06-22,61841.0
894,85.0,2009-06-23,177261.0
895,85.0,2009-06-24,120836.0
896,85.0,2009-06-25,460.0
897,85.0,2009-06-26,33156.0
898,85.0,2009-06-27,114663.0
899,85.0,2009-06-28,91650.0
900,85.0,2009-06-29,63508.0
901,85.0,2009-07-01,67081.0
902,85.0,2009-07-02,1090.0
903,85.0,2009-07-03,54451.0
904,85.0,2009-07-04,91290.0
905,85.0,2009-07-05,216659.0
906,85.0,2009-07-06,183218.0
907,85.0,2009-07-07,88077.0
908,85.0,2009-07-08,2160.0
909,85.0,2009-07-28,2970.0
910,85.0,2009-07-29,87997.0
911,85.0,2009-07-31,5756.0
912,85.0,2009-08-03,93904.0
913,85.0,2009-08-06,4361.0
914,85.0,2009-08-08,37954.0
915,85.0,2009-08-10,1684.0
916,85.0,2009-08-11,39613.0
917,85.0,2009-08-12,85034.0
918,85.0,2009-08-13,1820.0
919,85.0,2009-08-15,4918.0
920,85.0,2009-08-19,14179.0
921,85.0,2009-08-20,3503.0
922,85.0,2009-08-21,4838.0
923,85.0,2009-08-23,617.0
924,85.0,2009-08-24,43428.0
925,85.0,2009-08-25,2558.0
926,85.0,2009-08-26,103264.0
927,85.0,2009-08-27,96074.0
928,85.0,2009-08-28,91025.0
929,85.0,2009-08-31,169809.0
930,85.0,2009-09-01,79303.0
931,85.0,2009-09-02,31075.0
932,85.0,2009-09-03,914.0
933,85.0,2009-09-04,235463.0
934,85.0,2009-09-07,91493.0
935,85.0,2009-09-08,82777.0
936,85.0,2009-09-09,103174.0
937,85.0,2009-09-10,77267.0
938,85.0,2009-09-11,73639.0
939,85.0,2009-09-12,5100.0
940,85.0,2009-09-13,1926.0
941,85.0,2009-09-14,171603.0
942,85.0,2009-09-15,132077.0
943,85.0,2009-09-16,107559.0
944,85.0,2009-09-17,142345.0
945,85.0,2009-09-18,256789.0
946,85.0,2009-09-20,922.0
947,85.0,2009-09-21,85328.0
948,85.0,2009-09-22,79879.0
949,85.0,2009-09-23,102335.0
950,85.0,2009-09-24,76250.0
951,85.0,2009-09-25,37051.0
952,85.0,2009-09-27,80892.0
953,85.0,2009-09-28,75309.0
954,86.0,2007-04-30,14922.0
955,86.0,2007-05-04,411.0
956,86.0,2007-05-05,423.0
957,86.0,2007-05-06,541.0
958,86.0,2007-05-07,461.0
959,87.0,2007-08-15,685.0
960,87.0,2007-08-16,662.0
961,89.0,2008-04-28,184.0
962,89.0,2008-04-30,87981.0
963,89.0,2008-05-01,87583.0
964,89.0,2008-05-02,784.0
965,89.0,2008-05-03,87675.0
966,89.0,2008-05-05,86467.0
967,89.0,2008-05-06,33298.0
968,89.0,2008-05-07,87778.0
969,89.0,2008-05-08,2034.0
970,89.0,2008-05-09,86664.0
971,89.0,2008-05-10,2266.0
972,89.0,2008-05-11,106564.0
973,89.0,2008-05-17,87592.0
974,89.0,2008-05-18,87193.0
975,89.0,2008-08-01,3688.0
976,91.0,2007-11-26,87481.0
977,92.0,2008-03-22,16301.0
978,92.0,2008-03-24,57959.0
979,92.0,2008-05-17,375.0
980,96.0,2008-07-10,4869.0
981,96.0,2008-07-12,3112.0
982,96.0,2008-07-18,1656.0
983,96.0,2008-07-19,556013.0
984,96.0,2008-07-20,88451.0
985,96.0,2008-07-21,4569.0
986,96.0,2008-07-22,768.0
987,96.0,2008-07-23,5550.0
988,96.0,2008-07-25,64.0
989,96.0,2008-07-28,160.0
990,96.0,2008-07-30,12905.0
991,96.0,2008-07-31,162596.0
992,96.0,2008-08-05,50003.0
993,96.0,2008-08-06,64.0
994,96.0,2008-08-11,66.0
995,96.0,2008-08-13,32945.0
996,96.0,2008-08-14,89.0
997,96.0,2008-08-15,72.0
998,96.0,2008-08-22,62.0
999,96.0,2008-12-10,90.0
1000,97.0,2007-06-14,2183.0
1001,97.0,2007-06-15,486.0
1002,97.0,2007-06-24,384.0
1003,98.0,2007-05-29,1151.0
1004,98.0,2007-05-31,629.0
1005,98.0,2007-06-02,87214.0
1006,98.0,2007-06-04,1544.0
1007,101.0,2008-03-30,17283.0
1008,101.0,2008-06-29,2129.0
1009,102.0,2011-10-19,2485.0
1010,102.0,2011-10-21,755.0
1011,102.0,2011-10-23,26976.0
1012,102.0,2011-11-03,4369.0
1013,102.0,2011-11-05,1360.0
1014,102.0,2011-11-08,145.0
1015,102.0,2011-11-09,565.0
1016,102.0,2011-11-12,110.0
1017,102.0,2011-11-14,2608.0
1018,102.0,2011-11-15,1300.0
1019,102.0,2011-12-07,325.0
1020,102.0,2011-12-19,680.0
1021,102.0,2011-12-26,1690.0
1022,102.0,2011-12-27,1580.0
1023,102.0,2011-12-30,87697.0
1024,102.0,2011-12-31,26152.0
1025,104.0,2008-01-01,939.0
1026,104.0,2008-03-28,577.0
1027,105.0,2007-10-02,1028.0
1028,105.0,2007-10-03,36802.0
1029,105.0,2007-10-05,19500.0
1030,105.0,2007-10-07,11371.0
1031,105.0,2007-10-09,4931.0
1032,105.0,2007-10-10,16405.0
1033,106.0,2007-10-08,76231.0
1034,106.0,2007-10-09,33907.0
1035,106.0,2007-10-10,363.0
1036,108.0,2007-10-04,680.0
1037,110.0,2008-01-18,2811.0
1038,111.0,2007-04-19,589.0
1039,111.0,2007-04-21,1361.0
1040,111.0,2007-06-16,14467.0
1041,111.0,2007-06-17,25278.0
1042,111.0,2007-09-07,7934.0
1043,112.0,2008-02-25,105.0
1044,112.0,2008-05-10,87078.0
1045,112.0,2008-05-16,874.0
1046,112.0,2008-05-17,3221.0
1047,112.0,2008-05-18,3870.0
1048,112.0,2008-05-19,618.0
1049,112.0,2008-05-21,744.0
1050,112.0,2008-05-22,168.0
1051,112.0,2008-05-23,712.0
1052,112.0,2008-05-24,141676.0
1053,112.0,2008-05-25,1176.0
1054,112.0,2008-05-26,675.0
1055,112.0,2008-05-27,38330.0
1056,112.0,2008-05-28,644.0
1057,112.0,2008-05-29,1019.0
1058,112.0,2008-05-30,122104.0
1059,112.0,2008-05-31,47842.0
1060,112.0,2008-06-01,40258.0
1061,112.0,2008-06-02,932.0
1062,112.0,2008-06-03,50994.0
1063,112.0,2008-06-04,808.0
1064,112.0,2008-06-05,55658.0
1065,112.0,2008-06-06,57850.0
1066,112.0,2008-06-07,52359.0
1067,112.0,2008-06-08,31025.0
1068,112.0,2008-06-09,48854.0
1069,112.0,2008-06-10,48755.0
1070,112.0,2008-06-11,54029.0
1071,112.0,2008-06-12,61193.0
1072,112.0,2008-06-13,610.0
1073,112.0,2008-06-14,207.0
1074,112.0,2008-06-15,76531.0
1075,112.0,2008-06-16,691.0
1076,112.0,2008-06-17,51432.0
1077,112.0,2008-06-18,47277.0
1078,112.0,2008-06-19,25714.0
1079,112.0,2008-06-20,1156.0
1080,112.0,2008-06-21,53768.0
1081,112.0,2008-06-22,1590.0
1082,112.0,2008-06-25,58352.0
1083,112.0,2008-06-26,49989.0
1084,112.0,2008-06-27,36872.0
1085,112.0,2008-06-28,24764.0
1086,112.0,2008-06-29,58373.0
1087,112.0,2008-06-30,810.0
1088,112.0,2008-07-01,73861.0
1089,112.0,2008-07-02,51778.0
1090,112.0,2008-07-03,49571.0
1091,112.0,2008-07-04,55018.0
1092,112.0,2008-07-05,41131.0
1093,112.0,2008-07-06,34999.0
1094,112.0,2008-07-07,50872.0
1095,112.0,2008-07-08,565.0
1096,112.0,2008-07-09,689.0
1097,112.0,2008-07-10,686.0
1098,112.0,2008-07-11,833.0
1099,112.0,2008-07-13,81580.0
1100,112.0,2008-07-16,33800.0
1101,112.0,2008-07-17,567.0
1102,112.0,2008-07-18,953.0
1103,115.0,2007-05-10,180.0
1104,115.0,2007-05-13,472.0
1105,115.0,2007-05-14,445.0
1106,115.0,2007-05-15,445.0
1107,115.0,2007-05-16,1892.0
1108,115.0,2007-05-18,677.0
1109,115.0,2007-05-19,4200.0
1110,115.0,2007-05-21,2551.0
1111,115.0,2007-05-22,42619.0
1112,115.0,2007-05-23,141.0
1113,115.0,2007-09-08,900.0
1114,115.0,2008-04-16,145.0
1115,115.0,2008-04-17,1914.0
1116,115.0,2008-04-29,1317.0
1117,115.0,2008-04-30,88783.0
1118,115.0,2008-05-01,128197.0
1119,115.0,2008-05-04,87047.0
1120,115.0,2008-05-05,86398.0
1121,115.0,2008-05-06,87970.0
1122,115.0,2008-05-07,134704.0
1123,115.0,2008-05-08,172468.0
1124,115.0,2008-05-09,215.0
1125,115.0,2008-05-12,87942.0
1126,115.0,2008-05-13,222153.0
1127,115.0,2008-05-14,172147.0
1128,115.0,2008-05-15,49331.0
1129,115.0,2008-05-16,1862.0
1130,115.0,2008-05-20,3668.0
1131,115.0,2008-05-21,86398.0
1132,115.0,2008-05-22,87552.0
1133,115.0,2008-05-23,2149.0
1134,115.0,2008-05-25,2674.0
1135,115.0,2008-05-26,86843.0
1136,115.0,2008-05-27,3377.0
1137,115.0,2008-05-28,53365.0
1138,115.0,2008-05-29,86360.0
1139,115.0,2008-05-30,37348.0
1140,115.0,2008-06-01,3392.0
1141,115.0,2008-06-02,86359.0
1142,115.0,2008-06-03,87150.0
1143,115.0,2008-06-04,84864.0
1144,115.0,2008-06-05,89510.0
1145,115.0,2008-06-06,86872.0
1146,115.0,2008-06-09,3306.0
1147,115.0,2008-06-10,36075.0
1148,115.0,2008-06-11,132948.0
1149,115.0,2008-06-12,21149.0
1150,115.0,2008-06-15,3772.0
1151,115.0,2008-06-16,165.0
1152,115.0,2008-06-17,45572.0
1153,115.0,2008-06-18,133897.0
1154,115.0,2008-06-19,132473.0
1155,115.0,2008-06-20,4138.0
1156,115.0,2008-06-22,3099.0
1157,115.0,2008-06-23,13754.0
1158,115.0,2008-06-24,135131.0
1159,115.0,2008-06-25,3493.0
1160,115.0,2008-06-26,78658.0
1161,115.0,2008-06-27,828.0
1162,115.0,2008-06-28,9062.0
1163,115.0,2008-06-29,2641.0
1164,115.0,2008-06-30,134495.0
1165,115.0,2008-07-01,74149.0
1166,115.0,2008-07-02,40208.0
1167,115.0,2008-07-04,87172.0
1168,115.0,2008-07-06,3357.0
1169,115.0,2008-07-07,85651.0
1170,115.0,2008-07-22,1245.0
1171,115.0,2008-07-23,87802.0
1172,117.0,2007-06-21,297.0
1173,117.0,2007-06-22,447.0
1174,117.0,2007-06-25,469.0
1175,117.0,2007-06-27,959.0
1176,117.0,2007-06-29,818.0
1177,117.0,2007-07-04,33988.0
1178,125.0,2008-05-10,1506.0
1179,125.0,2008-05-11,490.0
1180,125.0,2008-05-23,231901.0
1181,125.0,2008-05-24,4782.0
1182,125.0,2008-05-30,5399.0
1183,125.0,2008-05-31,2893.0
1184,125.0,2008-06-05,502.0
1185,125.0,2008-06-07,24276.0
1186,125.0,2008-06-20,87173.0
1187,125.0,2008-06-21,52779.0
1188,125.0,2008-06-22,653.0
1189,125.0,2008-08-20,160002.0
1190,125.0,2008-08-23,87862.0
1191,125.0,2008-08-24,110541.0
1192,125.0,2008-08-27,88497.0
1193,125.0,2008-08-28,88037.0
1194,125.0,2008-09-02,855.0
1195,125.0,2008-09-03,109053.0
1196,125.0,2008-09-06,1940.0
1197,125.0,2008-09-09,112629.0
1198,125.0,2008-09-12,214413.0
1199,125.0,2008-09-13,120357.0
1200,125.0,2008-09-16,89612.0
1201,125.0,2008-09-17,3615.0
1202,125.0,2008-09-20,191162.0
1203,125.0,2008-09-21,88127.0
1204,125.0,2008-09-25,1340.0
1205,125.0,2008-10-06,96270.0
1206,125.0,2008-10-11,86660.0
1207,126.0,2008-04-22,2971.0
1208,126.0,2008-04-26,106388.0
1209,126.0,2008-04-27,95532.0
1210,126.0,2008-05-01,94.0
1211,126.0,2008-05-02,419.0
1212,126.0,2008-05-03,91283.0
1213,126.0,2008-05-10,110812.0
1214,126.0,2008-05-11,201987.0
1215,126.0,2008-05-16,3466.0
1216,126.0,2008-05-17,100383.0
1217,126.0,2008-05-18,228198.0
1218,126.0,2008-05-21,553267.0
1219,126.0,2008-05-23,383612.0
1220,126.0,2008-05-28,110812.0
1221,126.0,2008-05-29,86724.0
1222,126.0,2008-05-31,118166.0
1223,126.0,2008-06-01,187187.0
1224,126.0,2008-06-02,161044.0
1225,126.0,2008-06-03,986.0
1226,126.0,2008-06-05,195599.0
1227,126.0,2008-06-06,594.0
1228,126.0,2008-06-07,184009.0
1229,126.0,2008-06-08,113473.0
1230,126.0,2008-06-09,127687.0
1231,126.0,2008-06-14,165803.0
1232,126.0,2008-06-15,1830.0
1233,126.0,2008-06-20,1273501.0
1234,126.0,2008-06-21,435708.0
1235,126.0,2008-06-22,556135.0
1236,126.0,2008-06-28,88474.0
1237,126.0,2008-06-29,3541.0
1238,126.0,2008-07-06,113946.0
1239,126.0,2008-07-12,219686.0
1240,126.0,2008-07-13,87009.0
1241,126.0,2008-07-14,2968.0
1242,126.0,2008-07-16,8253.0
1243,126.0,2008-07-18,173063.0
1244,126.0,2008-07-19,174204.0
1245,126.0,2008-07-23,38137.0
1246,126.0,2008-07-24,17693.0
1247,126.0,2008-07-25,90916.0
1248,126.0,2008-07-26,5895.0
1249,126.0,2008-07-27,374849.0
1250,126.0,2008-07-29,101237.0
1251,126.0,2008-07-31,87327.0
1252,126.0,2008-08-02,67270.0
1253,126.0,2008-08-03,69367.0
1254,126.0,2008-08-07,1756.0
1255,126.0,2008-08-08,17245.0
1256,126.0,2008-08-09,933636.0
1257,126.0,2008-08-10,771902.0
1258,126.0,2008-08-11,121885.0
1259,126.0,2008-08-12,11803.0
1260,126.0,2008-08-16,55496.0
1261,126.0,2008-08-17,355480.0
1262,126.0,2008-09-04,15134.0
1263,126.0,2008-09-08,284.0
1264,126.0,2008-09-12,43508.0
1265,126.0,2008-09-13,32948.0
1266,126.0,2008-09-15,95273.0
1267,126.0,2008-09-23,466.0
1268,126.0,2008-09-29,166321.0
1269,126.0,2008-09-30,246640.0
1270,126.0,2008-10-01,86972.0
1271,126.0,2008-10-02,56371.0
1272,126.0,2008-10-11,9634.0
1273,126.0,2008-10-12,202480.0
1274,126.0,2008-10-13,88235.0
1275,126.0,2008-10-15,90.0
1276,126.0,2008-10-20,86482.0
1277,126.0,2008-11-24,42.0
1278,126.0,2008-11-26,3144.0
1279,126.0,2008-11-27,138.0
1280,126.0,2008-11-29,111742.0
1281,126.0,2008-12-01,98.0
1282,126.0,2008-12-04,42.0
1283,126.0,2008-12-08,1697.0
1284,126.0,2008-12-13,25238.0
1285,128.0,2007-04-14,45211.0
1286,128.0,2007-04-15,655.0
1287,128.0,2007-04-16,748.0
1288,128.0,2007-04-18,1001.0
1289,128.0,2007-04-19,43319.0
1290,128.0,2007-04-20,52585.0
1291,128.0,2007-04-21,40743.0
1292,128.0,2007-05-05,2486.0
1293,128.0,2007-05-06,4084.0
1294,128.0,2007-05-08,649.0
1295,128.0,2007-05-27,87027.0
1296,128.0,2007-05-29,49793.0
1297,128.0,2007-05-30,394.0
1298,128.0,2007-05-31,1226.0
1299,128.0,2007-06-01,2361.0
1300,128.0,2007-06-04,541.0
1301,128.0,2007-06-20,3042.0
1302,128.0,2007-06-21,102114.0
1303,128.0,2007-06-25,416.0
1304,128.0,2007-06-26,48563.0
1305,128.0,2007-06-27,536.0
1306,128.0,2007-06-28,601.0
1307,128.0,2007-06-29,624.0
1308,128.0,2007-07-01,22580.0
1309,128.0,2007-07-02,45276.0
1310,128.0,2007-07-03,543.0
1311,128.0,2007-07-07,728.0
1312,128.0,2007-07-08,623.0
1313,128.0,2008-05-01,193253.0
1314,128.0,2008-05-03,2526.0
1315,128.0,2008-05-04,6409.0
1316,128.0,2008-05-06,3602.0
1317,128.0,2008-05-09,2514.0
1318,128.0,2008-05-10,132595.0
1319,128.0,2008-05-12,5648.0
1320,128.0,2008-05-13,2231.0
1321,128.0,2008-05-14,5405.0
1322,128.0,2008-05-15,7451.0
1323,128.0,2008-05-16,117676.0
1324,128.0,2008-05-17,45078.0
1325,128.0,2008-05-18,15094.0
1326,128.0,2008-05-23,1140.0
1327,128.0,2008-06-06,5494.0
1328,128.0,2008-06-07,2474.0
1329,128.0,2008-06-10,4061.0
1330,128.0,2008-06-11,2294.0
1331,128.0,2008-06-27,2383.0
1332,128.0,2008-06-29,2404.0
1333,128.0,2008-06-30,1621.0
1334,128.0,2008-07-01,4465.0
1335,128.0,2008-07-02,86405.0
1336,128.0,2008-07-03,10408.0
1337,128.0,2008-07-04,88124.0
1338,128.0,2008-07-05,86465.0
1339,128.0,2008-07-06,28690.0
1340,128.0,2008-07-07,109548.0
1341,128.0,2008-07-08,11682.0
1342,128.0,2008-07-09,2542.0
1343,128.0,2008-07-10,39556.0
1344,128.0,2008-07-11,92680.0
1345,128.0,2008-07-12,118337.0
1346,128.0,2008-07-13,105575.0
1347,128.0,2008-07-17,1839.0
1348,128.0,2008-07-18,126637.0
1349,128.0,2008-07-19,10659.0
1350,128.0,2008-07-27,2667.0
1351,128.0,2008-07-28,1529.0
1352,128.0,2008-07-29,6518.0
1353,128.0,2008-07-30,2039.0
1354,128.0,2008-07-31,1420.0
1355,128.0,2008-08-01,1995.0
1356,128.0,2008-08-05,7369.0
1357,128.0,2008-08-06,1640.0
1358,128.0,2008-08-07,40204.0
1359,128.0,2008-08-08,2357.0
1360,128.0,2008-08-09,11796.0
1361,128.0,2008-08-11,1697.0
1362,128.0,2008-08-12,131897.0
1363,128.0,2008-08-13,2980.0
1364,128.0,2008-08-15,31834.0
1365,128.0,2008-08-17,5190.0
1366,128.0,2008-08-18,1281.0
1367,128.0,2008-08-21,2245.0
1368,128.0,2008-08-22,46641.0
1369,128.0,2008-08-23,29252.0
1370,128.0,2008-08-24,2840.0
1371,128.0,2008-08-25,94770.0
1372,128.0,2008-08-26,517.0
1373,128.0,2008-08-27,41442.0
1374,128.0,2008-08-28,1303.0
1375,128.0,2008-08-29,34887.0
1376,128.0,2008-09-01,3648.0
1377,128.0,2008-09-02,90416.0
1378,128.0,2008-09-03,47173.0
1379,128.0,2008-09-04,88966.0
1380,128.0,2008-09-05,18695.0
1381,128.0,2008-09-06,115350.0
1382,128.0,2008-09-07,6076.0
1383,128.0,2008-09-08,5104.0
1384,128.0,2008-09-09,89643.0
1385,128.0,2008-09-10,42361.0
1386,128.0,2008-09-11,43586.0
1387,128.0,2008-09-12,37495.0
1388,128.0,2008-09-13,21810.0
1389,128.0,2008-09-14,2639.0
1390,128.0,2008-09-15,9213.0
1391,128.0,2008-09-16,45201.0
1392,128.0,2008-09-17,4407.0
1393,128.0,2008-09-18,42850.0
1394,128.0,2008-09-19,4646.0
1395,128.0,2008-09-20,15706.0
1396,128.0,2008-09-21,4879.0
1397,128.0,2008-09-22,2138.0
1398,128.0,2008-09-23,42309.0
1399,128.0,2008-09-24,208225.0
1400,128.0,2008-09-25,45139.0
1401,128.0,2008-09-26,2008.0
1402,128.0,2008-09-27,2707.0
1403,128.0,2008-09-28,1423.0
1404,128.0,2008-09-30,104684.0
1405,128.0,2008-10-01,92402.0
1406,128.0,2008-10-02,110770.0
1407,128.0,2008-10-03,101864.0
1408,128.0,2008-10-04,110927.0
1409,128.0,2008-10-05,9317.0
1410,128.0,2008-10-07,86727.0
1411,128.0,2008-10-08,39234.0
1412,128.0,2008-10-09,2579.0
1413,128.0,2008-10-10,3332.0
1414,128.0,2008-10-11,91566.0
1415,128.0,2008-10-12,45215.0
1416,128.0,2008-10-13,1371.0
1417,128.0,2008-10-14,4134.0
1418,128.0,2008-10-15,40473.0
1419,128.0,2008-10-16,2827.0
1420,128.0,2008-10-17,3811.0
1421,128.0,2008-10-19,103601.0
1422,128.0,2008-10-20,3892.0
1423,128.0,2008-10-21,37143.0
1424,128.0,2008-10-22,9614.0
1425,128.0,2008-10-23,3278.0
1426,128.0,2008-10-24,3534.0
1427,128.0,2008-10-25,87544.0
1428,128.0,2008-10-26,89544.0
1429,128.0,2008-10-27,40223.0
1430,128.0,2008-10-28,3948.0
1431,128.0,2008-10-29,25486.0
1432,128.0,2008-10-30,122177.0
1433,128.0,2008-10-31,45453.0
1434,128.0,2008-11-01,97818.0
1435,128.0,2008-11-03,3116.0
1436,128.0,2008-11-04,4329.0
1437,128.0,2008-11-05,37227.0
1438,128.0,2008-11-06,43353.0
1439,128.0,2008-11-07,2900.0
1440,128.0,2008-11-08,133480.0
1441,128.0,2008-11-10,4298.0
1442,128.0,2008-11-11,40681.0
1443,128.0,2008-11-12,38236.0
1444,128.0,2008-11-13,42086.0
1445,128.0,2008-11-14,128228.0
1446,128.0,2008-11-15,98711.0
1447,128.0,2008-11-16,118532.0
1448,128.0,2008-11-17,2328.0
1449,128.0,2008-11-18,1355.0
1450,128.0,2008-11-19,88686.0
1451,128.0,2008-11-20,25888.0
1452,128.0,2008-11-21,1788.0
1453,128.0,2008-11-22,219024.0
1454,128.0,2008-11-23,5326.0
1455,128.0,2008-11-24,155960.0
1456,128.0,2008-11-25,86438.0
1457,128.0,2008-11-26,43874.0
1458,128.0,2008-11-27,41431.0
1459,128.0,2008-11-28,145922.0
1460,128.0,2008-11-29,117823.0
1461,128.0,2008-11-30,4510.0
1462,128.0,2008-12-01,5943.0
1463,128.0,2008-12-02,135782.0
1464,128.0,2008-12-03,88442.0
1465,128.0,2008-12-04,3274.0
1466,128.0,2008-12-05,2963.0
1467,128.0,2008-12-06,86852.0
1468,128.0,2008-12-07,32530.0
1469,128.0,2008-12-08,44733.0
1470,128.0,2008-12-09,3325.0
1471,128.0,2008-12-10,44914.0
1472,128.0,2008-12-11,41590.0
1473,128.0,2008-12-12,40017.0
1474,128.0,2008-12-13,13903.0
1475,128.0,2008-12-14,94069.0
1476,128.0,2008-12-15,6315.0
1477,128.0,2008-12-16,3626.0
1478,128.0,2008-12-17,42775.0
1479,128.0,2008-12-18,125028.0
1480,128.0,2008-12-19,1217.0
1481,128.0,2008-12-21,19918.0
1482,128.0,2008-12-22,37539.0
1483,128.0,2008-12-23,1244.0
1484,128.0,2008-12-24,38165.0
1485,128.0,2008-12-25,12763.0
1486,128.0,2008-12-26,40134.0
1487,128.0,2008-12-27,24270.0
1488,128.0,2008-12-29,4261.0
1489,128.0,2008-12-30,4014.0
1490,128.0,2008-12-31,121036.0
1491,128.0,2009-01-01,20549.0
1492,128.0,2009-01-02,43303.0
1493,128.0,2009-01-03,99070.0
1494,128.0,2009-01-04,42872.0
1495,128.0,2009-01-05,42725.0
1496,128.0,2009-01-06,88802.0
1497,128.0,2009-01-07,5097.0
1498,128.0,2009-01-08,42801.0
1499,128.0,2009-01-09,104562.0
1500,128.0,2009-01-12,1275.0
1501,128.0,2009-01-13,89416.0
1502,128.0,2009-01-14,1423.0
1503,128.0,2009-01-15,132240.0
1504,128.0,2009-01-16,41193.0
1505,128.0,2009-01-17,182313.0
1506,128.0,2009-01-18,46589.0
1507,128.0,2009-01-19,119746.0
1508,128.0,2009-01-20,20194.0
1509,128.0,2009-01-28,190448.0
1510,128.0,2009-02-01,124188.0
1511,128.0,2009-02-02,44145.0
1512,128.0,2009-02-04,22814.0
1513,128.0,2009-02-05,3500.0
1514,128.0,2009-02-06,40463.0
1515,128.0,2009-02-08,19269.0
1516,128.0,2009-02-09,2585.0
1517,128.0,2009-02-10,47271.0
1518,128.0,2009-02-11,57709.0
1519,128.0,2009-02-12,37811.0
1520,128.0,2009-02-13,52658.0
1521,128.0,2009-02-14,21286.0
1522,128.0,2009-02-16,4272.0
1523,128.0,2009-02-17,43781.0
1524,128.0,2009-02-18,43512.0
1525,128.0,2009-02-19,47299.0
1526,128.0,2009-02-20,118223.0
1527,128.0,2009-02-21,29921.0
1528,128.0,2009-02-22,94570.0
1529,128.0,2009-02-23,692.0
1530,128.0,2009-02-27,23843.0
1531,128.0,2009-02-28,94994.0
1532,128.0,2009-03-01,164754.0
1533,128.0,2009-03-02,11221.0
1534,128.0,2009-03-03,5431.0
1535,128.0,2009-03-04,567.0
1536,128.0,2009-03-05,175617.0
1537,128.0,2009-03-07,16473.0
1538,128.0,2009-03-09,15462.0
1539,128.0,2009-03-10,126633.0
1540,128.0,2009-03-11,9675.0
1541,128.0,2009-03-12,3138.0
1542,128.0,2009-03-13,1069.0
1543,128.0,2009-03-14,19130.0
1544,128.0,2009-03-15,21887.0
1545,128.0,2009-03-16,4204.0
1546,128.0,2009-03-17,82417.0
1547,128.0,2009-03-18,97899.0
1548,128.0,2009-03-19,12942.0
1549,128.0,2009-03-20,5673.0
1550,128.0,2009-03-21,21736.0
1551,128.0,2009-03-22,130913.0
1552,128.0,2009-03-23,4824.0
1553,128.0,2009-03-24,49476.0
1554,128.0,2009-03-26,7168.0
1555,128.0,2009-03-27,972.0
1556,128.0,2009-03-28,191869.0
1557,128.0,2009-03-29,103439.0
1558,128.0,2009-03-30,45220.0
1559,128.0,2009-03-31,1916.0
1560,128.0,2009-04-01,44741.0
1561,128.0,2009-04-02,3425.0
1562,128.0,2009-04-03,1681.0
1563,128.0,2009-04-04,26455.0
1564,128.0,2009-04-06,51798.0
1565,128.0,2009-04-07,633.0
1566,128.0,2009-04-08,2189.0
1567,128.0,2009-04-09,9270.0
1568,128.0,2009-04-10,88658.0
1569,128.0,2009-04-11,32009.0
1570,128.0,2009-04-12,1611.0
1571,128.0,2009-04-13,49582.0
1572,128.0,2009-04-14,6119.0
1573,128.0,2009-04-15,3570.0
1574,128.0,2009-04-16,43271.0
1575,128.0,2009-04-17,112791.0
1576,128.0,2009-04-18,5159.0
1577,128.0,2009-04-19,31752.0
1578,128.0,2009-04-20,2756.0
1579,128.0,2009-04-21,1149.0
1580,128.0,2009-04-22,191025.0
1581,128.0,2009-04-23,2315.0
1582,128.0,2009-04-24,4028.0
1583,128.0,2009-04-27,35015.0
1584,128.0,2009-04-28,87569.0
1585,128.0,2009-04-29,11099.0
1586,128.0,2009-04-30,31572.0
1587,128.0,2009-05-01,42235.0
1588,128.0,2009-05-02,9593.0
1589,128.0,2009-05-03,30997.0
1590,128.0,2009-05-04,2449.0
1591,128.0,2009-05-05,2738.0
1592,128.0,2009-05-06,3640.0
1593,128.0,2009-05-07,88521.0
1594,128.0,2009-05-08,51.0
1595,128.0,2009-05-09,5727.0
1596,128.0,2009-05-10,136724.0
1597,128.0,2009-05-11,2356.0
1598,128.0,2009-05-12,4280.0
1599,128.0,2009-05-13,6612.0
1600,128.0,2009-05-14,4391.0
1601,128.0,2009-05-15,3045.0
1602,128.0,2009-05-17,108699.0
1603,128.0,2009-05-18,35209.0
1604,128.0,2009-05-19,2934.0
1605,128.0,2009-05-20,88485.0
1606,128.0,2009-05-21,4399.0
1607,128.0,2009-05-22,3925.0
1608,128.0,2009-05-24,1919.0
1609,128.0,2009-05-25,1963.0
1610,128.0,2009-05-26,34965.0
1611,128.0,2009-05-27,26163.0
1612,128.0,2009-05-29,28134.0
1613,128.0,2009-05-31,2047.0
1614,128.0,2009-06-01,2588.0
1615,128.0,2009-06-02,3036.0
1616,128.0,2009-06-03,9776.0
1617,128.0,2009-06-04,5276.0
1618,128.0,2009-06-05,88425.0
1619,128.0,2009-06-06,23527.0
1620,128.0,2009-06-07,1625.0
1621,129.0,2008-06-27,16911.0
1622,138.0,2007-05-25,1943.0
1623,138.0,2007-05-26,14622.0
1624,138.0,2007-06-12,937.0
1625,138.0,2007-06-21,11658.0
1626,138.0,2007-06-27,4229.0
1627,139.0,2007-09-03,662.0
1628,139.0,2007-09-04,21589.0
1629,139.0,2007-09-05,699.0
1630,139.0,2007-10-04,680.0
1631,141.0,2011-08-29,92534.0
1632,141.0,2011-08-30,129081.0
1633,141.0,2011-08-31,173230.0
1634,141.0,2011-09-02,870583.0
1635,141.0,2011-09-03,875566.0
1636,141.0,2011-09-05,348064.0
1637,141.0,2011-09-09,614943.0
1638,141.0,2011-09-10,1660006.0
1639,141.0,2011-09-11,174753.0
1640,141.0,2011-09-17,260660.0
1641,141.0,2011-09-18,957863.0
1642,141.0,2011-09-19,605842.0
1643,141.0,2011-09-23,261975.0
1644,141.0,2011-09-24,266851.0
1645,141.0,2011-09-25,968861.0
1646,141.0,2011-09-26,347047.0
1647,141.0,2011-09-29,179637.0
1648,141.0,2011-10-08,2458766.0
1649,141.0,2011-10-09,1027302.0
1650,141.0,2011-10-10,829517.0
1651,141.0,2011-10-11,424273.0
1652,141.0,2011-10-12,1892.0
1653,141.0,2011-10-13,87658.0
1654,141.0,2011-10-14,88620.0
1655,141.0,2011-10-22,3124034.0
1656,141.0,2011-10-23,2349321.0
1657,144.0,2008-05-01,2811.0
1658,144.0,2008-05-02,173583.0
1659,144.0,2008-05-03,26788.0
1660,144.0,2008-05-10,2266.0
1661,144.0,2008-05-11,105688.0
1662,144.0,2008-05-17,351717.0
1663,144.0,2008-05-18,177446.0
1664,144.0,2008-05-20,353.0
1665,153.0,2007-07-25,21792.0
1666,153.0,2007-07-26,8671.0
1667,153.0,2007-07-28,306.0
1668,153.0,2008-05-01,245870.0
1669,153.0,2008-05-02,32985.0
1670,153.0,2008-05-04,5734.0
1671,153.0,2008-05-05,22337.0
1672,153.0,2008-05-06,1094.0
1673,153.0,2008-05-09,514484.0
1674,153.0,2008-05-10,231581.0
1675,153.0,2008-05-11,5229.0
1676,153.0,2008-05-12,86684.0
1677,153.0,2008-05-13,98164.0
1678,153.0,2008-05-14,185230.0
1679,153.0,2008-05-15,78009.0
1680,153.0,2008-05-16,267873.0
1681,153.0,2008-05-17,54971.0
1682,153.0,2008-05-19,81718.0
1683,153.0,2008-05-20,37719.0
1684,153.0,2008-05-21,37321.0
1685,153.0,2008-05-22,8760.0
1686,153.0,2008-05-23,51148.0
1687,153.0,2008-05-24,108704.0
1688,153.0,2008-05-26,38420.0
1689,153.0,2008-05-27,82157.0
1690,153.0,2008-05-28,40767.0
1691,153.0,2008-05-29,1641.0
1692,153.0,2008-05-30,67413.0
1693,153.0,2008-06-01,190751.0
1694,153.0,2008-06-02,73680.0
1695,153.0,2008-06-03,48462.0
1696,153.0,2008-06-04,70665.0
1697,153.0,2008-06-05,36730.0
1698,153.0,2008-06-06,98319.0
1699,153.0,2008-06-07,103793.0
1700,153.0,2008-06-08,121547.0
1701,153.0,2008-06-10,70995.0
1702,153.0,2008-06-11,37019.0
1703,153.0,2008-06-12,37258.0
1704,153.0,2008-06-13,48625.0
1705,153.0,2008-06-14,64165.0
1706,153.0,2008-06-15,16402.0
1707,153.0,2008-06-16,169902.0
1708,153.0,2008-06-17,81783.0
1709,153.0,2008-06-18,1496.0
1710,153.0,2008-06-19,55977.0
1711,153.0,2008-06-20,180314.0
1712,153.0,2008-06-22,87469.0
1713,153.0,2008-06-23,688.0
1714,153.0,2008-06-24,1404.0
1715,153.0,2008-06-25,51506.0
1716,153.0,2008-06-26,823.0
1717,153.0,2008-06-27,50760.0
1718,153.0,2008-06-28,114198.0
1719,153.0,2008-06-30,48633.0
1720,153.0,2008-07-01,1276.0
1721,153.0,2008-07-02,79554.0
1722,153.0,2008-07-03,36753.0
1723,153.0,2008-07-04,1119.0
1724,153.0,2008-07-05,42900.0
1725,153.0,2008-07-07,33852.0
1726,153.0,2008-07-08,42210.0
1727,153.0,2008-07-09,36262.0
1728,153.0,2008-07-10,862.0
1729,153.0,2008-07-12,74583.0
1730,153.0,2008-07-13,41672.0
1731,153.0,2008-07-14,41450.0
1732,153.0,2008-07-15,160504.0
1733,153.0,2008-07-16,81794.0
1734,153.0,2008-07-17,73151.0
1735,153.0,2008-07-18,150.0
1736,153.0,2008-07-19,168690.0
1737,153.0,2008-07-20,1590.0
1738,153.0,2008-07-21,66192.0
1739,153.0,2008-07-22,134027.0
1740,153.0,2008-07-23,84841.0
1741,153.0,2008-07-24,92604.0
1742,153.0,2008-07-25,47322.0
1743,153.0,2008-07-28,62082.0
1744,153.0,2008-07-29,3453.0
1745,153.0,2008-08-01,95814.0
1746,153.0,2008-08-02,4540.0
1747,153.0,2008-08-04,63480.0
1748,153.0,2008-08-05,69553.0
1749,153.0,2008-08-07,62624.0
1750,153.0,2008-08-08,29229.0
1751,153.0,2008-08-11,61447.0
1752,153.0,2008-08-12,44131.0
1753,153.0,2008-08-14,152811.0
1754,153.0,2008-08-15,133275.0
1755,153.0,2008-08-17,151614.0
1756,153.0,2008-08-18,36550.0
1757,153.0,2008-08-19,60372.0
1758,153.0,2008-08-20,158606.0
1759,153.0,2008-08-21,171662.0
1760,153.0,2008-08-22,157000.0
1761,153.0,2008-08-23,166566.0
1762,153.0,2008-08-24,228162.0
1763,153.0,2008-08-25,73262.0
1764,153.0,2008-08-26,173758.0
1765,153.0,2008-08-27,172180.0
1766,153.0,2008-08-28,141908.0
1767,153.0,2008-08-29,366.0
1768,153.0,2008-08-31,117688.0
1769,153.0,2008-09-01,183280.0
1770,153.0,2008-09-02,192041.0
1771,153.0,2008-09-03,1783.0
1772,153.0,2008-09-20,7258.0
1773,153.0,2008-09-22,1524.0
1774,153.0,2008-09-25,674.0
1775,153.0,2008-09-26,396.0
1776,153.0,2008-09-27,133325.0
1777,153.0,2008-09-29,166140.0
1778,153.0,2008-09-30,91444.0
1779,153.0,2008-10-01,121594.0
1780,153.0,2008-10-02,46460.0
1781,153.0,2008-10-03,63592.0
1782,153.0,2008-10-04,36340.0
1783,153.0,2008-10-05,10120.0
1784,153.0,2008-10-06,38802.0
1785,153.0,2008-10-11,12208.0
1786,153.0,2008-10-12,29190.0
1787,153.0,2008-10-18,88048.0
1788,153.0,2008-10-20,136.0
1789,153.0,2008-10-21,2218.0
1790,153.0,2008-10-24,1612.0
1791,153.0,2008-10-25,35301.0
1792,153.0,2008-10-28,368.0
1793,153.0,2008-11-02,40093.0
1794,153.0,2008-11-03,1074.0
1795,153.0,2008-11-18,664.0
1796,153.0,2008-11-20,356.0
1797,153.0,2008-11-24,32315.0
1798,153.0,2008-11-25,412.0
1799,153.0,2008-11-26,112397.0
1800,153.0,2008-11-27,1647.0
1801,153.0,2008-11-28,564.0
1802,153.0,2008-11-29,93699.0
1803,153.0,2008-12-04,157.0
1804,153.0,2008-12-06,4948.0
1805,153.0,2009-02-14,152060.0
1806,153.0,2009-02-15,87362.0
1807,153.0,2009-03-07,142097.0
1808,153.0,2009-03-08,97415.0
1809,153.0,2009-03-21,21269.0
1810,153.0,2009-03-22,106361.0
1811,153.0,2009-03-28,16926.0
1812,153.0,2009-04-04,115946.0
1813,153.0,2009-04-05,224675.0
1814,153.0,2009-04-06,128637.0
1815,153.0,2009-05-23,22624.0
1816,153.0,2009-05-24,10615.0
1817,153.0,2009-05-28,215906.0
1818,153.0,2009-06-06,1562.0
1819,153.0,2009-06-07,96645.0
1820,153.0,2009-06-13,131039.0
1821,153.0,2009-06-14,27262.0
1822,153.0,2009-06-20,200941.0
1823,153.0,2009-06-21,125606.0
1824,153.0,2009-06-27,47094.0
1825,153.0,2009-06-28,88730.0
1826,153.0,2009-07-07,173325.0
1827,153.0,2009-07-11,207179.0
1828,153.0,2009-07-12,65752.0
1829,153.0,2009-07-14,107992.0
1830,153.0,2009-07-27,192341.0
1831,153.0,2009-07-29,153975.0
1832,153.0,2009-08-19,27235.0
1833,153.0,2009-08-20,41019.0
1834,153.0,2009-08-21,193231.0
1835,153.0,2009-08-22,35095.0
1836,153.0,2009-08-23,129481.0
1837,153.0,2009-08-27,192028.0
1838,153.0,2009-08-28,107659.0
1839,153.0,2009-08-29,175415.0
1840,153.0,2009-08-30,239369.0
1841,153.0,2009-09-02,135068.0
1842,153.0,2009-09-05,228475.0
1843,153.0,2009-09-06,31789.0
1844,153.0,2009-09-07,167964.0
1845,153.0,2009-09-08,133218.0
1846,153.0,2009-09-09,174039.0
1847,153.0,2009-09-10,172901.0
1848,153.0,2009-09-11,184203.0
1849,153.0,2009-09-12,30150.0
1850,153.0,2009-09-13,2552.0
1851,153.0,2009-09-14,173044.0
1852,153.0,2009-09-15,3580.0
1853,153.0,2010-06-16,917.0
1854,153.0,2010-06-17,86137.0
1855,153.0,2010-06-18,499.0
1856,153.0,2010-06-20,600.0
1857,153.0,2010-06-21,287.0
1858,153.0,2010-06-22,87324.0
1859,153.0,2010-06-24,525.0
1860,153.0,2010-06-29,60.0
1861,153.0,2010-06-30,86563.0
1862,153.0,2010-07-01,156188.0
1863,153.0,2010-07-05,245.0
1864,153.0,2010-07-06,36614.0
1865,153.0,2010-07-07,98780.0
1866,153.0,2010-07-13,449.0
1867,153.0,2010-07-14,223.0
1868,153.0,2010-11-14,443.0
1869,153.0,2010-11-16,722.0
1870,153.0,2010-11-23,857.0
1871,153.0,2010-12-02,872.0
1872,153.0,2010-12-03,561.0
1873,153.0,2010-12-05,144.0
1874,153.0,2010-12-06,74400.0
1875,153.0,2010-12-07,783.0
1876,153.0,2010-12-09,1026.0
1877,153.0,2010-12-15,639.0
1878,153.0,2010-12-16,1037.0
1879,153.0,2010-12-20,123860.0
1880,153.0,2010-12-21,799.0
1881,154.0,2007-05-01,1811.0
1882,154.0,2007-05-02,10476.0
1883,154.0,2007-05-03,755.0
1884,154.0,2007-05-05,2735.0
1885,154.0,2007-05-07,24566.0
1886,154.0,2007-05-08,1526.0
1887,154.0,2007-05-09,43107.0
1888,154.0,2007-05-10,41879.0
1889,154.0,2007-05-11,1648.0
1890,154.0,2007-05-12,37946.0
1891,154.0,2007-05-13,1039.0
1892,154.0,2007-05-14,49048.0
1893,154.0,2007-05-15,47153.0
1894,154.0,2007-05-16,1447.0
1895,154.0,2007-05-17,647.0
1896,161.0,2007-04-13,605.0
1897,161.0,2007-04-14,479.0
1898,161.0,2007-04-16,616.0
1899,161.0,2007-04-17,610.0
1900,161.0,2007-04-19,499.0
1901,161.0,2007-04-20,430.0
1902,161.0,2007-04-24,1216.0
1903,161.0,2007-04-25,463.0
1904,161.0,2007-04-27,1695.0
1905,163.0,2007-05-20,54213.0
1906,163.0,2007-06-13,331.0
1907,163.0,2007-06-14,379.0
1908,163.0,2007-06-16,7724.0
1909,163.0,2007-06-17,461.0
1910,163.0,2007-06-19,7661.0
1911,163.0,2007-07-11,523.0
1912,163.0,2007-07-13,597.0
1913,163.0,2007-07-15,7785.0
1914,163.0,2007-10-19,99827.0
1915,163.0,2007-10-29,1108.0
1916,163.0,2007-11-23,1332.0
1917,163.0,2007-11-25,93.0
1918,163.0,2007-11-28,469.0
1919,163.0,2007-12-01,713.0
1920,163.0,2008-04-05,8722.0
1921,163.0,2008-04-07,343.0
1922,163.0,2008-04-26,54.0
1923,163.0,2008-04-28,2757.0
1924,163.0,2008-04-29,241656.0
1925,163.0,2008-04-30,42608.0
1926,163.0,2008-05-01,145715.0
1927,163.0,2008-05-02,77195.0
1928,163.0,2008-05-04,114332.0
1929,163.0,2008-05-05,208631.0
1930,163.0,2008-05-06,41584.0
1931,163.0,2008-05-07,191576.0
1932,163.0,2008-05-08,2014.0
1933,163.0,2008-05-09,4298.0
1934,163.0,2008-05-10,130656.0
1935,163.0,2008-05-11,21356.0
1936,163.0,2008-05-12,2141.0
1937,163.0,2008-05-15,2722.0
1938,163.0,2008-05-16,149719.0
1939,163.0,2008-05-17,54942.0
1940,163.0,2008-05-18,2124.0
1941,163.0,2008-06-07,1579.0
1942,163.0,2008-06-08,4743.0
1943,163.0,2008-06-13,626.0
1944,163.0,2008-06-14,12763.0
1945,163.0,2008-06-15,86547.0
1946,163.0,2008-06-19,7279.0
1947,163.0,2008-06-20,161831.0
1948,163.0,2008-06-22,40564.0
1949,163.0,2008-06-27,136321.0
1950,163.0,2008-06-28,278076.0
1951,163.0,2008-06-30,133619.0
1952,163.0,2008-07-04,936.0
1953,163.0,2008-07-05,42917.0
1954,163.0,2008-07-06,1361.0
1955,163.0,2008-07-07,1488.0
1956,163.0,2008-07-09,398.0
1957,163.0,2008-07-19,534.0
1958,163.0,2008-07-20,27969.0
1959,163.0,2009-04-07,43938.0
1960,163.0,2009-04-08,87229.0
1961,163.0,2009-04-10,200.0
1962,163.0,2009-04-11,95121.0
1963,163.0,2009-04-12,128461.0
1964,163.0,2009-04-13,37338.0
1965,163.0,2009-07-29,946.0
1966,163.0,2009-08-28,21680.0
1967,163.0,2009-08-29,36706.0
1968,163.0,2009-08-30,121409.0
1969,163.0,2009-12-24,108557.0
1970,167.0,2008-03-28,13508.0
1971,167.0,2008-04-22,2971.0
1972,167.0,2008-04-26,128014.0
1973,167.0,2008-04-27,110617.0
1974,167.0,2008-04-28,62706.0
1975,167.0,2008-04-29,37324.0
1976,167.0,2008-04-30,58.0
1977,167.0,2008-05-01,59894.0
1978,167.0,2008-05-02,250540.0
1979,167.0,2008-05-03,233319.0
1980,167.0,2008-05-04,22847.0
1981,167.0,2008-05-05,140871.0
1982,167.0,2008-05-06,48286.0
1983,167.0,2008-05-08,33612.0
1984,167.0,2008-05-09,47092.0
1985,167.0,2008-05-10,40025.0
1986,167.0,2008-05-11,35603.0
1987,167.0,2008-05-12,109378.0
1988,167.0,2008-05-13,47793.0
1989,167.0,2008-05-14,74.0
1990,167.0,2008-05-15,12864.0
1991,167.0,2008-05-16,41428.0
1992,167.0,2008-05-17,19260.0
1993,167.0,2008-05-18,120738.0
1994,167.0,2008-05-19,457.0
1995,167.0,2008-05-20,24.0
1996,167.0,2008-05-21,96314.0
1997,167.0,2008-05-22,34630.0
1998,167.0,2008-05-23,1598.0
1999,167.0,2008-05-28,44.0
2000,167.0,2008-05-30,130588.0
2001,167.0,2008-05-31,72685.0
2002,167.0,2008-06-01,124440.0
2003,167.0,2008-06-02,32404.0
2004,167.0,2008-06-03,49.0
2005,167.0,2008-06-04,36.0
2006,167.0,2008-06-05,51328.0
2007,167.0,2008-06-06,79245.0
2008,167.0,2008-06-07,53022.0
2009,167.0,2008-06-08,115963.0
2010,167.0,2008-06-09,130656.0
2011,167.0,2008-06-12,991.0
2012,167.0,2008-06-14,123276.0
2013,167.0,2008-06-15,1452.0
2014,167.0,2008-06-17,57.0
2015,167.0,2008-06-19,378.0
2016,167.0,2008-06-20,131054.0
2017,167.0,2008-06-22,155.0
2018,167.0,2008-06-25,98706.0
2019,167.0,2008-06-27,16912.0
2020,167.0,2008-06-28,38205.0
2021,167.0,2008-06-29,111947.0
2022,167.0,2008-07-01,85.0
2023,167.0,2008-07-06,52141.0
2024,167.0,2008-07-15,62.0
2025,167.0,2008-07-16,4355.0
2026,167.0,2008-07-17,16530.0
2027,167.0,2008-07-18,114.0
2028,167.0,2008-07-19,99777.0
2029,167.0,2008-07-21,4436.0
2030,167.0,2008-07-25,21254.0
2031,167.0,2008-07-28,100.0
2032,167.0,2008-07-29,96360.0
2033,167.0,2008-07-31,104793.0
2034,167.0,2008-08-02,67270.0
2035,167.0,2008-08-03,79916.0
2036,167.0,2008-08-05,950.0
2037,167.0,2008-08-06,6602.0
2038,167.0,2008-08-07,62345.0
2039,167.0,2008-08-08,98813.0
2040,167.0,2008-08-09,156204.0
2041,167.0,2008-08-10,939501.0
2042,167.0,2008-08-11,70.0
2043,167.0,2008-08-12,56.0
2044,167.0,2008-08-13,96.0
2045,167.0,2008-08-14,84.0
2046,167.0,2008-08-15,56.0
2047,167.0,2008-08-16,51664.0
2048,167.0,2008-08-19,5373.0
2049,167.0,2008-08-20,99049.0
2050,167.0,2008-08-22,3099.0
2051,167.0,2008-08-23,1263.0
2052,167.0,2008-08-25,97062.0
2053,167.0,2008-08-29,24647.0
2054,167.0,2008-08-31,280693.0
2055,167.0,2008-09-04,10164.0
2056,167.0,2008-09-09,112994.0
2057,167.0,2008-09-10,1995.0
2058,167.0,2008-09-12,245.0
2059,167.0,2008-09-13,32948.0
2060,167.0,2008-09-15,208795.0
2061,167.0,2008-09-16,45577.0
2062,167.0,2008-09-18,6255.0
2063,167.0,2008-09-19,8380.0
2064,167.0,2008-09-23,466.0
2065,167.0,2008-09-29,250945.0
2066,167.0,2008-09-30,246640.0
2067,167.0,2008-10-01,86972.0
2068,167.0,2008-10-02,56371.0
2069,167.0,2008-10-11,9634.0
2070,167.0,2008-10-12,202480.0
2071,167.0,2008-10-13,88235.0
2072,167.0,2008-10-15,90.0
2073,167.0,2008-10-20,86482.0
2074,167.0,2008-11-22,66.0
2075,167.0,2008-11-24,42.0
2076,167.0,2008-11-26,27558.0
2077,167.0,2008-11-27,138.0
2078,167.0,2008-11-29,39461.0
2079,167.0,2008-12-01,98.0
2080,167.0,2008-12-04,42.0
2081,167.0,2008-12-08,19654.0
2082,167.0,2008-12-10,116.0
2083,167.0,2008-12-11,754.0
2084,167.0,2008-12-13,116598.0
2085,170.0,2008-04-28,1328.0
2086,170.0,2008-04-29,2485.0
2087,170.0,2008-05-12,2649.0
2088,170.0,2008-05-14,1271.0
2089,170.0,2008-05-21,2686.0
2090,174.0,2008-03-30,4514.0
2091,174.0,2008-04-02,92008.0
2092,179.0,2008-08-20,5532.0
2093,179.0,2008-08-21,187521.0
2094,179.0,2008-08-22,186424.0
2095,179.0,2008-08-23,83032.0
2096,179.0,2008-08-24,78330.0
2097,179.0,2008-08-27,618.0
2098,179.0,2008-08-28,129655.0
2099,179.0,2008-08-30,10252.0
2100,179.0,2008-08-31,7326.0
2101,179.0,2008-09-04,36658.0
2102,179.0,2008-09-05,209456.0
2103,179.0,2008-09-06,121588.0
2104,179.0,2008-09-07,6068.0
2105,179.0,2008-09-08,141998.0
2106,179.0,2008-09-09,3460.0
2107,179.0,2008-09-10,9300.0
2108,179.0,2008-09-12,4249.0
2109,179.0,2008-09-13,64972.0
2110,179.0,2008-09-14,33068.0
2111,179.0,2008-09-15,177417.0
2112,179.0,2008-10-01,196002.0
2113,179.0,2008-10-02,185355.0
2114,179.0,2008-10-03,5619.0
2115,179.0,2008-10-12,607792.0
2116,179.0,2008-10-14,250634.0
2117,179.0,2008-10-15,130821.0
2118,179.0,2008-10-19,268269.0
2119,179.0,2008-10-21,279171.0
2120,179.0,2008-10-26,235784.0
2121,179.0,2008-10-27,129470.0
2122,179.0,2008-11-01,35531.0
2123,179.0,2008-11-06,10292.0
2124,179.0,2008-11-07,107295.0
2125,179.0,2008-11-09,90142.0
2126,179.0,2008-11-15,101608.0
2127,179.0,2008-11-16,3809.0
2128,179.0,2008-11-17,42693.0
2129,179.0,2008-11-29,1660.0
