,t_user_id,parsed_date,bearing
0,10.0,2008-03-28,134.329147936
1,10.0,2008-03-29,211.016310397
2,10.0,2008-03-30,149.693009613
3,10.0,2008-03-31,195.073215235
4,10.0,2008-04-01,159.606982808
5,10.0,2008-04-02,184.530404885
6,10.0,2008-04-03,111.106602675
7,10.0,2008-04-04,148.987169532
8,10.0,2008-04-05,109.637888271
9,10.0,2008-04-06,88.0778934613
10,10.0,2008-05-18,155.582125767
11,10.0,2008-05-19,240.321224475
12,10.0,2008-06-13,318.853879047
13,10.0,2008-06-15,88.654920656
14,10.0,2008-06-16,213.102377873
15,10.0,2008-06-17,176.75054495
16,10.0,2008-06-18,219.80790721
17,10.0,2008-06-19,187.848107629
18,10.0,2008-06-20,180.732079354
19,10.0,2008-06-28,172.969268224
20,10.0,2008-08-01,138.386682429
21,10.0,2008-09-15,116.805708346
22,10.0,2008-09-16,197.249956104
23,10.0,2008-09-17,172.269773937
24,10.0,2008-09-18,197.475147161
25,10.0,2008-09-19,168.777592193
26,10.0,2008-09-21,238.87565544
27,10.0,2008-09-22,168.280642844
28,10.0,2008-09-23,186.8436423
29,10.0,2008-09-24,186.83231434
30,10.0,2008-09-25,219.838008611
31,10.0,2008-09-26,186.604133122
32,10.0,2008-09-27,208.708994945
33,10.0,2008-09-28,190.740151168
34,10.0,2008-09-29,201.823572491
35,10.0,2008-09-30,182.333324409
36,10.0,2008-10-01,179.849569462
37,10.0,2008-10-02,136.940312947
38,10.0,2008-10-03,165.953047515
39,10.0,2008-10-05,213.786545445
40,10.0,2008-10-06,197.332023303
41,10.0,2008-10-07,194.441545757
42,10.0,2008-10-08,205.516461869
43,10.0,2008-10-09,191.833482582
44,10.0,2008-10-10,203.88184819
45,10.0,2008-10-12,190.993955575
46,10.0,2008-10-13,200.257411542
47,10.0,2008-10-14,223.975543012
48,10.0,2008-10-15,150.115488046
49,10.0,2008-10-16,206.807949162
50,10.0,2008-10-17,182.341180675
51,10.0,2008-10-18,158.058181244
52,10.0,2008-10-19,195.919225138
53,10.0,2008-10-20,199.805431271
54,10.0,2008-10-21,258.273240649
55,10.0,2008-10-31,151.454127265
56,10.0,2008-11-01,235.115925791
57,10.0,2008-11-04,198.898975484
58,10.0,2008-11-06,150.845440798
59,10.0,2008-11-07,225.104577266
60,10.0,2008-11-08,214.324053556
61,10.0,2008-12-01,240.472114986
62,10.0,2008-12-06,164.97441335
63,10.0,2008-12-07,238.726210792
64,20.0,2011-08-27,139.17981518
65,20.0,2011-08-28,173.620291283
66,20.0,2011-08-29,140.305370071
67,20.0,2011-08-30,168.54983072
68,20.0,2011-08-31,211.966400382
69,20.0,2011-09-01,181.638961182
70,20.0,2011-09-02,190.876061316
71,20.0,2011-09-03,136.189994464
72,20.0,2011-09-04,174.992823026
73,20.0,2011-09-05,163.516349526
74,20.0,2011-09-06,170.402208086
75,20.0,2011-09-07,100.031132404
76,20.0,2011-09-09,130.251895811
77,20.0,2011-09-10,119.191204548
78,20.0,2011-09-11,185.741659539
79,20.0,2011-09-12,156.596894626
80,20.0,2011-09-13,106.196197408
81,20.0,2011-09-14,191.828386997
82,20.0,2011-09-15,188.49429519
83,20.0,2011-09-16,166.599465762
84,20.0,2011-09-17,204.803636291
85,20.0,2011-10-22,162.395900291
86,20.0,2011-10-26,150.411835179
87,20.0,2011-11-02,258.224744335
88,20.0,2011-11-06,196.77826646
89,20.0,2011-11-17,214.218266637
90,20.0,2011-11-18,159.346457493
91,20.0,2011-12-01,199.792121104
92,20.0,2011-12-27,174.46190206
93,21.0,2007-04-29,174.649712819
94,21.0,2007-04-30,251.803602377
95,21.0,2007-05-01,213.740272844
96,21.0,2007-05-02,206.077276531
97,21.0,2007-05-03,173.785657024
98,21.0,2007-05-04,153.632758737
99,52.0,2008-05-20,158.864630938
100,52.0,2008-05-21,175.982523778
101,52.0,2008-05-22,193.364225964
102,52.0,2008-05-23,141.196508575
103,52.0,2008-05-25,183.738067413
104,52.0,2008-05-26,225.788134813
105,52.0,2008-05-27,145.830874215
106,52.0,2008-05-28,162.713281687
107,52.0,2008-05-29,204.646623143
108,52.0,2008-05-30,120.573719028
109,52.0,2008-05-31,182.17612531
110,52.0,2008-06-01,184.582989618
111,52.0,2008-06-02,187.585068201
112,52.0,2008-06-03,184.755163438
113,52.0,2008-06-04,140.282430642
114,52.0,2008-06-05,203.094163847
115,52.0,2008-06-06,148.082107663
116,52.0,2008-06-07,224.251258835
117,52.0,2008-06-09,196.610011109
118,52.0,2008-06-10,174.226533166
119,52.0,2008-06-12,211.184098951
120,52.0,2008-06-13,159.819274192
121,52.0,2008-06-14,194.035921595
122,52.0,2008-06-15,161.126949739
123,52.0,2008-06-16,185.486393974
124,52.0,2008-06-17,158.280545569
125,52.0,2008-06-20,164.793142461
126,52.0,2008-06-21,161.760277095
127,52.0,2008-06-25,185.907805354
128,52.0,2008-06-26,164.817166698
129,52.0,2008-06-27,169.363266185
130,52.0,2008-06-28,158.453382985
131,52.0,2008-06-29,175.556053886
132,52.0,2008-07-01,130.12981632
133,52.0,2008-07-02,151.121854626
134,52.0,2008-07-03,192.219981245
135,52.0,2008-07-06,183.338091571
136,52.0,2008-07-07,118.95613176
137,52.0,2008-07-08,154.945938559
138,52.0,2008-07-09,153.337678649
139,52.0,2008-07-10,179.873690035
140,52.0,2008-07-11,177.708192046
141,52.0,2008-07-15,169.592576547
142,52.0,2008-07-16,163.28570177
143,52.0,2008-07-17,171.094149551
144,52.0,2008-07-18,148.519305196
145,52.0,2008-07-19,164.183626623
146,52.0,2008-07-20,163.301963102
147,52.0,2008-07-21,160.665227013
148,52.0,2008-07-22,172.109473802
149,52.0,2008-07-23,174.854684246
150,52.0,2008-07-24,167.711998789
151,52.0,2008-07-25,160.802934016
152,52.0,2008-07-26,182.384877196
153,52.0,2008-07-27,196.251345704
154,52.0,2008-07-29,168.573891747
155,52.0,2008-07-30,167.247974012
156,52.0,2008-07-31,191.201042226
157,52.0,2008-08-18,184.811927663
158,52.0,2008-08-22,229.868110468
159,52.0,2008-09-02,171.678531346
160,52.0,2008-10-01,175.529892004
161,52.0,2008-10-02,183.83623611
162,52.0,2008-10-03,180.031357294
163,52.0,2008-10-05,184.984869575
164,52.0,2008-10-06,165.762066519
165,52.0,2008-10-07,156.578840965
166,52.0,2008-10-08,154.406134457
167,52.0,2008-10-10,188.925350088
168,56.0,2007-10-19,197.515815773
169,58.0,2007-05-09,258.499950451
170,58.0,2007-05-13,202.865682634
171,58.0,2007-05-19,176.99564664
172,58.0,2007-05-21,239.551031626
173,58.0,2007-05-23,191.873356434
174,58.0,2007-05-24,182.171867098
175,58.0,2007-05-26,159.014649492
176,58.0,2007-06-01,147.223894789
177,58.0,2007-06-03,287.622389484
178,62.0,2008-06-18,222.09131793
179,62.0,2008-06-19,172.991806674
180,62.0,2008-06-20,188.420279378
181,62.0,2008-06-21,166.666289211
182,62.0,2008-06-23,153.06033861
183,62.0,2008-06-24,171.03212027
184,62.0,2008-06-25,110.062980545
185,62.0,2008-06-28,188.709489454
186,62.0,2008-06-29,195.185485172
187,62.0,2008-07-01,197.295748865
188,62.0,2008-07-03,174.542976384
189,62.0,2008-07-06,144.605658261
190,62.0,2008-07-07,170.826946642
191,62.0,2008-07-08,195.573918585
192,62.0,2008-07-09,116.644217504
193,62.0,2008-07-10,184.0903094
194,62.0,2008-07-11,272.323716674
195,62.0,2008-07-13,207.868751878
196,62.0,2008-07-14,178.876322114
197,62.0,2008-07-15,178.129245514
198,62.0,2008-07-16,188.695301753
199,62.0,2008-07-17,197.617883157
200,62.0,2008-07-19,168.52135096
201,62.0,2008-07-20,191.217256433
202,62.0,2008-07-21,177.517217283
203,62.0,2008-07-22,202.85756682
204,62.0,2008-07-23,192.328151144
205,62.0,2008-07-24,221.342087102
206,62.0,2008-07-26,188.613103725
207,62.0,2008-07-27,126.03269314
208,62.0,2008-07-28,193.972958892
209,62.0,2008-07-29,187.825214054
210,62.0,2008-07-30,162.847327916
211,62.0,2008-07-31,195.500007554
212,62.0,2008-08-01,202.574312987
213,62.0,2008-08-02,162.513843608
214,62.0,2008-08-03,184.185058421
215,62.0,2008-08-04,174.402607821
216,62.0,2008-08-05,158.892982716
217,62.0,2008-08-06,169.312972568
218,62.0,2008-08-07,173.928415291
219,62.0,2008-08-08,191.448938376
220,62.0,2008-08-09,180.593124255
221,62.0,2008-08-10,188.407249281
222,62.0,2008-08-11,160.101480994
223,62.0,2008-08-12,194.608730114
224,62.0,2008-08-13,155.548377173
225,62.0,2008-08-14,193.597726058
226,62.0,2008-08-15,199.188806586
227,62.0,2008-08-16,194.052469001
228,62.0,2008-08-17,200.548082202
229,62.0,2008-08-18,179.03780166
230,62.0,2008-08-19,195.850922099
231,62.0,2008-08-20,187.295571172
232,62.0,2008-08-21,177.796424275
233,62.0,2008-08-22,181.826873715
234,62.0,2008-08-23,195.473308631
235,62.0,2008-08-24,207.280552306
236,62.0,2008-08-25,184.37338805
237,62.0,2008-08-26,186.93792291
238,62.0,2008-08-27,193.210788658
239,62.0,2008-08-28,189.435424699
240,62.0,2008-08-29,129.898152628
241,62.0,2008-08-30,134.179003585
242,62.0,2008-08-31,121.499373074
243,62.0,2008-09-01,166.437436985
244,62.0,2008-09-02,246.112981714
245,62.0,2008-09-03,99.60681955
246,62.0,2008-09-04,173.291413513
247,62.0,2008-09-05,197.779441726
248,62.0,2008-09-06,189.452428475
249,62.0,2008-09-07,198.345533717
250,62.0,2008-09-08,178.231041744
251,62.0,2008-09-10,181.052084517
252,62.0,2008-09-11,195.057020939
253,62.0,2008-09-12,174.618869523
254,62.0,2008-09-13,187.750389451
255,62.0,2008-09-14,212.108726783
256,62.0,2008-09-15,178.895023565
257,62.0,2008-09-16,210.982156673
258,62.0,2008-09-17,167.306833083
259,62.0,2008-09-18,178.243759956
260,62.0,2008-09-19,188.759602367
261,62.0,2008-09-20,187.53683785
262,62.0,2008-09-21,182.660787662
263,62.0,2008-09-23,223.686442759
264,62.0,2008-09-24,193.972471297
265,62.0,2008-09-25,176.340850368
266,62.0,2008-09-26,252.815021061
267,62.0,2008-09-27,215.803715641
268,62.0,2008-09-28,139.352465436
269,62.0,2008-10-01,162.013021177
270,62.0,2008-10-03,87.0057163604
271,62.0,2008-10-04,159.140355587
272,62.0,2008-10-05,208.294476477
273,62.0,2008-10-15,197.938166766
274,62.0,2008-10-16,203.033235738
275,62.0,2008-10-17,190.593687848
276,62.0,2008-10-18,168.317435848
277,62.0,2008-10-19,170.199566075
278,62.0,2008-10-20,229.740416321
279,62.0,2008-10-21,202.623908874
280,62.0,2008-10-29,85.3874257366
281,62.0,2008-10-30,133.706535041
282,62.0,2008-10-31,194.200802548
283,62.0,2008-11-01,157.544115605
284,62.0,2008-11-02,193.11725378
285,62.0,2008-11-03,183.588657129
286,62.0,2008-11-04,199.718717655
287,62.0,2008-11-05,199.858386154
288,62.0,2008-11-06,192.748167977
289,62.0,2008-11-07,212.429926997
290,62.0,2008-11-08,176.110939049
291,62.0,2008-11-09,172.786929905
292,62.0,2008-11-10,168.694767637
293,62.0,2008-11-11,183.084175062
294,62.0,2008-11-12,169.211383632
295,62.0,2008-11-13,176.813952369
296,62.0,2008-11-14,217.972479045
297,62.0,2008-11-15,191.188784502
298,62.0,2008-11-16,174.717655919
299,62.0,2008-11-17,128.618031195
300,62.0,2008-12-03,156.395934684
301,62.0,2008-12-04,165.785221537
302,62.0,2008-12-05,187.091901603
303,62.0,2008-12-06,99.0198785849
304,62.0,2008-12-07,168.762945673
305,62.0,2008-12-08,168.246760595
306,62.0,2008-12-09,169.919116397
307,62.0,2008-12-11,196.420986575
308,62.0,2008-12-12,174.673135941
309,62.0,2008-12-13,199.132170417
310,62.0,2008-12-14,178.242803934
311,62.0,2008-12-15,147.33729659
312,64.0,2008-08-15,248.320265604
313,64.0,2008-08-16,185.756290759
314,64.0,2008-08-17,200.320382041
315,64.0,2008-08-18,208.526662499
316,64.0,2008-08-20,176.645940092
317,64.0,2008-08-21,229.2140073
318,64.0,2008-08-23,172.167370159
319,64.0,2008-08-24,171.73131127
320,64.0,2008-08-25,246.006234505
321,64.0,2008-08-29,202.20445479
322,65.0,2011-08-24,182.313626633
323,65.0,2011-08-26,157.395630904
324,65.0,2011-08-28,184.315344984
325,65.0,2011-08-30,167.71354146
326,65.0,2011-09-01,171.638860751
327,65.0,2011-09-02,158.865409335
328,65.0,2011-09-03,152.893251057
329,65.0,2011-09-10,169.929224952
330,65.0,2011-09-11,152.800326562
331,65.0,2011-09-16,150.756722428
332,65.0,2011-09-17,151.401791469
333,65.0,2011-09-18,42.5250488325
334,65.0,2011-09-19,122.728378729
335,65.0,2011-09-21,171.759607893
336,65.0,2011-09-23,169.4834054
337,65.0,2011-09-25,191.43635258
338,65.0,2011-09-27,55.4048594067
339,65.0,2011-09-29,172.697284116
340,65.0,2011-10-01,210.598720228
341,65.0,2011-10-03,168.536043557
342,65.0,2011-10-05,149.990953836
343,65.0,2011-10-06,167.347173338
344,65.0,2011-10-14,42.8608338581
345,65.0,2011-10-16,149.038239238
346,65.0,2011-10-18,157.92164898
347,65.0,2011-10-22,183.852877726
348,65.0,2011-10-23,187.994855453
349,65.0,2011-10-25,162.331116696
350,67.0,2011-03-05,160.981653692
351,67.0,2011-03-12,174.261968322
352,67.0,2011-03-19,192.256280126
353,67.0,2011-03-20,169.34730322
354,67.0,2011-03-26,189.606464396
355,67.0,2011-04-07,169.191524535
356,67.0,2011-04-08,173.476152062
357,67.0,2011-04-13,176.019888866
358,67.0,2011-04-14,248.787369692
359,67.0,2011-04-16,129.297282184
360,67.0,2011-04-19,213.073474985
361,67.0,2011-04-23,167.494118411
362,67.0,2011-04-30,138.661743046
363,67.0,2011-05-06,185.53694729
364,67.0,2011-05-07,180.190129808
365,68.0,2008-09-16,203.569164593
366,68.0,2008-09-18,242.942607727
367,68.0,2008-09-20,162.393310788
368,68.0,2008-09-29,140.517688543
369,68.0,2008-09-30,177.310243981
370,68.0,2008-10-02,171.205191058
371,68.0,2008-10-03,168.600386001
372,68.0,2008-10-04,159.98402303
373,68.0,2008-10-11,213.502397632
374,68.0,2008-10-12,226.209686081
375,68.0,2008-10-20,183.012346816
376,68.0,2008-10-21,189.58309404
377,68.0,2008-10-22,195.334140803
378,68.0,2008-10-24,179.245453702
379,68.0,2008-10-25,185.48331081
380,68.0,2008-10-26,174.128675654
381,68.0,2008-10-31,200.17955761
382,68.0,2008-11-01,159.763605557
383,68.0,2008-11-03,195.172635086
384,68.0,2008-11-04,193.658584095
385,68.0,2008-11-05,169.219027251
386,68.0,2008-11-08,201.424918705
387,68.0,2008-11-13,219.989169012
388,68.0,2008-11-14,184.596062213
389,68.0,2008-11-15,158.899966116
390,68.0,2008-11-16,196.735753636
391,68.0,2008-11-26,122.317447862
392,68.0,2008-11-30,186.915237597
393,68.0,2008-12-13,170.670609333
394,68.0,2008-12-14,179.989817429
395,68.0,2009-01-02,155.44373897
396,68.0,2009-01-15,100.334132593
397,68.0,2009-01-16,210.0884015
398,68.0,2009-02-17,174.937649518
399,68.0,2009-02-18,186.215870268
400,68.0,2009-02-19,176.709828452
401,68.0,2009-02-20,118.619630711
402,68.0,2009-02-21,192.392482487
403,68.0,2009-02-22,176.106218163
404,68.0,2009-02-23,168.77216541
405,68.0,2009-03-01,162.599926572
406,68.0,2009-03-13,200.110713023
407,68.0,2009-03-14,144.507473368
408,68.0,2009-03-22,179.750712757
409,68.0,2009-03-23,182.524845023
410,68.0,2009-03-27,186.864733309
411,68.0,2009-03-28,189.603589183
412,68.0,2009-04-02,173.037358758
413,68.0,2009-04-03,177.574176617
414,68.0,2009-04-05,171.437393972
415,68.0,2009-04-11,181.55819112
416,68.0,2009-04-12,178.568338266
417,68.0,2009-04-18,171.421347816
418,68.0,2009-04-22,194.300480299
419,68.0,2009-04-25,180.858257926
420,68.0,2009-05-01,170.613079133
421,68.0,2009-05-02,203.754180829
422,68.0,2009-05-03,192.622598318
423,68.0,2009-05-16,170.223740365
424,68.0,2009-05-17,202.7449986
425,68.0,2009-05-19,185.57904535
426,68.0,2009-05-21,190.011325793
427,68.0,2009-05-22,174.702461869
428,68.0,2009-05-24,189.25392084
429,68.0,2009-05-25,178.764307936
430,68.0,2009-05-26,178.506855481
431,68.0,2009-05-27,185.091478368
432,68.0,2009-05-28,177.214205437
433,68.0,2009-05-29,201.180530916
434,68.0,2009-05-30,199.526669326
435,68.0,2009-05-31,174.545329906
436,68.0,2009-06-05,181.593453926
437,68.0,2009-06-07,154.450934889
438,68.0,2009-06-13,198.861225036
439,68.0,2009-06-14,210.087630648
440,68.0,2009-06-19,202.36264453
441,68.0,2009-06-21,179.730161437
442,68.0,2009-06-22,218.489903335
443,68.0,2009-06-27,187.12116076
444,68.0,2009-06-28,179.702781569
445,68.0,2009-07-05,214.784022336
446,68.0,2009-07-06,178.735670254
447,68.0,2009-07-07,180.296061016
448,68.0,2009-07-09,184.399260356
449,68.0,2009-07-11,163.680136286
450,68.0,2009-07-12,195.938783161
451,68.0,2009-07-14,188.266330109
452,68.0,2009-07-15,211.53543033
453,68.0,2009-07-16,193.436126534
454,68.0,2009-07-17,182.319340409
455,68.0,2009-07-20,193.622839416
456,68.0,2009-07-21,209.304400021
457,68.0,2009-07-22,182.511057489
458,68.0,2009-07-24,175.022046636
459,68.0,2009-07-25,184.943915257
460,68.0,2009-07-26,245.449050231
461,68.0,2009-07-27,159.419160399
462,68.0,2009-07-28,196.239050373
463,68.0,2009-07-29,192.156026564
464,68.0,2009-07-30,181.577480386
465,68.0,2009-07-31,182.73730555
466,68.0,2009-08-01,162.485195173
467,68.0,2009-08-02,168.272720679
468,68.0,2009-08-03,162.545848768
469,68.0,2009-08-04,162.003207836
470,68.0,2009-08-05,212.305475959
471,68.0,2009-08-06,139.712834453
472,68.0,2009-08-07,183.553979086
473,68.0,2009-08-08,235.886188807
474,68.0,2009-08-09,160.226308175
475,68.0,2009-08-10,208.082516133
476,68.0,2009-08-11,193.74946912
477,68.0,2009-08-13,199.126417113
478,68.0,2009-08-14,200.068658147
479,68.0,2009-08-15,158.40659691
480,68.0,2009-08-17,187.87532514
481,68.0,2009-08-18,175.677093784
482,68.0,2009-08-19,169.309401423
483,68.0,2009-08-20,203.852708948
484,68.0,2009-08-21,167.65236713
485,68.0,2009-08-24,176.154554127
486,68.0,2009-08-25,188.054067181
487,68.0,2009-08-29,180.701711983
488,68.0,2009-08-30,197.320111294
489,68.0,2009-08-31,176.078774838
490,68.0,2009-09-05,183.664771082
491,68.0,2009-09-06,183.463493389
492,68.0,2009-09-08,186.662463024
493,68.0,2009-09-11,183.375557648
494,68.0,2009-09-12,182.876056754
495,68.0,2009-09-13,190.092967878
496,69.0,2008-06-27,165.457764919
497,73.0,2008-05-19,128.658838608
498,73.0,2008-05-21,202.54358489
499,73.0,2008-05-22,218.818401718
500,73.0,2008-05-29,219.409113807
501,73.0,2008-05-30,259.692977614
502,73.0,2008-06-03,135.863897343
503,73.0,2008-06-05,129.42054856
504,73.0,2008-06-19,248.775752105
505,73.0,2008-06-21,237.556404318
506,73.0,2008-06-24,165.678579294
507,73.0,2008-06-25,209.45436695
508,73.0,2008-06-29,149.954845768
509,73.0,2008-07-02,145.247553969
510,73.0,2008-07-05,233.196613269
511,73.0,2008-07-07,203.866091754
512,73.0,2008-07-08,209.366238745
513,73.0,2008-07-10,156.900003008
514,73.0,2008-07-11,159.597214099
515,73.0,2008-07-13,208.854215417
516,73.0,2008-07-15,165.459661826
517,73.0,2008-07-16,152.270036498
518,73.0,2008-07-17,123.920570665
519,73.0,2008-07-18,201.543629303
520,73.0,2008-07-20,215.779672475
521,73.0,2008-07-22,171.231961096
522,73.0,2008-07-24,166.599623948
523,73.0,2008-07-25,135.728830447
524,73.0,2008-07-29,206.993682102
525,73.0,2008-07-30,181.098951455
526,73.0,2008-07-31,147.944988476
527,73.0,2008-08-01,156.023480569
528,73.0,2008-08-03,173.120602753
529,73.0,2008-08-04,132.625225115
530,75.0,2011-08-03,30.5150870279
531,75.0,2011-08-24,148.426813378
532,75.0,2011-08-27,160.77543157
533,75.0,2011-08-28,131.020737165
534,75.0,2011-08-29,180.110205294
535,75.0,2011-08-30,209.322809743
536,76.0,2007-04-17,196.11565817
537,76.0,2007-04-19,281.238842941
538,76.0,2007-04-20,309.170471275
539,78.0,2008-05-11,194.75126768
540,78.0,2008-05-17,155.805571858
541,78.0,2008-05-19,185.893443626
542,78.0,2008-05-20,197.149050107
543,78.0,2008-05-21,128.261328996
544,78.0,2008-05-22,196.714470419
545,78.0,2008-05-23,114.318133214
546,78.0,2008-05-24,132.954316354
547,78.0,2008-05-28,152.090918371
548,78.0,2008-05-29,122.61119296
549,78.0,2008-05-30,215.650828412
550,78.0,2008-05-31,198.27847839
551,78.0,2008-06-01,233.614330058
552,78.0,2008-06-03,117.202066167
553,78.0,2008-06-04,206.194640311
554,78.0,2008-07-21,211.886208335
555,78.0,2008-07-22,128.518292817
556,78.0,2008-07-25,110.426174601
557,78.0,2008-07-27,224.139906933
558,78.0,2008-07-28,196.343496689
559,78.0,2008-07-29,110.983792251
560,78.0,2008-08-03,114.964229672
561,78.0,2008-08-04,144.119107874
562,78.0,2008-08-05,214.280692654
563,78.0,2008-08-06,145.69722476
564,78.0,2008-08-07,138.432283877
565,78.0,2008-08-08,160.751133179
566,78.0,2008-08-09,196.950037836
567,78.0,2008-08-14,121.439913441
568,78.0,2008-08-15,117.307453063
569,78.0,2008-08-16,177.947355951
570,78.0,2008-08-17,128.24084508
571,78.0,2008-08-18,173.609759858
572,78.0,2008-08-19,176.427536966
573,78.0,2008-08-20,218.628531783
574,78.0,2008-08-21,232.864263202
575,78.0,2008-08-22,161.237053972
576,78.0,2008-08-24,183.337303251
577,78.0,2008-08-25,184.367096397
578,78.0,2008-08-26,129.922410803
579,78.0,2008-08-27,122.199473628
580,78.0,2008-08-29,140.298130554
581,80.0,2007-06-27,204.425437509
582,80.0,2007-06-29,283.687545881
583,80.0,2007-07-06,206.912321858
584,81.0,2008-05-10,143.877197647
585,81.0,2008-05-11,162.14577616
586,81.0,2008-05-23,195.463954819
587,81.0,2008-05-24,177.091988593
588,81.0,2008-05-30,142.279688375
589,81.0,2008-05-31,240.036761029
590,81.0,2008-06-05,146.718244176
591,81.0,2008-06-07,160.126463575
592,81.0,2008-06-20,149.272580533
593,81.0,2008-06-21,205.426802442
594,81.0,2008-06-22,268.59084038
595,81.0,2008-07-22,169.359002089
596,81.0,2008-07-23,113.385624302
597,81.0,2008-07-24,146.551578087
598,81.0,2008-07-25,172.310597331
599,81.0,2008-07-26,195.452574599
600,81.0,2008-07-27,133.012138357
601,81.0,2008-07-30,142.865152739
602,82.0,2008-07-30,250.092958427
603,82.0,2008-07-31,208.074014337
604,82.0,2008-08-01,165.801529719
605,82.0,2008-08-03,157.083658197
606,82.0,2008-08-17,139.72493415
607,82.0,2009-03-07,247.550992809
608,82.0,2009-03-10,191.595773745
609,82.0,2009-03-11,180.272828804
610,82.0,2009-03-12,189.140345446
611,82.0,2009-03-16,177.031587531
612,82.0,2009-03-18,211.094896982
613,82.0,2009-03-19,193.720195715
614,82.0,2009-03-20,190.935587501
615,82.0,2009-03-22,196.685942424
616,82.0,2009-03-23,192.862399804
617,82.0,2009-03-24,182.143805575
618,82.0,2009-03-25,196.173289708
619,82.0,2009-03-27,241.977860531
620,82.0,2009-03-28,190.347446593
621,82.0,2009-03-30,199.41105906
622,82.0,2009-03-31,190.429663792
623,82.0,2009-04-01,182.298697574
624,82.0,2009-04-02,199.586393728
625,82.0,2009-04-03,188.840517894
626,82.0,2009-04-04,170.138289568
627,82.0,2009-04-08,195.609419956
628,82.0,2009-04-09,217.883416643
629,82.0,2009-04-11,175.662095868
630,82.0,2009-04-13,201.421363712
631,82.0,2009-04-14,207.47883298
632,82.0,2009-04-16,201.265499847
633,82.0,2009-04-17,196.622630735
634,82.0,2009-04-18,197.24013697
635,82.0,2009-04-19,196.002738689
636,84.0,2008-07-22,195.048911174
637,84.0,2008-08-21,157.338541681
638,84.0,2008-08-22,207.673669014
639,84.0,2008-08-24,178.480235768
640,84.0,2008-08-25,203.619567284
641,84.0,2008-08-26,140.861891097
642,84.0,2008-08-28,210.812858074
643,84.0,2008-08-31,192.83369344
644,84.0,2008-09-01,183.796819906
645,84.0,2008-09-08,183.389034357
646,84.0,2008-09-09,176.088172922
647,84.0,2008-09-10,181.020340461
648,84.0,2008-09-11,176.905284843
649,84.0,2008-09-12,195.251547422
650,84.0,2008-09-13,200.840577395
651,84.0,2008-09-14,172.342930268
652,84.0,2008-09-15,108.466046706
653,84.0,2008-09-16,186.233406054
654,84.0,2008-09-17,174.990196911
655,84.0,2008-09-18,192.106608758
656,84.0,2008-09-19,177.790236558
657,84.0,2008-09-20,215.797618984
658,84.0,2008-09-21,106.280019668
659,84.0,2008-09-22,181.642592508
660,84.0,2008-09-23,194.812531842
661,84.0,2008-09-24,163.126430051
662,84.0,2008-09-25,191.141908517
663,84.0,2008-09-26,163.778896365
664,84.0,2008-09-27,188.065452183
665,84.0,2008-09-28,172.169254707
666,84.0,2008-09-30,166.148387342
667,84.0,2008-10-06,153.266338802
668,84.0,2008-10-07,183.170071759
669,84.0,2008-10-08,171.277682769
670,84.0,2008-10-09,169.345133259
671,84.0,2008-10-10,156.239164586
672,84.0,2008-10-11,159.186916059
673,84.0,2008-10-12,140.999848408
674,84.0,2008-10-13,162.291676392
675,84.0,2008-10-14,200.657271697
676,84.0,2008-10-15,183.721614539
677,84.0,2008-10-16,160.650330313
678,84.0,2008-10-17,190.961931378
679,84.0,2008-10-18,190.783213072
680,84.0,2008-10-19,138.97349683
681,84.0,2008-10-20,161.522288318
682,84.0,2008-10-21,168.830463142
683,84.0,2008-10-22,184.390855513
684,84.0,2008-10-23,188.004893886
685,84.0,2008-10-24,169.150692496
686,84.0,2008-10-25,213.226501402
687,84.0,2008-10-26,173.82052975
688,84.0,2008-10-27,153.092893555
689,84.0,2008-10-28,172.172846695
690,84.0,2008-10-29,166.74098316
691,84.0,2008-10-30,179.656777563
692,84.0,2008-10-31,172.779592198
693,84.0,2008-11-01,189.254481496
694,84.0,2008-11-02,181.544141274
695,84.0,2008-11-03,156.832429011
696,84.0,2008-11-04,152.585569582
697,84.0,2008-11-05,182.332548382
698,84.0,2008-11-06,155.938170987
699,84.0,2008-11-08,158.200407604
700,84.0,2008-11-26,188.630894189
701,84.0,2008-11-27,140.089915337
702,84.0,2008-11-28,184.891813292
703,84.0,2008-11-29,171.237889544
704,84.0,2008-11-30,194.328026873
705,84.0,2008-12-01,222.953968466
706,84.0,2008-12-02,148.013821779
707,84.0,2008-12-03,169.255195387
708,84.0,2008-12-04,156.379609835
709,84.0,2008-12-05,159.883459457
710,84.0,2008-12-06,163.231013566
711,84.0,2008-12-07,145.055793362
712,84.0,2008-12-08,183.641302191
713,84.0,2008-12-09,186.926849028
714,84.0,2008-12-10,187.951536505
715,85.0,2008-05-01,177.472846085
716,85.0,2008-05-02,183.465956335
717,85.0,2008-05-15,216.497923838
718,85.0,2008-05-16,158.101020604
719,85.0,2008-05-17,180.546011281
720,85.0,2008-05-18,207.798746123
721,85.0,2008-05-19,185.217522734
722,85.0,2008-05-20,181.772125785
723,85.0,2008-05-21,194.789444828
724,85.0,2008-05-22,185.569131312
725,85.0,2008-05-23,150.924736572
726,85.0,2008-05-24,156.924754958
727,85.0,2008-05-25,176.845681598
728,85.0,2008-05-26,164.342412432
729,85.0,2008-05-27,202.629272844
730,85.0,2008-05-28,213.436609126
731,85.0,2008-05-29,191.446005118
732,85.0,2008-07-22,186.320899596
733,85.0,2008-07-23,183.291590411
734,85.0,2008-07-24,174.200511593
735,85.0,2008-07-25,211.513802916
736,85.0,2008-07-26,170.043469094
737,85.0,2008-07-27,221.630273887
738,85.0,2008-07-31,170.516156908
739,85.0,2008-08-01,140.107126769
740,85.0,2008-08-03,181.401474093
741,85.0,2008-10-09,216.996874886
742,85.0,2008-10-10,208.934085496
743,85.0,2008-10-11,186.640700147
744,85.0,2008-10-12,171.231114512
745,85.0,2008-10-14,160.532284482
746,85.0,2008-10-15,212.935049722
747,85.0,2008-10-16,175.834832401
748,85.0,2008-10-17,190.05433811
749,85.0,2008-10-18,185.636994254
750,85.0,2008-10-19,185.640976181
751,85.0,2008-10-20,169.110706983
752,85.0,2008-10-21,217.959186962
753,85.0,2008-10-22,183.883336592
754,85.0,2008-10-23,165.903553182
755,85.0,2008-10-24,191.292640466
756,85.0,2008-10-25,188.849866363
757,85.0,2008-10-26,180.648553591
758,85.0,2008-10-27,182.828086878
759,85.0,2008-10-28,179.114043898
760,85.0,2008-10-29,178.293368399
761,85.0,2008-10-30,160.241700591
762,85.0,2008-10-31,194.726385948
763,85.0,2008-11-01,170.769293711
764,85.0,2008-11-02,159.143919859
765,85.0,2008-11-03,183.583918843
766,85.0,2008-11-04,165.341362732
767,85.0,2008-11-05,173.582668671
768,85.0,2008-11-06,174.741705467
769,85.0,2008-11-07,169.076326573
770,85.0,2008-11-08,185.896988841
771,85.0,2008-11-09,171.556386904
772,85.0,2008-11-10,178.70966659
773,85.0,2008-11-11,168.603365371
774,85.0,2008-11-12,170.822033083
775,85.0,2008-11-13,192.49819948
776,85.0,2008-11-14,188.440027247
777,85.0,2008-11-15,175.18667335
778,85.0,2008-11-16,186.950227971
779,85.0,2008-11-17,181.046473656
780,85.0,2008-11-18,158.749007174
781,85.0,2008-11-25,202.517864059
782,85.0,2008-11-26,151.533222975
783,85.0,2008-11-27,172.81033919
784,85.0,2008-11-28,189.570571804
785,85.0,2008-11-29,192.662435606
786,85.0,2008-11-30,186.179773984
787,85.0,2008-12-01,183.379684182
788,85.0,2008-12-02,177.641203953
789,85.0,2008-12-03,197.548533976
790,85.0,2008-12-04,162.747668663
791,85.0,2008-12-05,180.617096217
792,85.0,2008-12-06,172.525035382
793,85.0,2008-12-07,227.182240269
794,85.0,2008-12-08,164.03796512
795,85.0,2008-12-09,197.617591108
796,85.0,2008-12-10,161.202080293
797,85.0,2008-12-11,175.909612138
798,85.0,2008-12-12,196.721482569
799,85.0,2008-12-14,184.600996171
800,85.0,2008-12-15,155.336712668
801,85.0,2008-12-16,190.371053982
802,85.0,2008-12-17,154.935422843
803,85.0,2008-12-18,170.606932592
804,85.0,2008-12-19,188.54438906
805,85.0,2008-12-21,183.660115121
806,85.0,2008-12-22,138.7132383
807,85.0,2008-12-23,152.252303939
808,85.0,2008-12-24,170.468899384
809,85.0,2008-12-25,171.867725541
810,85.0,2008-12-26,185.880370052
811,85.0,2008-12-27,148.699574597
812,85.0,2008-12-28,187.141254631
813,85.0,2008-12-29,169.445840217
814,85.0,2008-12-30,194.066856031
815,85.0,2008-12-31,177.767472234
816,85.0,2009-01-01,177.916209868
817,85.0,2009-01-02,173.784128689
818,85.0,2009-01-04,176.203575459
819,85.0,2009-01-05,165.755573438
820,85.0,2009-01-06,186.396661811
821,85.0,2009-01-07,161.292463834
822,85.0,2009-01-08,165.407421716
823,85.0,2009-01-09,196.620458702
824,85.0,2009-01-10,175.325653928
825,85.0,2009-03-13,175.471983682
826,85.0,2009-03-14,152.338467845
827,85.0,2009-03-16,184.933363666
828,85.0,2009-03-17,172.07916894
829,85.0,2009-03-18,217.354466597
830,85.0,2009-03-20,179.837201307
831,85.0,2009-03-21,215.168559021
832,85.0,2009-03-22,205.715886349
833,85.0,2009-03-23,183.449019121
834,85.0,2009-03-24,183.370591726
835,85.0,2009-03-26,180.923642873
836,85.0,2009-03-27,175.126492773
837,85.0,2009-03-29,196.966242256
838,85.0,2009-03-31,196.059579344
839,85.0,2009-04-01,177.996803328
840,85.0,2009-04-02,186.891017811
841,85.0,2009-04-03,193.153030135
842,85.0,2009-04-04,195.842342384
843,85.0,2009-04-05,174.728776705
844,85.0,2009-04-06,170.481171459
845,85.0,2009-04-07,185.134956715
846,85.0,2009-04-08,191.267499957
847,85.0,2009-04-09,195.605674808
848,85.0,2009-04-10,207.977745553
849,85.0,2009-04-11,180.827191036
850,85.0,2009-04-12,174.928349673
851,85.0,2009-04-13,152.175376728
852,85.0,2009-04-14,157.709292219
853,85.0,2009-04-15,197.266327079
854,85.0,2009-04-16,200.903418736
855,85.0,2009-04-18,171.028656345
856,85.0,2009-04-19,170.085608415
857,85.0,2009-04-20,181.709231403
858,85.0,2009-04-21,167.384464247
859,85.0,2009-04-22,183.157169245
860,85.0,2009-04-24,152.092107691
861,85.0,2009-04-25,212.545288006
862,85.0,2009-04-26,172.37988626
863,85.0,2009-04-27,165.538234864
864,85.0,2009-04-28,157.097068825
865,85.0,2009-04-29,155.204586742
866,85.0,2009-05-02,146.796429995
867,85.0,2009-05-03,195.30077589
868,85.0,2009-05-04,194.152073481
869,85.0,2009-05-06,199.215282249
870,85.0,2009-05-07,144.341622
871,85.0,2009-05-08,166.397406687
872,85.0,2009-05-09,165.341274104
873,85.0,2009-05-10,166.706925465
874,85.0,2009-05-12,166.980570399
875,85.0,2009-05-14,191.546429022
876,85.0,2009-05-15,199.253189288
877,85.0,2009-05-16,156.630946041
878,85.0,2009-05-17,183.762306057
879,85.0,2009-05-19,222.612187172
880,85.0,2009-05-20,170.351037418
881,85.0,2009-05-21,181.328008623
882,85.0,2009-05-22,158.233422069
883,85.0,2009-05-23,207.512104821
884,85.0,2009-05-24,174.299043051
885,85.0,2009-06-11,188.947061114
886,85.0,2009-06-13,188.681087651
887,85.0,2009-06-14,195.9512728
888,85.0,2009-06-15,193.605531642
889,85.0,2009-06-17,150.636142605
890,85.0,2009-06-18,170.46657345
891,85.0,2009-06-19,195.428044774
892,85.0,2009-06-20,207.936356241
893,85.0,2009-06-22,192.157925046
894,85.0,2009-06-23,204.820436734
895,85.0,2009-06-24,184.379078851
896,85.0,2009-06-25,165.617051286
897,85.0,2009-06-26,203.083392395
898,85.0,2009-06-27,205.26886627
899,85.0,2009-06-28,202.852937672
900,85.0,2009-06-29,204.994703517
901,85.0,2009-07-01,206.086342841
902,85.0,2009-07-02,146.499483755
903,85.0,2009-07-03,213.096462202
904,85.0,2009-07-04,206.817531759
905,85.0,2009-07-05,173.505001467
906,85.0,2009-07-06,176.784595623
907,85.0,2009-07-07,199.977429142
908,85.0,2009-07-08,211.15321975
909,85.0,2009-07-28,220.189571014
910,85.0,2009-07-29,208.664639335
911,85.0,2009-07-31,187.563941367
912,85.0,2009-08-03,194.349689997
913,85.0,2009-08-06,206.564249966
914,85.0,2009-08-08,191.875226855
915,85.0,2009-08-10,229.262633009
916,85.0,2009-08-11,207.478596049
917,85.0,2009-08-12,192.049941327
918,85.0,2009-08-13,238.787169984
919,85.0,2009-08-15,179.962340741
920,85.0,2009-08-19,202.170030485
921,85.0,2009-08-20,230.041388668
922,85.0,2009-08-21,197.674610411
923,85.0,2009-08-23,209.65124617
924,85.0,2009-08-24,201.641143054
925,85.0,2009-08-25,219.875200545
926,85.0,2009-08-26,182.05865207
927,85.0,2009-08-27,198.411708315
928,85.0,2009-08-28,199.681743276
929,85.0,2009-08-31,189.683781336
930,85.0,2009-09-01,242.537045049
931,85.0,2009-09-02,188.086605956
932,85.0,2009-09-03,170.846774385
933,85.0,2009-09-04,196.619287971
934,85.0,2009-09-07,211.657406187
935,85.0,2009-09-08,202.987191518
936,85.0,2009-09-09,190.919003403
937,85.0,2009-09-10,206.685516935
938,85.0,2009-09-11,212.15211624
939,85.0,2009-09-12,177.290821531
940,85.0,2009-09-13,206.604274668
941,85.0,2009-09-14,195.698675353
942,85.0,2009-09-15,205.549189334
943,85.0,2009-09-16,184.734794953
944,85.0,2009-09-17,205.772585642
945,85.0,2009-09-18,202.092131949
946,85.0,2009-09-20,170.636762692
947,85.0,2009-09-21,214.859081585
948,85.0,2009-09-22,220.719683809
949,85.0,2009-09-23,184.123900539
950,85.0,2009-09-24,207.0942569
951,85.0,2009-09-25,192.143560653
952,85.0,2009-09-27,198.534953884
953,85.0,2009-09-28,187.612576444
954,86.0,2007-04-30,184.111115822
955,86.0,2007-05-04,222.765648494
956,86.0,2007-05-05,192.044029271
957,86.0,2007-05-06,235.188315323
958,86.0,2007-05-07,203.518655063
959,87.0,2007-08-15,187.572841294
960,87.0,2007-08-16,172.584698757
961,89.0,2008-04-28,110.889909484
962,89.0,2008-04-30,144.1916527
963,89.0,2008-05-01,97.7367478002
964,89.0,2008-05-02,225.122407216
965,89.0,2008-05-03,164.093164364
966,89.0,2008-05-05,181.388923757
967,89.0,2008-05-06,193.46450256
968,89.0,2008-05-07,233.387527496
969,89.0,2008-05-08,121.325143482
970,89.0,2008-05-09,121.619983247
971,89.0,2008-05-10,186.478021813
972,89.0,2008-05-11,183.745029674
973,89.0,2008-05-17,231.3108208
974,89.0,2008-05-18,174.938541514
975,89.0,2008-08-01,137.053779188
976,91.0,2007-11-26,204.745758134
977,92.0,2008-03-22,251.618192388
978,92.0,2008-03-24,183.642379239
979,92.0,2008-05-17,202.302378574
980,96.0,2008-07-10,174.93769511
981,96.0,2008-07-12,218.317794459
982,96.0,2008-07-18,163.683162828
983,96.0,2008-07-19,187.233682996
984,96.0,2008-07-20,193.889689894
985,96.0,2008-07-21,191.261415147
986,96.0,2008-07-22,137.495811985
987,96.0,2008-07-23,189.189587257
988,96.0,2008-07-25,72.8175607534
989,96.0,2008-07-28,137.496851271
990,96.0,2008-07-30,186.843752806
991,96.0,2008-07-31,180.302811299
992,96.0,2008-08-05,181.612678899
993,96.0,2008-08-06,135.340388445
994,96.0,2008-08-11,151.416342853
995,96.0,2008-08-13,148.540504073
996,96.0,2008-08-14,103.637862192
997,96.0,2008-08-15,168.562696607
998,96.0,2008-08-22,130.598211307
999,96.0,2008-12-10,220.874682766
1000,97.0,2007-06-14,174.884064843
1001,97.0,2007-06-15,128.469386034
1002,97.0,2007-06-24,156.966705221
1003,98.0,2007-05-29,174.113237638
1004,98.0,2007-05-31,186.624556126
1005,98.0,2007-06-02,177.511032627
1006,98.0,2007-06-04,182.878309296
1007,101.0,2008-03-30,161.938707263
1008,101.0,2008-06-29,206.63139628
1009,102.0,2011-10-19,201.832349026
1010,102.0,2011-10-21,158.245596845
1011,102.0,2011-10-23,172.717095207
1012,102.0,2011-11-03,185.608014032
1013,102.0,2011-11-05,218.759996766
1014,102.0,2011-11-08,224.753593916
1015,102.0,2011-11-09,166.51339763
1016,102.0,2011-11-12,106.981243655
1017,102.0,2011-11-14,239.997736616
1018,102.0,2011-11-15,206.4332111
1019,102.0,2011-12-07,158.949536148
1020,102.0,2011-12-19,201.416802629
1021,102.0,2011-12-26,194.362828348
1022,102.0,2011-12-27,209.83325208
1023,102.0,2011-12-30,179.542460549
1024,102.0,2011-12-31,217.019247172
1025,104.0,2008-01-01,152.895100869
1026,104.0,2008-03-28,174.983281068
1027,105.0,2007-10-02,258.561485815
1028,105.0,2007-10-03,119.892103375
1029,105.0,2007-10-05,179.79928648
1030,105.0,2007-10-07,268.288323336
1031,105.0,2007-10-09,151.141483796
1032,105.0,2007-10-10,220.890689495
1033,106.0,2007-10-08,194.331704797
1034,106.0,2007-10-09,165.611870836
1035,106.0,2007-10-10,117.153281091
1036,108.0,2007-10-04,84.4031584003
1037,110.0,2008-01-18,101.030320853
1038,111.0,2007-04-19,203.622982093
1039,111.0,2007-04-21,149.902566414
1040,111.0,2007-06-16,195.159326167
1041,111.0,2007-06-17,177.71093165
1042,111.0,2007-09-07,175.930485877
1043,112.0,2008-02-25,78.5611411605
1044,112.0,2008-05-10,134.228664454
1045,112.0,2008-05-16,213.357607204
1046,112.0,2008-05-17,241.155759263
1047,112.0,2008-05-18,174.904957625
1048,112.0,2008-05-19,126.478365065
1049,112.0,2008-05-21,134.392341068
1050,112.0,2008-05-22,96.1982857492
1051,112.0,2008-05-23,229.773687069
1052,112.0,2008-05-24,182.570327842
1053,112.0,2008-05-25,210.151219994
1054,112.0,2008-05-26,136.715949856
1055,112.0,2008-05-27,197.953838089
1056,112.0,2008-05-28,149.924039265
1057,112.0,2008-05-29,222.335403061
1058,112.0,2008-05-30,173.215111667
1059,112.0,2008-05-31,179.66788721
1060,112.0,2008-06-01,184.538776909
1061,112.0,2008-06-02,207.771035872
1062,112.0,2008-06-03,167.538883618
1063,112.0,2008-06-04,217.175733425
1064,112.0,2008-06-05,222.333421813
1065,112.0,2008-06-06,170.833485991
1066,112.0,2008-06-07,182.913700622
1067,112.0,2008-06-08,162.975682652
1068,112.0,2008-06-09,181.988289182
1069,112.0,2008-06-10,198.11044544
1070,112.0,2008-06-11,182.182007449
1071,112.0,2008-06-12,160.971618594
1072,112.0,2008-06-13,208.173920728
1073,112.0,2008-06-14,114.261126023
1074,112.0,2008-06-15,182.786737704
1075,112.0,2008-06-16,221.618809598
1076,112.0,2008-06-17,181.973515278
1077,112.0,2008-06-18,175.787751006
1078,112.0,2008-06-19,157.025932313
1079,112.0,2008-06-20,158.055892544
1080,112.0,2008-06-21,189.51581334
1081,112.0,2008-06-22,233.286995432
1082,112.0,2008-06-25,193.221769588
1083,112.0,2008-06-26,175.254039785
1084,112.0,2008-06-27,177.280473732
1085,112.0,2008-06-28,182.677208844
1086,112.0,2008-06-29,209.86416261
1087,112.0,2008-06-30,218.0390385
1088,112.0,2008-07-01,180.463310158
1089,112.0,2008-07-02,183.403196677
1090,112.0,2008-07-03,176.924721451
1091,112.0,2008-07-04,183.407658202
1092,112.0,2008-07-05,181.663759471
1093,112.0,2008-07-06,222.883734252
1094,112.0,2008-07-07,175.534115818
1095,112.0,2008-07-08,219.503330723
1096,112.0,2008-07-09,139.124376775
1097,112.0,2008-07-10,119.923856897
1098,112.0,2008-07-11,133.594314458
1099,112.0,2008-07-13,180.32177105
1100,112.0,2008-07-16,192.879635868
1101,112.0,2008-07-17,124.616581874
1102,112.0,2008-07-18,134.208246111
1103,115.0,2007-05-10,187.40578316
1104,115.0,2007-05-13,146.199154708
1105,115.0,2007-05-14,180.283892904
1106,115.0,2007-05-15,179.961153512
1107,115.0,2007-05-16,287.560118936
1108,115.0,2007-05-18,336.871509237
1109,115.0,2007-05-19,248.285671292
1110,115.0,2007-05-21,293.000129735
1111,115.0,2007-05-22,237.6545954
1112,115.0,2007-05-23,165.206433933
1113,115.0,2007-09-08,227.519521081
1114,115.0,2008-04-16,179.020124571
1115,115.0,2008-04-17,239.226699502
1116,115.0,2008-04-29,289.236094357
1117,115.0,2008-04-30,173.040556868
1118,115.0,2008-05-01,166.131085594
1119,115.0,2008-05-04,240.045013148
1120,115.0,2008-05-05,261.171106673
1121,115.0,2008-05-06,212.195991869
1122,115.0,2008-05-07,203.175167827
1123,115.0,2008-05-08,174.210342096
1124,115.0,2008-05-09,114.83918788
1125,115.0,2008-05-12,252.191519554
1126,115.0,2008-05-13,172.144612148
1127,115.0,2008-05-14,151.083932397
1128,115.0,2008-05-15,162.061709258
1129,115.0,2008-05-16,201.338497094
1130,115.0,2008-05-20,241.85746329
1131,115.0,2008-05-21,193.526497363
1132,115.0,2008-05-22,272.529951458
1133,115.0,2008-05-23,227.40442615
1134,115.0,2008-05-25,292.143621289
1135,115.0,2008-05-26,216.290678395
1136,115.0,2008-05-27,240.62118359
1137,115.0,2008-05-28,177.909867074
1138,115.0,2008-05-29,201.078155047
1139,115.0,2008-05-30,118.019336595
1140,115.0,2008-06-01,252.052243105
1141,115.0,2008-06-02,234.466290163
1142,115.0,2008-06-03,219.089213739
1143,115.0,2008-06-04,174.563628149
1144,115.0,2008-06-05,170.928626201
1145,115.0,2008-06-06,109.450582932
1146,115.0,2008-06-09,247.08346474
1147,115.0,2008-06-10,221.541360497
1148,115.0,2008-06-11,180.639341552
1149,115.0,2008-06-12,212.608719612
1150,115.0,2008-06-15,249.576547538
1151,115.0,2008-06-16,132.101003895
1152,115.0,2008-06-17,233.086749504
1153,115.0,2008-06-18,179.079916865
1154,115.0,2008-06-19,153.314701377
1155,115.0,2008-06-20,128.906162343
1156,115.0,2008-06-22,240.084931453
1157,115.0,2008-06-23,153.053106624
1158,115.0,2008-06-24,187.809793088
1159,115.0,2008-06-25,107.026608782
1160,115.0,2008-06-26,177.792196235
1161,115.0,2008-06-27,124.324988307
1162,115.0,2008-06-28,170.567235994
1163,115.0,2008-06-29,279.466354083
1164,115.0,2008-06-30,187.685840948
1165,115.0,2008-07-01,247.637184143
1166,115.0,2008-07-02,221.284764995
1167,115.0,2008-07-04,166.764457686
1168,115.0,2008-07-06,233.259634163
1169,115.0,2008-07-07,203.622717376
1170,115.0,2008-07-22,192.522731957
1171,115.0,2008-07-23,183.839334189
1172,117.0,2007-06-21,297.414143235
1173,117.0,2007-06-22,258.838753093
1174,117.0,2007-06-25,167.767747812
1175,117.0,2007-06-27,246.056670283
1176,117.0,2007-06-29,269.841274533
1177,117.0,2007-07-04,226.526009289
1178,125.0,2008-05-10,143.877197647
1179,125.0,2008-05-11,162.14577616
1180,125.0,2008-05-23,195.46728646
1181,125.0,2008-05-24,177.014357753
1182,125.0,2008-05-30,142.21421212
1183,125.0,2008-05-31,240.036761029
1184,125.0,2008-06-05,146.718244176
1185,125.0,2008-06-07,160.126463575
1186,125.0,2008-06-20,149.470564306
1187,125.0,2008-06-21,205.426802442
1188,125.0,2008-06-22,268.59084038
1189,125.0,2008-08-20,159.506992579
1190,125.0,2008-08-23,149.99788129
1191,125.0,2008-08-24,179.743498315
1192,125.0,2008-08-27,170.68517133
1193,125.0,2008-08-28,180.91607667
1194,125.0,2008-09-02,142.417499932
1195,125.0,2008-09-03,197.419478203
1196,125.0,2008-09-06,143.365563769
1197,125.0,2008-09-09,189.581699219
1198,125.0,2008-09-12,181.802420712
1199,125.0,2008-09-13,167.431158253
1200,125.0,2008-09-16,166.485139481
1201,125.0,2008-09-17,195.497379428
1202,125.0,2008-09-20,201.034088215
1203,125.0,2008-09-21,133.283254057
1204,125.0,2008-09-25,103.231039387
1205,125.0,2008-10-06,95.065106595
1206,125.0,2008-10-11,79.6293227387
1207,126.0,2008-04-22,175.180570792
1208,126.0,2008-04-26,191.972334576
1209,126.0,2008-04-27,155.344766767
1210,126.0,2008-05-01,218.833527825
1211,126.0,2008-05-02,189.757362142
1212,126.0,2008-05-03,167.379968071
1213,126.0,2008-05-10,155.536877717
1214,126.0,2008-05-11,170.264627206
1215,126.0,2008-05-16,210.828786782
1216,126.0,2008-05-17,162.093638529
1217,126.0,2008-05-18,151.730373225
1218,126.0,2008-05-21,172.444634743
1219,126.0,2008-05-23,153.449399878
1220,126.0,2008-05-28,164.161738978
1221,126.0,2008-05-29,109.782045155
1222,126.0,2008-05-31,191.852744719
1223,126.0,2008-06-01,147.088605286
1224,126.0,2008-06-02,154.586318753
1225,126.0,2008-06-03,177.577921964
1226,126.0,2008-06-05,174.078990639
1227,126.0,2008-06-06,178.558564462
1228,126.0,2008-06-07,136.645468356
1229,126.0,2008-06-08,174.237181416
1230,126.0,2008-06-09,227.207241274
1231,126.0,2008-06-14,194.510393921
1232,126.0,2008-06-15,187.568546007
1233,126.0,2008-06-20,161.260899575
1234,126.0,2008-06-21,173.263920029
1235,126.0,2008-06-22,163.807575343
1236,126.0,2008-06-28,217.293381232
1237,126.0,2008-06-29,132.110078061
1238,126.0,2008-07-06,169.647007938
1239,126.0,2008-07-12,191.724941855
1240,126.0,2008-07-13,194.740937843
1241,126.0,2008-07-14,131.008199984
1242,126.0,2008-07-16,183.170896308
1243,126.0,2008-07-18,132.79752299
1244,126.0,2008-07-19,130.590152849
1245,126.0,2008-07-23,124.379840687
1246,126.0,2008-07-24,184.965094327
1247,126.0,2008-07-25,184.367537921
1248,126.0,2008-07-26,155.051195022
1249,126.0,2008-07-27,176.943126273
1250,126.0,2008-07-29,174.156749066
1251,126.0,2008-07-31,208.767833133
1252,126.0,2008-08-02,175.14260524
1253,126.0,2008-08-03,169.334336561
1254,126.0,2008-08-07,81.712840021
1255,126.0,2008-08-08,148.049308427
1256,126.0,2008-08-09,152.959990899
1257,126.0,2008-08-10,186.58356792
1258,126.0,2008-08-11,176.487391828
1259,126.0,2008-08-12,129.295742379
1260,126.0,2008-08-16,167.490816565
1261,126.0,2008-08-17,184.127873493
1262,126.0,2008-09-04,143.461286644
1263,126.0,2008-09-08,249.098963036
1264,126.0,2008-09-12,178.230552654
1265,126.0,2008-09-13,148.481506209
1266,126.0,2008-09-15,184.983863916
1267,126.0,2008-09-23,244.808599878
1268,126.0,2008-09-29,173.923191506
1269,126.0,2008-09-30,176.980593476
1270,126.0,2008-10-01,156.453149842
1271,126.0,2008-10-02,179.016383734
1272,126.0,2008-10-11,147.183898733
1273,126.0,2008-10-12,187.743119623
1274,126.0,2008-10-13,152.847093311
1275,126.0,2008-10-15,181.186935086
1276,126.0,2008-10-20,139.607118939
1277,126.0,2008-11-24,129.93344326
1278,126.0,2008-11-26,135.344232529
1279,126.0,2008-11-27,195.986651908
1280,126.0,2008-11-29,150.7425764
1281,126.0,2008-12-01,197.615200183
1282,126.0,2008-12-04,161.858343686
1283,126.0,2008-12-08,117.778540753
1284,126.0,2008-12-13,172.261205121
1285,128.0,2007-04-14,181.832710663
1286,128.0,2007-04-15,78.4020884693
1287,128.0,2007-04-16,326.693391822
1288,128.0,2007-04-18,223.329234408
1289,128.0,2007-04-19,242.842484966
1290,128.0,2007-04-20,254.91650635
1291,128.0,2007-04-21,168.054390396
1292,128.0,2007-05-05,209.107716612
1293,128.0,2007-05-06,166.349782144
1294,128.0,2007-05-08,171.077300887
1295,128.0,2007-05-27,304.122913557
1296,128.0,2007-05-29,256.880967968
1297,128.0,2007-05-30,170.783475173
1298,128.0,2007-05-31,185.275793592
1299,128.0,2007-06-01,250.590387481
1300,128.0,2007-06-04,165.667326649
1301,128.0,2007-06-20,271.589197349
1302,128.0,2007-06-21,213.774068783
1303,128.0,2007-06-25,169.137804254
1304,128.0,2007-06-26,252.743690869
1305,128.0,2007-06-27,152.05894335
1306,128.0,2007-06-28,160.518871905
1307,128.0,2007-06-29,315.532802965
1308,128.0,2007-07-01,187.839704721
1309,128.0,2007-07-02,205.343114516
1310,128.0,2007-07-03,167.241932531
1311,128.0,2007-07-07,305.665155338
1312,128.0,2007-07-08,194.18733144
1313,128.0,2008-05-01,185.224749451
1314,128.0,2008-05-03,208.965116145
1315,128.0,2008-05-04,225.675513988
1316,128.0,2008-05-06,179.045895682
1317,128.0,2008-05-09,203.055815218
1318,128.0,2008-05-10,188.177165759
1319,128.0,2008-05-12,231.985050903
1320,128.0,2008-05-13,228.655227999
1321,128.0,2008-05-14,178.453347509
1322,128.0,2008-05-15,235.277399441
1323,128.0,2008-05-16,184.176191504
1324,128.0,2008-05-17,202.901363212
1325,128.0,2008-05-18,159.369927245
1326,128.0,2008-05-23,199.473429201
1327,128.0,2008-06-06,201.833641685
1328,128.0,2008-06-07,71.6054263648
1329,128.0,2008-06-10,216.16685214
1330,128.0,2008-06-11,183.545179326
1331,128.0,2008-06-27,258.220015097
1332,128.0,2008-06-29,225.836931217
1333,128.0,2008-06-30,174.374665593
1334,128.0,2008-07-01,200.479229944
1335,128.0,2008-07-02,198.010921007
1336,128.0,2008-07-03,182.469584365
1337,128.0,2008-07-04,205.994862728
1338,128.0,2008-07-05,175.715327216
1339,128.0,2008-07-06,176.601186532
1340,128.0,2008-07-07,181.859797115
1341,128.0,2008-07-08,210.572052283
1342,128.0,2008-07-09,192.998811601
1343,128.0,2008-07-10,187.843954658
1344,128.0,2008-07-11,137.653697217
1345,128.0,2008-07-12,156.347571358
1346,128.0,2008-07-13,156.90145185
1347,128.0,2008-07-17,251.860494052
1348,128.0,2008-07-18,205.249104931
1349,128.0,2008-07-19,168.769881073
1350,128.0,2008-07-27,221.776393569
1351,128.0,2008-07-28,208.764499118
1352,128.0,2008-07-29,206.187811363
1353,128.0,2008-07-30,181.486483641
1354,128.0,2008-07-31,241.2412275
1355,128.0,2008-08-01,169.105801032
1356,128.0,2008-08-05,199.262269925
1357,128.0,2008-08-06,226.451140593
1358,128.0,2008-08-07,190.115590466
1359,128.0,2008-08-08,176.367753835
1360,128.0,2008-08-09,167.271570118
1361,128.0,2008-08-11,177.345646042
1362,128.0,2008-08-12,199.568231372
1363,128.0,2008-08-13,192.362475246
1364,128.0,2008-08-15,192.196688772
1365,128.0,2008-08-17,201.79922098
1366,128.0,2008-08-18,174.20642634
1367,128.0,2008-08-21,259.042562551
1368,128.0,2008-08-22,204.663684154
1369,128.0,2008-08-23,194.123325338
1370,128.0,2008-08-24,186.530058187
1371,128.0,2008-08-25,177.905593743
1372,128.0,2008-08-26,202.377690613
1373,128.0,2008-08-27,223.082064155
1374,128.0,2008-08-28,188.475956414
1375,128.0,2008-08-29,203.89064554
1376,128.0,2008-09-01,219.078703295
1377,128.0,2008-09-02,215.174160343
1378,128.0,2008-09-03,199.050885496
1379,128.0,2008-09-04,205.703217767
1380,128.0,2008-09-05,191.266543063
1381,128.0,2008-09-06,183.246402545
1382,128.0,2008-09-07,169.861440214
1383,128.0,2008-09-08,190.201034498
1384,128.0,2008-09-09,224.725077027
1385,128.0,2008-09-10,237.46837201
1386,128.0,2008-09-11,183.023545731
1387,128.0,2008-09-12,189.160030633
1388,128.0,2008-09-13,187.490687838
1389,128.0,2008-09-14,204.010073969
1390,128.0,2008-09-15,183.446574059
1391,128.0,2008-09-16,238.481223421
1392,128.0,2008-09-17,224.763381275
1393,128.0,2008-09-18,212.123700783
1394,128.0,2008-09-19,206.135045633
1395,128.0,2008-09-20,190.795904093
1396,128.0,2008-09-21,209.022784672
1397,128.0,2008-09-22,200.787106102
1398,128.0,2008-09-23,208.345955806
1399,128.0,2008-09-24,188.774105008
1400,128.0,2008-09-25,216.35118156
1401,128.0,2008-09-26,135.666551708
1402,128.0,2008-09-27,195.023847571
1403,128.0,2008-09-28,219.934245791
1404,128.0,2008-09-30,214.401746466
1405,128.0,2008-10-01,171.505528948
1406,128.0,2008-10-02,139.516354142
1407,128.0,2008-10-03,170.801948582
1408,128.0,2008-10-04,159.608092054
1409,128.0,2008-10-05,177.07935741
1410,128.0,2008-10-07,186.626349726
1411,128.0,2008-10-08,203.627406366
1412,128.0,2008-10-09,208.451151253
1413,128.0,2008-10-10,211.881261604
1414,128.0,2008-10-11,189.008691585
1415,128.0,2008-10-12,212.059305188
1416,128.0,2008-10-13,253.741057078
1417,128.0,2008-10-14,199.604638226
1418,128.0,2008-10-15,207.396733318
1419,128.0,2008-10-16,200.807378244
1420,128.0,2008-10-17,176.18283981
1421,128.0,2008-10-19,175.624583294
1422,128.0,2008-10-20,166.369782565
1423,128.0,2008-10-21,194.444116948
1424,128.0,2008-10-22,180.415375273
1425,128.0,2008-10-23,213.930931063
1426,128.0,2008-10-24,211.73591827
1427,128.0,2008-10-25,188.988562482
1428,128.0,2008-10-26,216.164305001
1429,128.0,2008-10-27,206.369794463
1430,128.0,2008-10-28,204.560997174
1431,128.0,2008-10-29,179.602168405
1432,128.0,2008-10-30,185.807652488
1433,128.0,2008-10-31,207.068551607
1434,128.0,2008-11-01,186.018706907
1435,128.0,2008-11-03,203.463590592
1436,128.0,2008-11-04,193.206022259
1437,128.0,2008-11-05,198.151429327
1438,128.0,2008-11-06,204.030531505
1439,128.0,2008-11-07,209.502098059
1440,128.0,2008-11-08,192.003350967
1441,128.0,2008-11-10,203.526011666
1442,128.0,2008-11-11,196.189762742
1443,128.0,2008-11-12,206.782774766
1444,128.0,2008-11-13,197.987399097
1445,128.0,2008-11-14,184.739712288
1446,128.0,2008-11-15,192.283544052
1447,128.0,2008-11-16,182.534366197
1448,128.0,2008-11-17,190.775684722
1449,128.0,2008-11-18,217.900466672
1450,128.0,2008-11-19,209.942606973
1451,128.0,2008-11-20,152.33875879
1452,128.0,2008-11-21,146.438570611
1453,128.0,2008-11-22,176.045517779
1454,128.0,2008-11-23,165.844533189
1455,128.0,2008-11-24,203.507944656
1456,128.0,2008-11-25,177.357607366
1457,128.0,2008-11-26,210.819020245
1458,128.0,2008-11-27,192.244744125
1459,128.0,2008-11-28,185.581977939
1460,128.0,2008-11-29,163.829279639
1461,128.0,2008-11-30,183.038312252
1462,128.0,2008-12-01,171.253283237
1463,128.0,2008-12-02,191.811343872
1464,128.0,2008-12-03,194.999534735
1465,128.0,2008-12-04,213.433557576
1466,128.0,2008-12-05,187.495203627
1467,128.0,2008-12-06,201.040548891
1468,128.0,2008-12-07,200.154541029
1469,128.0,2008-12-08,247.586259645
1470,128.0,2008-12-09,222.918529753
1471,128.0,2008-12-10,178.883924931
1472,128.0,2008-12-11,171.630021148
1473,128.0,2008-12-12,182.63944262
1474,128.0,2008-12-13,187.711521574
1475,128.0,2008-12-14,184.292190141
1476,128.0,2008-12-15,197.612230366
1477,128.0,2008-12-16,176.836210083
1478,128.0,2008-12-17,178.370207131
1479,128.0,2008-12-18,196.583983123
1480,128.0,2008-12-19,212.066597738
1481,128.0,2008-12-21,175.588713243
1482,128.0,2008-12-22,191.589196615
1483,128.0,2008-12-23,187.033940434
1484,128.0,2008-12-24,177.880012805
1485,128.0,2008-12-25,159.768162124
1486,128.0,2008-12-26,174.113265597
1487,128.0,2008-12-27,183.859539317
1488,128.0,2008-12-29,218.828681275
1489,128.0,2008-12-30,189.535044214
1490,128.0,2008-12-31,170.509474209
1491,128.0,2009-01-01,175.918656387
1492,128.0,2009-01-02,188.328175265
1493,128.0,2009-01-03,192.05709268
1494,128.0,2009-01-04,189.642749464
1495,128.0,2009-01-05,182.153859504
1496,128.0,2009-01-06,210.044748961
1497,128.0,2009-01-07,172.5806561
1498,128.0,2009-01-08,201.630555327
1499,128.0,2009-01-09,184.727895068
1500,128.0,2009-01-12,190.186228629
1501,128.0,2009-01-13,200.166615159
1502,128.0,2009-01-14,179.251620036
1503,128.0,2009-01-15,169.426380442
1504,128.0,2009-01-16,193.209843739
1505,128.0,2009-01-17,171.973109443
1506,128.0,2009-01-18,179.127164012
1507,128.0,2009-01-19,171.023749916
1508,128.0,2009-01-20,119.579713536
1509,128.0,2009-01-28,167.829178159
1510,128.0,2009-02-01,180.469555772
1511,128.0,2009-02-02,169.779417306
1512,128.0,2009-02-04,232.688698869
1513,128.0,2009-02-05,180.845120385
1514,128.0,2009-02-06,183.68372195
1515,128.0,2009-02-08,177.194942079
1516,128.0,2009-02-09,225.605241877
1517,128.0,2009-02-10,247.114264429
1518,128.0,2009-02-11,177.239471043
1519,128.0,2009-02-12,194.847184721
1520,128.0,2009-02-13,179.257704629
1521,128.0,2009-02-14,191.505529995
1522,128.0,2009-02-16,188.186050903
1523,128.0,2009-02-17,216.716950797
1524,128.0,2009-02-18,209.315759107
1525,128.0,2009-02-19,222.298306656
1526,128.0,2009-02-20,175.17462671
1527,128.0,2009-02-21,194.969640526
1528,128.0,2009-02-22,141.851950307
1529,128.0,2009-02-23,193.847941535
1530,128.0,2009-02-27,172.166478937
1531,128.0,2009-02-28,197.608284827
1532,128.0,2009-03-01,225.641123939
1533,128.0,2009-03-02,140.202411065
1534,128.0,2009-03-03,182.431322079
1535,128.0,2009-03-04,170.421691615
1536,128.0,2009-03-05,198.314900204
1537,128.0,2009-03-07,183.576281398
1538,128.0,2009-03-09,183.836095282
1539,128.0,2009-03-10,209.7623664
1540,128.0,2009-03-11,162.270075144
1541,128.0,2009-03-12,215.800784397
1542,128.0,2009-03-13,221.659555089
1543,128.0,2009-03-14,215.002159921
1544,128.0,2009-03-15,164.590960308
1545,128.0,2009-03-16,194.228427367
1546,128.0,2009-03-17,203.011853802
1547,128.0,2009-03-18,171.006522947
1548,128.0,2009-03-19,211.531176748
1549,128.0,2009-03-20,190.764902368
1550,128.0,2009-03-21,179.206266876
1551,128.0,2009-03-22,176.045459431
1552,128.0,2009-03-23,208.644015099
1553,128.0,2009-03-24,190.212373247
1554,128.0,2009-03-26,176.815829322
1555,128.0,2009-03-27,157.044232199
1556,128.0,2009-03-28,176.708728489
1557,128.0,2009-03-29,175.240128532
1558,128.0,2009-03-30,188.09128394
1559,128.0,2009-03-31,188.096050764
1560,128.0,2009-04-01,192.770222894
1561,128.0,2009-04-02,191.562438299
1562,128.0,2009-04-03,186.327489245
1563,128.0,2009-04-04,180.946995993
1564,128.0,2009-04-06,192.517208367
1565,128.0,2009-04-07,251.687931239
1566,128.0,2009-04-08,168.842899076
1567,128.0,2009-04-09,239.002018736
1568,128.0,2009-04-10,174.34303099
1569,128.0,2009-04-11,188.707187516
1570,128.0,2009-04-12,213.977848012
1571,128.0,2009-04-13,229.094950038
1572,128.0,2009-04-14,222.71283743
1573,128.0,2009-04-15,217.604574241
1574,128.0,2009-04-16,194.77917158
1575,128.0,2009-04-17,176.543309066
1576,128.0,2009-04-18,200.488768206
1577,128.0,2009-04-19,201.17837042
1578,128.0,2009-04-20,184.478674602
1579,128.0,2009-04-21,224.769056544
1580,128.0,2009-04-22,189.065305397
1581,128.0,2009-04-23,199.415119688
1582,128.0,2009-04-24,204.535135367
1583,128.0,2009-04-27,214.505336351
1584,128.0,2009-04-28,222.557204584
1585,128.0,2009-04-29,157.628088356
1586,128.0,2009-04-30,192.092419747
1587,128.0,2009-05-01,195.396779101
1588,128.0,2009-05-02,184.728903518
1589,128.0,2009-05-03,187.606567013
1590,128.0,2009-05-04,205.612306228
1591,128.0,2009-05-05,212.443266107
1592,128.0,2009-05-06,190.440994855
1593,128.0,2009-05-07,203.253610049
1594,128.0,2009-05-08,103.344057526
1595,128.0,2009-05-09,197.959586671
1596,128.0,2009-05-10,157.764746633
1597,128.0,2009-05-11,222.368119311
1598,128.0,2009-05-12,202.266571875
1599,128.0,2009-05-13,210.816359531
1600,128.0,2009-05-14,214.271313322
1601,128.0,2009-05-15,188.5102467
1602,128.0,2009-05-17,184.001028254
1603,128.0,2009-05-18,214.989801568
1604,128.0,2009-05-19,221.100842032
1605,128.0,2009-05-20,182.519784076
1606,128.0,2009-05-21,219.83499962
1607,128.0,2009-05-22,188.658839179
1608,128.0,2009-05-24,237.693413869
1609,128.0,2009-05-25,190.943323585
1610,128.0,2009-05-26,196.748366405
1611,128.0,2009-05-27,184.493389897
1612,128.0,2009-05-29,172.629419337
1613,128.0,2009-05-31,240.739918514
1614,128.0,2009-06-01,189.570283184
1615,128.0,2009-06-02,209.566806886
1616,128.0,2009-06-03,188.182495106
1617,128.0,2009-06-04,216.268593576
1618,128.0,2009-06-05,174.706663045
1619,128.0,2009-06-06,175.406630268
1620,128.0,2009-06-07,196.031992332
1621,129.0,2008-06-27,165.406847176
1622,138.0,2007-05-25,233.645436269
1623,138.0,2007-05-26,221.398503909
1624,138.0,2007-06-12,213.844706347
1625,138.0,2007-06-21,221.544528575
1626,138.0,2007-06-27,190.130198835
1627,139.0,2007-09-03,201.457256706
1628,139.0,2007-09-04,200.039009721
1629,139.0,2007-09-05,91.5301660972
1630,139.0,2007-10-04,84.4031584003
1631,141.0,2011-08-29,165.34041576
1632,141.0,2011-08-30,183.782554883
1633,141.0,2011-08-31,191.231310519
1634,141.0,2011-09-02,149.656836125
1635,141.0,2011-09-03,162.933893578
1636,141.0,2011-09-05,195.000850412
1637,141.0,2011-09-09,137.807951639
1638,141.0,2011-09-10,153.936419857
1639,141.0,2011-09-11,181.462582962
1640,141.0,2011-09-17,166.601938193
1641,141.0,2011-09-18,167.394552808
1642,141.0,2011-09-19,187.553938666
1643,141.0,2011-09-23,141.979320546
1644,141.0,2011-09-24,156.891210863
1645,141.0,2011-09-25,166.228885906
1646,141.0,2011-09-26,182.889078369
1647,141.0,2011-09-29,153.41456421
1648,141.0,2011-10-08,168.146699102
1649,141.0,2011-10-09,168.199731755
1650,141.0,2011-10-10,170.052345246
1651,141.0,2011-10-11,157.822960528
1652,141.0,2011-10-12,145.560341875
1653,141.0,2011-10-13,176.846856609
1654,141.0,2011-10-14,187.456568156
1655,141.0,2011-10-22,133.82014602
1656,141.0,2011-10-23,172.653784999
1657,144.0,2008-05-01,97.3439438373
1658,144.0,2008-05-02,225.248623507
1659,144.0,2008-05-03,163.860253145
1660,144.0,2008-05-10,186.478021813
1661,144.0,2008-05-11,183.749797456
1662,144.0,2008-05-17,231.251285633
1663,144.0,2008-05-18,175.071546713
1664,144.0,2008-05-20,181.330308788
1665,153.0,2007-07-25,233.129965186
1666,153.0,2007-07-26,199.163914163
1667,153.0,2007-07-28,180.586056792
1668,153.0,2008-05-01,172.913358126
1669,153.0,2008-05-02,155.901601914
1670,153.0,2008-05-04,180.733527942
1671,153.0,2008-05-05,183.614893899
1672,153.0,2008-05-06,176.946641502
1673,153.0,2008-05-09,115.046991668
1674,153.0,2008-05-10,181.589697657
1675,153.0,2008-05-11,166.913772739
1676,153.0,2008-05-12,200.262277484
1677,153.0,2008-05-13,157.442793773
1678,153.0,2008-05-14,185.434015762
1679,153.0,2008-05-15,169.389910284
1680,153.0,2008-05-16,180.518704012
1681,153.0,2008-05-17,199.684632463
1682,153.0,2008-05-19,181.093400149
1683,153.0,2008-05-20,158.966193547
1684,153.0,2008-05-21,187.093538978
1685,153.0,2008-05-22,176.333919608
1686,153.0,2008-05-23,192.49473727
1687,153.0,2008-05-24,136.037968162
1688,153.0,2008-05-26,173.372040915
1689,153.0,2008-05-27,178.769061764
1690,153.0,2008-05-28,168.935983248
1691,153.0,2008-05-29,174.175864113
1692,153.0,2008-05-30,176.091038271
1693,153.0,2008-06-01,184.225135059
1694,153.0,2008-06-02,174.817774384
1695,153.0,2008-06-03,171.248295734
1696,153.0,2008-06-04,165.321488171
1697,153.0,2008-06-05,167.034341115
1698,153.0,2008-06-06,162.559212096
1699,153.0,2008-06-07,165.033447682
1700,153.0,2008-06-08,148.171516177
1701,153.0,2008-06-10,163.868579029
1702,153.0,2008-06-11,173.89177641
1703,153.0,2008-06-12,182.654693788
1704,153.0,2008-06-13,156.724668071
1705,153.0,2008-06-14,167.339024429
1706,153.0,2008-06-15,161.665642855
1707,153.0,2008-06-16,163.969036249
1708,153.0,2008-06-17,189.587300412
1709,153.0,2008-06-18,240.404742881
1710,153.0,2008-06-19,174.178740878
1711,153.0,2008-06-20,174.76338206
1712,153.0,2008-06-22,177.49887045
1713,153.0,2008-06-23,191.586722252
1714,153.0,2008-06-24,149.195575783
1715,153.0,2008-06-25,167.299227302
1716,153.0,2008-06-26,181.629505908
1717,153.0,2008-06-27,159.365752445
1718,153.0,2008-06-28,181.77315015
1719,153.0,2008-06-30,160.157104899
1720,153.0,2008-07-01,161.238591735
1721,153.0,2008-07-02,180.557671019
1722,153.0,2008-07-03,177.162176917
1723,153.0,2008-07-04,145.753701246
1724,153.0,2008-07-05,173.898173609
1725,153.0,2008-07-07,177.787072811
1726,153.0,2008-07-08,176.134335148
1727,153.0,2008-07-09,187.952855166
1728,153.0,2008-07-10,158.645663015
1729,153.0,2008-07-12,174.002838538
1730,153.0,2008-07-13,198.651944727
1731,153.0,2008-07-14,179.550955219
1732,153.0,2008-07-15,157.681233936
1733,153.0,2008-07-16,183.176734731
1734,153.0,2008-07-17,179.215772297
1735,153.0,2008-07-18,246.724547108
1736,153.0,2008-07-19,171.510660101
1737,153.0,2008-07-20,224.503730736
1738,153.0,2008-07-21,180.335471144
1739,153.0,2008-07-22,166.524701934
1740,153.0,2008-07-23,166.378441822
1741,153.0,2008-07-24,167.836951323
1742,153.0,2008-07-25,168.000601479
1743,153.0,2008-07-28,192.847107357
1744,153.0,2008-07-29,162.420832977
1745,153.0,2008-08-01,196.175722488
1746,153.0,2008-08-02,183.262053232
1747,153.0,2008-08-04,170.884357573
1748,153.0,2008-08-05,165.60149797
1749,153.0,2008-08-07,177.471709235
1750,153.0,2008-08-08,185.126975605
1751,153.0,2008-08-11,176.107502275
1752,153.0,2008-08-12,168.990065623
1753,153.0,2008-08-14,179.692007792
1754,153.0,2008-08-15,169.33296037
1755,153.0,2008-08-17,170.695125235
1756,153.0,2008-08-18,179.892421078
1757,153.0,2008-08-19,170.01163612
1758,153.0,2008-08-20,157.918223917
1759,153.0,2008-08-21,188.242687569
1760,153.0,2008-08-22,188.430183471
1761,153.0,2008-08-23,155.354618703
1762,153.0,2008-08-24,181.628982194
1763,153.0,2008-08-25,184.924881844
1764,153.0,2008-08-26,158.779678346
1765,153.0,2008-08-27,166.928052752
1766,153.0,2008-08-28,177.585794569
1767,153.0,2008-08-29,190.84532037
1768,153.0,2008-08-31,210.617867623
1769,153.0,2008-09-01,159.84302455
1770,153.0,2008-09-02,175.914325278
1771,153.0,2008-09-03,170.074958923
1772,153.0,2008-09-20,198.716168119
1773,153.0,2008-09-22,178.488798663
1774,153.0,2008-09-25,175.651416866
1775,153.0,2008-09-26,157.644460435
1776,153.0,2008-09-27,197.229453786
1777,153.0,2008-09-29,188.268413089
1778,153.0,2008-09-30,169.47177753
1779,153.0,2008-10-01,173.725665348
1780,153.0,2008-10-02,178.357381427
1781,153.0,2008-10-03,192.940718671
1782,153.0,2008-10-04,186.466922311
1783,153.0,2008-10-05,170.329052342
1784,153.0,2008-10-06,198.584684342
1785,153.0,2008-10-11,152.530270352
1786,153.0,2008-10-12,220.983486228
1787,153.0,2008-10-18,181.062966492
1788,153.0,2008-10-20,134.737494971
1789,153.0,2008-10-21,130.251166986
1790,153.0,2008-10-24,147.991687956
1791,153.0,2008-10-25,139.430894115
1792,153.0,2008-10-28,127.620709384
1793,153.0,2008-11-02,232.752816254
1794,153.0,2008-11-03,219.110384221
1795,153.0,2008-11-18,179.693497156
1796,153.0,2008-11-20,185.48265212
1797,153.0,2008-11-24,187.590767482
1798,153.0,2008-11-25,116.373663062
1799,153.0,2008-11-26,167.983336942
1800,153.0,2008-11-27,163.7933625
1801,153.0,2008-11-28,178.344060887
1802,153.0,2008-11-29,198.773952744
1803,153.0,2008-12-04,211.331772995
1804,153.0,2008-12-06,241.55316283
1805,153.0,2009-02-14,185.49198387
1806,153.0,2009-02-15,190.944658175
1807,153.0,2009-03-07,183.677982974
1808,153.0,2009-03-08,173.900577349
1809,153.0,2009-03-21,178.867122563
1810,153.0,2009-03-22,159.189272047
1811,153.0,2009-03-28,211.279925857
1812,153.0,2009-04-04,177.351790834
1813,153.0,2009-04-05,210.959405006
1814,153.0,2009-04-06,166.24529714
1815,153.0,2009-05-23,145.797098378
1816,153.0,2009-05-24,185.278524216
1817,153.0,2009-05-28,176.522077422
1818,153.0,2009-06-06,189.698298108
1819,153.0,2009-06-07,157.724387748
1820,153.0,2009-06-13,174.698367729
1821,153.0,2009-06-14,183.058004237
1822,153.0,2009-06-20,199.244505663
1823,153.0,2009-06-21,162.996211108
1824,153.0,2009-06-27,208.365245464
1825,153.0,2009-06-28,236.26348977
1826,153.0,2009-07-07,145.75150621
1827,153.0,2009-07-11,158.271102638
1828,153.0,2009-07-12,170.94239415
1829,153.0,2009-07-14,186.552881249
1830,153.0,2009-07-27,155.461949171
1831,153.0,2009-07-29,120.245704008
1832,153.0,2009-08-19,191.213926645
1833,153.0,2009-08-20,170.430366023
1834,153.0,2009-08-21,171.435906877
1835,153.0,2009-08-22,179.468860168
1836,153.0,2009-08-23,161.549878176
1837,153.0,2009-08-27,166.834544761
1838,153.0,2009-08-28,158.477178481
1839,153.0,2009-08-29,216.709024997
1840,153.0,2009-08-30,226.321539958
1841,153.0,2009-09-02,171.855951913
1842,153.0,2009-09-05,199.7220406
1843,153.0,2009-09-06,181.831671798
1844,153.0,2009-09-07,173.958849149
1845,153.0,2009-09-08,170.946617745
1846,153.0,2009-09-09,167.6398662
1847,153.0,2009-09-10,177.701520712
1848,153.0,2009-09-11,175.6805564
1849,153.0,2009-09-12,156.302382243
1850,153.0,2009-09-13,209.078434576
1851,153.0,2009-09-14,188.518292056
1852,153.0,2009-09-15,151.154558531
1853,153.0,2010-06-16,165.939295286
1854,153.0,2010-06-17,140.809426905
1855,153.0,2010-06-18,184.760230984
1856,153.0,2010-06-20,155.507403657
1857,153.0,2010-06-21,195.914036497
1858,153.0,2010-06-22,137.898401627
1859,153.0,2010-06-24,156.253771911
1860,153.0,2010-06-29,128.214679259
1861,153.0,2010-06-30,162.405156256
1862,153.0,2010-07-01,177.225720196
1863,153.0,2010-07-05,148.609963194
1864,153.0,2010-07-06,169.296787072
1865,153.0,2010-07-07,162.946894062
1866,153.0,2010-07-13,162.230293308
1867,153.0,2010-07-14,208.416846621
1868,153.0,2010-11-14,181.746086075
1869,153.0,2010-11-16,174.750209496
1870,153.0,2010-11-23,135.015574307
1871,153.0,2010-12-02,189.813746673
1872,153.0,2010-12-03,174.420103689
1873,153.0,2010-12-05,147.516895029
1874,153.0,2010-12-06,172.661203051
1875,153.0,2010-12-07,177.86518845
1876,153.0,2010-12-09,132.055587304
1877,153.0,2010-12-15,168.781331644
1878,153.0,2010-12-16,137.023099284
1879,153.0,2010-12-20,162.504492116
1880,153.0,2010-12-21,178.825645069
1881,154.0,2007-05-01,207.530756655
1882,154.0,2007-05-02,187.637977181
1883,154.0,2007-05-03,87.344326573
1884,154.0,2007-05-05,156.746311195
1885,154.0,2007-05-07,155.537568105
1886,154.0,2007-05-08,83.9531785849
1887,154.0,2007-05-09,173.030337803
1888,154.0,2007-05-10,225.839758223
1889,154.0,2007-05-11,98.2794140237
1890,154.0,2007-05-12,178.793215402
1891,154.0,2007-05-13,94.5682192386
1892,154.0,2007-05-14,175.71563603
1893,154.0,2007-05-15,169.927714214
1894,154.0,2007-05-16,106.548991198
1895,154.0,2007-05-17,231.290925065
1896,161.0,2007-04-13,208.330076163
1897,161.0,2007-04-14,131.773636908
1898,161.0,2007-04-16,231.46648398
1899,161.0,2007-04-17,212.470086639
1900,161.0,2007-04-19,120.371260744
1901,161.0,2007-04-20,160.017292902
1902,161.0,2007-04-24,217.433668031
1903,161.0,2007-04-25,256.91970264
1904,161.0,2007-04-27,212.903909078
1905,163.0,2007-05-20,183.945256443
1906,163.0,2007-06-13,200.268963175
1907,163.0,2007-06-14,125.766810226
1908,163.0,2007-06-16,126.167417107
1909,163.0,2007-06-17,99.8786884961
1910,163.0,2007-06-19,194.439252472
1911,163.0,2007-07-11,224.310260315
1912,163.0,2007-07-13,128.449132846
1913,163.0,2007-07-15,168.923495328
1914,163.0,2007-10-19,123.666326726
1915,163.0,2007-10-29,267.19415001
1916,163.0,2007-11-23,230.067283704
1917,163.0,2007-11-25,161.069954936
1918,163.0,2007-11-28,243.421186345
1919,163.0,2007-12-01,234.01552151
1920,163.0,2008-04-05,219.914597978
1921,163.0,2008-04-07,227.194591636
1922,163.0,2008-04-26,295.218685273
1923,163.0,2008-04-28,147.898740269
1924,163.0,2008-04-29,175.16086922
1925,163.0,2008-04-30,186.662166275
1926,163.0,2008-05-01,176.336353761
1927,163.0,2008-05-02,168.402021988
1928,163.0,2008-05-04,151.246734231
1929,163.0,2008-05-05,129.438145569
1930,163.0,2008-05-06,180.582404364
1931,163.0,2008-05-07,211.389465699
1932,163.0,2008-05-08,186.502725801
1933,163.0,2008-05-09,156.516558877
1934,163.0,2008-05-10,187.985629274
1935,163.0,2008-05-11,221.812850983
1936,163.0,2008-05-12,204.080065256
1937,163.0,2008-05-15,157.05052876
1938,163.0,2008-05-16,181.027060374
1939,163.0,2008-05-17,187.525940324
1940,163.0,2008-05-18,197.520563833
1941,163.0,2008-06-07,184.079282221
1942,163.0,2008-06-08,196.105116318
1943,163.0,2008-06-13,74.0348421263
1944,163.0,2008-06-14,132.490085476
1945,163.0,2008-06-15,197.491991348
1946,163.0,2008-06-19,175.820378876
1947,163.0,2008-06-20,169.634859484
1948,163.0,2008-06-22,206.897564373
1949,163.0,2008-06-27,164.325984857
1950,163.0,2008-06-28,181.892377121
1951,163.0,2008-06-30,198.844175698
1952,163.0,2008-07-04,155.886960773
1953,163.0,2008-07-05,175.006503959
1954,163.0,2008-07-06,205.159981621
1955,163.0,2008-07-07,211.896278919
1956,163.0,2008-07-09,251.175531513
1957,163.0,2008-07-19,146.27529988
1958,163.0,2008-07-20,188.158470138
1959,163.0,2009-04-07,150.520528117
1960,163.0,2009-04-08,162.442888786
1961,163.0,2009-04-10,199.080036487
1962,163.0,2009-04-11,155.76664468
1963,163.0,2009-04-12,193.281651812
1964,163.0,2009-04-13,146.119965932
1965,163.0,2009-07-29,163.491626006
1966,163.0,2009-08-28,145.892074966
1967,163.0,2009-08-29,216.504595976
1968,163.0,2009-08-30,226.248069812
1969,163.0,2009-12-24,182.313692084
1970,167.0,2008-03-28,190.158195432
1971,167.0,2008-04-22,175.180570792
1972,167.0,2008-04-26,167.225153009
1973,167.0,2008-04-27,188.851781643
1974,167.0,2008-04-28,174.949494945
1975,167.0,2008-04-29,144.286284112
1976,167.0,2008-04-30,111.167630077
1977,167.0,2008-05-01,187.201894206
1978,167.0,2008-05-02,178.167295446
1979,167.0,2008-05-03,219.578892405
1980,167.0,2008-05-04,175.327943344
1981,167.0,2008-05-05,192.119431383
1982,167.0,2008-05-06,201.940112216
1983,167.0,2008-05-08,160.885992195
1984,167.0,2008-05-09,184.669833502
1985,167.0,2008-05-10,162.688538794
1986,167.0,2008-05-11,170.15633888
1987,167.0,2008-05-12,184.107063301
1988,167.0,2008-05-13,196.664140431
1989,167.0,2008-05-14,239.251986227
1990,167.0,2008-05-15,178.762151967
1991,167.0,2008-05-16,203.939434998
1992,167.0,2008-05-17,167.405876533
1993,167.0,2008-05-18,199.572178332
1994,167.0,2008-05-19,167.413736304
1995,167.0,2008-05-20,112.54621507
1996,167.0,2008-05-21,184.929932382
1997,167.0,2008-05-22,174.551544645
1998,167.0,2008-05-23,159.588236617
1999,167.0,2008-05-28,280.434831506
2000,167.0,2008-05-30,176.628945007
2001,167.0,2008-05-31,172.820822177
2002,167.0,2008-06-01,181.467363606
2003,167.0,2008-06-02,227.862044398
2004,167.0,2008-06-03,165.023248181
2005,167.0,2008-06-04,86.705167104
2006,167.0,2008-06-05,212.549858957
2007,167.0,2008-06-06,144.405879856
2008,167.0,2008-06-07,137.031909744
2009,167.0,2008-06-08,174.255354699
2010,167.0,2008-06-09,234.972467902
2011,167.0,2008-06-12,170.677720017
2012,167.0,2008-06-14,215.022480811
2013,167.0,2008-06-15,203.417584178
2014,167.0,2008-06-17,179.360446444
2015,167.0,2008-06-19,111.543534248
2016,167.0,2008-06-20,184.118694886
2017,167.0,2008-06-22,126.652891991
2018,167.0,2008-06-25,185.540065848
2019,167.0,2008-06-27,165.415107288
2020,167.0,2008-06-28,163.336510207
2021,167.0,2008-06-29,197.706849038
2022,167.0,2008-07-01,153.281401913
2023,167.0,2008-07-06,174.711166328
2024,167.0,2008-07-15,199.246716327
2025,167.0,2008-07-16,195.550255908
2026,167.0,2008-07-17,205.914991956
2027,167.0,2008-07-18,106.295576022
2028,167.0,2008-07-19,210.825860574
2029,167.0,2008-07-21,182.970352188
2030,167.0,2008-07-25,221.543949462
2031,167.0,2008-07-28,157.398563977
2032,167.0,2008-07-29,186.34405822
2033,167.0,2008-07-31,177.457214071
2034,167.0,2008-08-02,175.14260524
2035,167.0,2008-08-03,170.283047637
2036,167.0,2008-08-05,136.494080262
2037,167.0,2008-08-06,181.267892088
2038,167.0,2008-08-07,142.588457435
2039,167.0,2008-08-08,148.218187557
2040,167.0,2008-08-09,153.130677161
2041,167.0,2008-08-10,186.587879855
2042,167.0,2008-08-11,211.036022551
2043,167.0,2008-08-12,183.255538149
2044,167.0,2008-08-13,126.474756119
2045,167.0,2008-08-14,168.808164217
2046,167.0,2008-08-15,126.949662605
2047,167.0,2008-08-16,167.688413302
2048,167.0,2008-08-19,177.664062851
2049,167.0,2008-08-20,169.109419617
2050,167.0,2008-08-22,166.411827851
2051,167.0,2008-08-23,164.856923874
2052,167.0,2008-08-25,158.351858755
2053,167.0,2008-08-29,191.475664994
2054,167.0,2008-08-31,164.442926154
2055,167.0,2008-09-04,182.229727796
2056,167.0,2008-09-09,170.56698899
2057,167.0,2008-09-10,213.020485049
2058,167.0,2008-09-12,185.113582962
2059,167.0,2008-09-13,148.481506209
2060,167.0,2008-09-15,173.752786437
2061,167.0,2008-09-16,156.871296286
2062,167.0,2008-09-18,149.25564383
2063,167.0,2008-09-19,231.470025505
2064,167.0,2008-09-23,244.808599878
2065,167.0,2008-09-29,173.959195712
2066,167.0,2008-09-30,176.980593476
2067,167.0,2008-10-01,156.453149842
2068,167.0,2008-10-02,179.016383734
2069,167.0,2008-10-11,147.183898733
2070,167.0,2008-10-12,187.743119623
2071,167.0,2008-10-13,152.847093311
2072,167.0,2008-10-15,181.186935086
2073,167.0,2008-10-20,139.607118939
2074,167.0,2008-11-22,268.932461676
2075,167.0,2008-11-24,129.93344326
2076,167.0,2008-11-26,164.773917454
2077,167.0,2008-11-27,195.986651908
2078,167.0,2008-11-29,150.621119982
2079,167.0,2008-12-01,197.615200183
2080,167.0,2008-12-04,161.858343686
2081,167.0,2008-12-08,154.651638875
2082,167.0,2008-12-10,140.721255291
2083,167.0,2008-12-11,255.783270567
2084,167.0,2008-12-13,172.643192304
2085,170.0,2008-04-28,244.433957815
2086,170.0,2008-04-29,188.486200781
2087,170.0,2008-05-12,199.541643155
2088,170.0,2008-05-14,180.471270972
2089,170.0,2008-05-21,212.749050786
2090,174.0,2008-03-30,132.071126187
2091,174.0,2008-04-02,209.884998136
2092,179.0,2008-08-20,244.94509641
2093,179.0,2008-08-21,183.181835815
2094,179.0,2008-08-22,173.343498542
2095,179.0,2008-08-23,220.841381553
2096,179.0,2008-08-24,212.774537443
2097,179.0,2008-08-27,238.425189243
2098,179.0,2008-08-28,203.364893111
2099,179.0,2008-08-30,163.241123908
2100,179.0,2008-08-31,185.808558891
2101,179.0,2008-09-04,202.941232314
2102,179.0,2008-09-05,206.739387359
2103,179.0,2008-09-06,203.308427786
2104,179.0,2008-09-07,168.846942856
2105,179.0,2008-09-08,208.932245032
2106,179.0,2008-09-09,200.685845587
2107,179.0,2008-09-10,128.081867435
2108,179.0,2008-09-12,180.21423416
2109,179.0,2008-09-13,186.231610733
2110,179.0,2008-09-14,182.471868764
2111,179.0,2008-09-15,178.824846537
2112,179.0,2008-10-01,178.128256496
2113,179.0,2008-10-02,179.008215615
2114,179.0,2008-10-03,157.694575367
2115,179.0,2008-10-12,118.458329978
2116,179.0,2008-10-14,116.8683758
2117,179.0,2008-10-15,84.4524781174
2118,179.0,2008-10-19,105.063864566
2119,179.0,2008-10-21,90.6068969533
2120,179.0,2008-10-26,161.48755986
2121,179.0,2008-10-27,205.868605205
2122,179.0,2008-11-01,195.366958001
2123,179.0,2008-11-06,180.651426577
2124,179.0,2008-11-07,223.965389053
2125,179.0,2008-11-09,238.398112287
2126,179.0,2008-11-15,180.192555723
2127,179.0,2008-11-16,238.290224695
2128,179.0,2008-11-17,209.002102415
2129,179.0,2008-11-29,158.903357022
