,t_user_id,parsed_date,acceleration
0,10.0,2008-03-28,-0.00191684143233
1,10.0,2008-03-29,-0.00108816741884
2,10.0,2008-03-30,-0.00288192118914
3,10.0,2008-03-31,0.0237997469496
4,10.0,2008-04-01,-0.00354508437675
5,10.0,2008-04-02,0.0453386490655
6,10.0,2008-04-03,-0.0100616052164
7,10.0,2008-04-04,0.00413605805142
8,10.0,2008-04-05,0.0174868591956
9,10.0,2008-04-06,0.058485752699
10,10.0,2008-05-18,0.0691175538286
11,10.0,2008-05-19,0.0282800178223
12,10.0,2008-06-13,-0.00227259944298
13,10.0,2008-06-15,0.00458219600003
14,10.0,2008-06-16,0.0148438322335
15,10.0,2008-06-17,-0.000126090884682
16,10.0,2008-06-18,0.0137856095452
17,10.0,2008-06-19,0.00331658792127
18,10.0,2008-06-20,0.0134972540719
19,10.0,2008-06-28,0.0279673365493
20,10.0,2008-08-01,-0.00136484275896
21,10.0,2008-09-15,0.0147040381977
22,10.0,2008-09-16,0.00712746246411
23,10.0,2008-09-17,0.000585251038062
24,10.0,2008-09-18,0.0441594692711
25,10.0,2008-09-19,-0.0326615309542
26,10.0,2008-09-21,0.0136591609658
27,10.0,2008-09-22,0.00729237337917
28,10.0,2008-09-23,-0.0147792808469
29,10.0,2008-09-24,-0.00365668908013
30,10.0,2008-09-25,-0.0153391039539
31,10.0,2008-09-26,-0.00448846453617
32,10.0,2008-09-27,-0.0133601502379
33,10.0,2008-09-28,0.00264255777025
34,10.0,2008-09-29,0.00838620979245
35,10.0,2008-09-30,-0.00176761523978
36,10.0,2008-10-01,0.00194641316849
37,10.0,2008-10-02,0.031823860303
38,10.0,2008-10-03,0.00372896572681
39,10.0,2008-10-05,-0.130375759532
40,10.0,2008-10-06,-0.000418251599628
41,10.0,2008-10-07,0.00187757578222
42,10.0,2008-10-08,0.0155646364288
43,10.0,2008-10-09,-0.0078959309524
44,10.0,2008-10-10,-0.000847698425119
45,10.0,2008-10-12,-0.0143056182572
46,10.0,2008-10-13,-0.0105123648298
47,10.0,2008-10-14,-0.00384180526485
48,10.0,2008-10-15,-0.000375464178743
49,10.0,2008-10-16,-0.00111349267922
50,10.0,2008-10-17,-0.025089024927
51,10.0,2008-10-18,0.010447956791
52,10.0,2008-10-19,-0.0190567912034
53,10.0,2008-10-20,-0.00169805624995
54,10.0,2008-10-21,0.00419223706851
55,10.0,2008-10-31,-0.0425078946342
56,10.0,2008-11-01,-0.00448346203834
57,10.0,2008-11-04,0.0006805703761
58,10.0,2008-11-06,-0.01533893027
59,10.0,2008-11-07,0.00117336162317
60,10.0,2008-11-08,0.00141837803198
61,10.0,2008-12-01,0.00439436658861
62,10.0,2008-12-06,0.0159484068402
63,10.0,2008-12-07,-0.0223814779288
64,20.0,2011-08-27,0.015629377694
65,20.0,2011-08-28,-0.0404275140658
66,20.0,2011-08-29,0.00631583970899
67,20.0,2011-08-30,-0.0251480177467
68,20.0,2011-08-31,-0.00663039526999
69,20.0,2011-09-01,0.00980158680684
70,20.0,2011-09-02,0.00057507917068
71,20.0,2011-09-03,-0.00731103702546
72,20.0,2011-09-04,0.0050862928133
73,20.0,2011-09-05,-0.00398538160725
74,20.0,2011-09-06,0.00037719398635
75,20.0,2011-09-07,-0.0106135354704
76,20.0,2011-09-09,-0.202866814255
77,20.0,2011-09-10,-0.000885598328333
78,20.0,2011-09-11,0.00149807120514
79,20.0,2011-09-12,-0.00327957746786
80,20.0,2011-09-13,-0.0969055990292
81,20.0,2011-09-14,0.00527908648915
82,20.0,2011-09-15,0.00545123483899
83,20.0,2011-09-16,0.00542612588507
84,20.0,2011-09-17,-0.00695245296985
85,20.0,2011-10-22,-0.137118087285
86,20.0,2011-10-26,-0.533305362412
87,20.0,2011-11-02,0.0937874412469
88,20.0,2011-11-06,-0.0314825177912
89,20.0,2011-11-17,0.215050327352
90,20.0,2011-11-18,0.0219948969042
91,20.0,2011-12-01,-0.206955902982
92,20.0,2011-12-27,-0.0355437495231
93,21.0,2007-04-29,0.136817553061
94,21.0,2007-04-30,-0.0139676999248
95,21.0,2007-05-01,0.0010234781497
96,21.0,2007-05-02,0.0014395077333
97,21.0,2007-05-03,0.0187605512176
98,21.0,2007-05-04,0.00198770669645
99,52.0,2008-05-20,0.000836630016063
100,52.0,2008-05-21,0.00111903160723
101,52.0,2008-05-22,0.00256566918935
102,52.0,2008-05-23,0.0049468611955
103,52.0,2008-05-25,0.00102682663336
104,52.0,2008-05-26,0.0243768280829
105,52.0,2008-05-27,0.00408241824278
106,52.0,2008-05-28,0.00404353746379
107,52.0,2008-05-29,-0.0108858524848
108,52.0,2008-05-30,-0.00699783195412
109,52.0,2008-05-31,0.00433093224496
110,52.0,2008-06-01,0.0144971096239
111,52.0,2008-06-02,-0.0455975006363
112,52.0,2008-06-03,0.00119806006861
113,52.0,2008-06-04,0.00348066752976
114,52.0,2008-06-05,0.0094221046098
115,52.0,2008-06-06,0.00103865609729
116,52.0,2008-06-07,-0.00693188491058
117,52.0,2008-06-09,-0.0013036471047
118,52.0,2008-06-10,0.00247426505634
119,52.0,2008-06-12,0.00154705834941
120,52.0,2008-06-13,0.00333577733438
121,52.0,2008-06-14,0.00117301587052
122,52.0,2008-06-15,0.0071146615518
123,52.0,2008-06-16,-0.00355739178113
124,52.0,2008-06-17,0.000575808430815
125,52.0,2008-06-20,-0.027802377782
126,52.0,2008-06-21,-0.00783248487828
127,52.0,2008-06-25,0.000561051186437
128,52.0,2008-06-26,-0.00498370772439
129,52.0,2008-06-27,-0.00119535447599
130,52.0,2008-06-28,0.00840805025362
131,52.0,2008-06-29,-0.004594104968
132,52.0,2008-07-01,0.00289701095132
133,52.0,2008-07-02,0.00835345440366
134,52.0,2008-07-03,0.00434286459258
135,52.0,2008-07-06,-0.00309901010011
136,52.0,2008-07-07,0.0125148967751
137,52.0,2008-07-08,0.0030551649253
138,52.0,2008-07-09,0.00342051372828
139,52.0,2008-07-10,0.00604472219046
140,52.0,2008-07-11,0.00053349275685
141,52.0,2008-07-15,0.0020645913974
142,52.0,2008-07-16,0.00379716306015
143,52.0,2008-07-17,0.000586080575997
144,52.0,2008-07-18,0.00279986086434
145,52.0,2008-07-19,-0.00304013896034
146,52.0,2008-07-20,0.00010709824726
147,52.0,2008-07-21,0.00419447858945
148,52.0,2008-07-22,0.00194306402699
149,52.0,2008-07-23,0.00196853848536
150,52.0,2008-07-24,0.00127980294474
151,52.0,2008-07-25,0.00131646641753
152,52.0,2008-07-26,0.00416880480864
153,52.0,2008-07-27,0.00220342210896
154,52.0,2008-07-29,0.00246838554286
155,52.0,2008-07-30,0.000777392074403
156,52.0,2008-07-31,0.00316759749632
157,52.0,2008-08-18,0.00215788780606
158,52.0,2008-08-22,-0.00554024302944
159,52.0,2008-09-02,-0.0185217491745
160,52.0,2008-10-01,0.00290260406843
161,52.0,2008-10-02,0.0012498629089
162,52.0,2008-10-03,0.00080360164617
163,52.0,2008-10-05,-0.00187365126237
164,52.0,2008-10-06,0.000157610278401
165,52.0,2008-10-07,0.00094136003902
166,52.0,2008-10-08,0.00242717701415
167,52.0,2008-10-10,-0.0111151829812
168,56.0,2007-10-19,-1.8091133645e-05
169,58.0,2007-05-09,0.0117574078293
170,58.0,2007-05-13,0.0189327077954
171,58.0,2007-05-19,0.356785914063
172,58.0,2007-05-21,-0.338501571363
173,58.0,2007-05-23,0.000691671456093
174,58.0,2007-05-24,0.0703855399858
175,58.0,2007-05-26,0.00317726739267
176,58.0,2007-06-01,-3.28476993606e-05
177,58.0,2007-06-03,-0.00346965090545
178,62.0,2008-06-18,-0.0174455455972
179,62.0,2008-06-19,-0.038980454196
180,62.0,2008-06-20,0.00241470329478
181,62.0,2008-06-21,0.0220913489425
182,62.0,2008-06-23,-0.0748065032128
183,62.0,2008-06-24,-0.0163041971062
184,62.0,2008-06-25,0.0153440832723
185,62.0,2008-06-28,-0.0211508571595
186,62.0,2008-06-29,0.029000538739
187,62.0,2008-07-01,0.0690684840935
188,62.0,2008-07-03,0.0320548231845
189,62.0,2008-07-06,-0.00300395515229
190,62.0,2008-07-07,0.0338100940175
191,62.0,2008-07-08,-0.00454507913991
192,62.0,2008-07-09,0.0211333785007
193,62.0,2008-07-10,0.0231214078938
194,62.0,2008-07-11,-0.0213513422262
195,62.0,2008-07-13,0.0456554490126
196,62.0,2008-07-14,0.0523110890855
197,62.0,2008-07-15,0.0329785989497
198,62.0,2008-07-16,0.0261325906358
199,62.0,2008-07-17,-0.011355289864
200,62.0,2008-07-19,0.0211070209229
201,62.0,2008-07-20,-0.0123939159715
202,62.0,2008-07-21,0.0370945983406
203,62.0,2008-07-22,0.0202519383937
204,62.0,2008-07-23,0.000733605183472
205,62.0,2008-07-24,0.0331399141978
206,62.0,2008-07-26,0.0206011396445
207,62.0,2008-07-27,-0.0145742053987
208,62.0,2008-07-28,-0.00860070157314
209,62.0,2008-07-29,0.0131139091851
210,62.0,2008-07-30,0.0197694593018
211,62.0,2008-07-31,0.000951678668614
212,62.0,2008-08-01,-0.000984688181307
213,62.0,2008-08-02,0.013276306769
214,62.0,2008-08-03,0.0143048774868
215,62.0,2008-08-04,0.0170999149723
216,62.0,2008-08-05,0.0152496438493
217,62.0,2008-08-06,0.0155965275413
218,62.0,2008-08-07,0.00755813914471
219,62.0,2008-08-08,0.00901714964849
220,62.0,2008-08-09,-0.0354788182278
221,62.0,2008-08-10,0.014637953972
222,62.0,2008-08-11,0.00168334452289
223,62.0,2008-08-12,
224,62.0,2008-08-13,0.0191150459709
225,62.0,2008-08-14,-0.00909976149035
226,62.0,2008-08-15,-0.0200705908484
227,62.0,2008-08-16,0.0445190561142
228,62.0,2008-08-17,0.00467934428502
229,62.0,2008-08-18,0.00649089335858
230,62.0,2008-08-19,-0.230047077061
231,62.0,2008-08-20,-0.0701783535847
232,62.0,2008-08-21,0.0228635177612
233,62.0,2008-08-22,0.029043646516
234,62.0,2008-08-23,-0.0288227817724
235,62.0,2008-08-24,-0.00186264465614
236,62.0,2008-08-25,0.0288374033581
237,62.0,2008-08-26,0.0154232798287
238,62.0,2008-08-27,0.0036204902922
239,62.0,2008-08-28,0.00477582268344
240,62.0,2008-08-29,-0.0385027999424
241,62.0,2008-08-30,-0.0956544507337
242,62.0,2008-08-31,-0.00240679806947
243,62.0,2008-09-01,0.0048039460649
244,62.0,2008-09-02,-0.000631730259248
245,62.0,2008-09-03,0.213426904893
246,62.0,2008-09-04,-0.0203217289983
247,62.0,2008-09-05,0.00286056169489
248,62.0,2008-09-06,-0.0107820212535
249,62.0,2008-09-07,0.0180297335213
250,62.0,2008-09-08,0.0298519243963
251,62.0,2008-09-10,0.00821590454383
252,62.0,2008-09-11,0.015813678699
253,62.0,2008-09-12,0.0147594405122
254,62.0,2008-09-13,-0.00333951177018
255,62.0,2008-09-14,-0.00298786358161
256,62.0,2008-09-15,-0.0214178457363
257,62.0,2008-09-16,0.0267227123321
258,62.0,2008-09-17,0.0110731448455
259,62.0,2008-09-18,0.00340739271428
260,62.0,2008-09-19,0.0347605398053
261,62.0,2008-09-20,-0.00727765024633
262,62.0,2008-09-21,0.0105448789891
263,62.0,2008-09-23,0.0186038245531
264,62.0,2008-09-24,0.0497530422579
265,62.0,2008-09-25,0.0195804009607
266,62.0,2008-09-26,0.00863931578403
267,62.0,2008-09-27,-0.00393117186479
268,62.0,2008-09-28,0.0128769242905
269,62.0,2008-10-01,0.0013011554747
270,62.0,2008-10-03,0.0222064444676
271,62.0,2008-10-04,0.00814166802516
272,62.0,2008-10-05,0.00998697351924
273,62.0,2008-10-15,0.0135519788043
274,62.0,2008-10-16,0.0058735096251
275,62.0,2008-10-17,0.0140284211125
276,62.0,2008-10-18,0.511275461454
277,62.0,2008-10-19,-0.0276775038463
278,62.0,2008-10-20,0.00539616266519
279,62.0,2008-10-21,0.0124364171826
280,62.0,2008-10-29,-0.0141234436032
281,62.0,2008-10-30,0.00816334734053
282,62.0,2008-10-31,0.0266785971798
283,62.0,2008-11-01,0.016036683207
284,62.0,2008-11-02,0.0117929274698
285,62.0,2008-11-03,-0.00420190082133
286,62.0,2008-11-04,0.014424011965
287,62.0,2008-11-05,0.0264800804179
288,62.0,2008-11-06,0.0137215136527
289,62.0,2008-11-07,0.033026907148
290,62.0,2008-11-08,0.0168656208516
291,62.0,2008-11-09,0.0135429393126
292,62.0,2008-11-10,0.0347014588901
293,62.0,2008-11-11,0.0191746320698
294,62.0,2008-11-12,-0.0064845047552
295,62.0,2008-11-13,0.0110692980235
296,62.0,2008-11-14,0.0353881496828
297,62.0,2008-11-15,0.00950594659525
298,62.0,2008-11-16,0.00794711210655
299,62.0,2008-11-17,0.0126111505992
300,62.0,2008-12-03,0.00485666411775
301,62.0,2008-12-04,0.0291760350252
302,62.0,2008-12-05,0.021124623866
303,62.0,2008-12-06,0.0127093595834
304,62.0,2008-12-07,0.0158902214391
305,62.0,2008-12-08,0.00785665686282
306,62.0,2008-12-09,0.0121705654822
307,62.0,2008-12-11,0.0519746512239
308,62.0,2008-12-12,0.0280352063964
309,62.0,2008-12-13,0.0287550903062
310,62.0,2008-12-14,0.0126182303979
311,62.0,2008-12-15,-0.222255852975
312,64.0,2008-08-15,-0.0115098431042
313,64.0,2008-08-16,0.00172574021252
314,64.0,2008-08-17,-0.0135456441325
315,64.0,2008-08-18,0.00631569461478
316,64.0,2008-08-20,0.0113948972441
317,64.0,2008-08-21,0.00171340602119
318,64.0,2008-08-23,0.00645718662242
319,64.0,2008-08-24,0.000667732083839
320,64.0,2008-08-25,0.00314012735167
321,64.0,2008-08-29,0.00130567324354
322,65.0,2011-08-24,
323,65.0,2011-08-26,
324,65.0,2011-08-28,
325,65.0,2011-08-30,
326,65.0,2011-09-01,
327,65.0,2011-09-02,
328,65.0,2011-09-03,
329,65.0,2011-09-10,
330,65.0,2011-09-11,
331,65.0,2011-09-16,
332,65.0,2011-09-17,
333,65.0,2011-09-18,
334,65.0,2011-09-19,
335,65.0,2011-09-21,
336,65.0,2011-09-23,
337,65.0,2011-09-25,
338,65.0,2011-09-27,
339,65.0,2011-09-29,
340,65.0,2011-10-01,0.00300742582351
341,65.0,2011-10-03,
342,65.0,2011-10-05,
343,65.0,2011-10-06,
344,65.0,2011-10-14,
345,65.0,2011-10-16,
346,65.0,2011-10-18,
347,65.0,2011-10-22,
348,65.0,2011-10-23,
349,65.0,2011-10-25,
350,67.0,2011-03-05,-0.00134936773597
351,67.0,2011-03-12,0.00933653921666
352,67.0,2011-03-19,0.0047998548414
353,67.0,2011-03-20,0.208094215669
354,67.0,2011-03-26,-0.00305227763167
355,67.0,2011-04-07,
356,67.0,2011-04-08,
357,67.0,2011-04-13,0.00209701572344
358,67.0,2011-04-14,0.00184443913043
359,67.0,2011-04-16,-0.00636863552156
360,67.0,2011-04-19,0.00448920589544
361,67.0,2011-04-23,0.00283324727146
362,67.0,2011-04-30,-0.0208551253234
363,67.0,2011-05-06,-0.125739425613
364,67.0,2011-05-07,0.0023465848019
365,68.0,2008-09-16,0.00190236615652
366,68.0,2008-09-18,-0.00116872800082
367,68.0,2008-09-20,-0.00568488939192
368,68.0,2008-09-29,0.00220167687104
369,68.0,2008-09-30,0.00124902963217
370,68.0,2008-10-02,0.00477452302956
371,68.0,2008-10-03,0.00574738112431
372,68.0,2008-10-04,0.0033228760587
373,68.0,2008-10-11,-0.00829283264834
374,68.0,2008-10-12,0.0101257348298
375,68.0,2008-10-20,0.00415337236159
376,68.0,2008-10-21,0.000543592630151
377,68.0,2008-10-22,0.00296297675755
378,68.0,2008-10-24,0.00837806154474
379,68.0,2008-10-25,0.000504789284292
380,68.0,2008-10-26,-0.00977208786404
381,68.0,2008-10-31,-0.00158428580441
382,68.0,2008-11-01,0.00215263493082
383,68.0,2008-11-03,0.00187876058812
384,68.0,2008-11-04,-0.00219538318579
385,68.0,2008-11-05,-0.00169580544014
386,68.0,2008-11-08,-0.0426157336506
387,68.0,2008-11-13,0.0416687827192
388,68.0,2008-11-14,0.00251435761213
389,68.0,2008-11-15,-0.00271824221849
390,68.0,2008-11-16,0.00076615867714
391,68.0,2008-11-26,-0.00521041737508
392,68.0,2008-11-30,-0.0041733256858
393,68.0,2008-12-13,0.00117400420899
394,68.0,2008-12-14,-0.0432674166127
395,68.0,2009-01-02,0.00119526212761
396,68.0,2009-01-15,-0.000394695473032
397,68.0,2009-01-16,0.00104712622174
398,68.0,2009-02-17,-0.00254322547977
399,68.0,2009-02-18,0.00091228636401
400,68.0,2009-02-19,0.00480901796982
401,68.0,2009-02-20,-0.0647987293383
402,68.0,2009-02-21,-0.00057287994585
403,68.0,2009-02-22,0.00641062913624
404,68.0,2009-02-23,0.000518576774283
405,68.0,2009-03-01,0.00194107701522
406,68.0,2009-03-13,-0.00096364536155
407,68.0,2009-03-14,0.00130866502029
408,68.0,2009-03-22,-0.00322087773133
409,68.0,2009-03-23,0.00139128181824
410,68.0,2009-03-27,0.00873693047431
411,68.0,2009-03-28,0.0043935508629
412,68.0,2009-04-02,0.00109230965095
413,68.0,2009-04-03,8.27262147885e-05
414,68.0,2009-04-05,-0.0591273572637
415,68.0,2009-04-11,0.000874124785321
416,68.0,2009-04-12,-0.000993424339253
417,68.0,2009-04-18,0.00247737883764
418,68.0,2009-04-22,-0.00236661388453
419,68.0,2009-04-25,0.000884346243506
420,68.0,2009-05-01,0.00647100631703
421,68.0,2009-05-02,0.00241903366009
422,68.0,2009-05-03,0.00241885708072
423,68.0,2009-05-16,-0.00164795612747
424,68.0,2009-05-17,0.00125981008599
425,68.0,2009-05-19,0.00349308731046
426,68.0,2009-05-21,0.00270871312453
427,68.0,2009-05-22,-0.00115949386745
428,68.0,2009-05-24,0.000624144048039
429,68.0,2009-05-25,0.00157299387037
430,68.0,2009-05-26,0.00813476439289
431,68.0,2009-05-27,-0.00455585849186
432,68.0,2009-05-28,5.9132426735e-05
433,68.0,2009-05-29,2.8154929341e-05
434,68.0,2009-05-30,-0.00149618327195
435,68.0,2009-05-31,0.0033346809105
436,68.0,2009-06-05,0.00118331160982
437,68.0,2009-06-07,0.006412992944
438,68.0,2009-06-13,-8.369592127e-05
439,68.0,2009-06-14,-0.0018557527431
440,68.0,2009-06-19,0.000912312792852
441,68.0,2009-06-21,-0.00916512521462
442,68.0,2009-06-22,0.0219395574826
443,68.0,2009-06-27,0.00107664023675
444,68.0,2009-06-28,0.00100081477847
445,68.0,2009-07-05,-0.00629925937283
446,68.0,2009-07-06,0.00290990136549
447,68.0,2009-07-07,0.000445778674573
448,68.0,2009-07-09,0.0105343818091
449,68.0,2009-07-11,0.000322965168319
450,68.0,2009-07-12,0.000298236457595
451,68.0,2009-07-14,0.00172929712242
452,68.0,2009-07-15,0.000994129655905
453,68.0,2009-07-16,-0.0292289543637
454,68.0,2009-07-17,-0.0188772065047
455,68.0,2009-07-20,0.00129635763631
456,68.0,2009-07-21,0.000336720852546
457,68.0,2009-07-22,0.00581789006927
458,68.0,2009-07-24,0.00108516499728
459,68.0,2009-07-25,-0.000292832143145
460,68.0,2009-07-26,0.00570162174609
461,68.0,2009-07-27,0.01215159432
462,68.0,2009-07-28,0.000121925949499
463,68.0,2009-07-29,-0.000985067909694
464,68.0,2009-07-30,0.00355330369046
465,68.0,2009-07-31,0.00212232839164
466,68.0,2009-08-01,-0.00545758300112
467,68.0,2009-08-02,-0.0041588015954
468,68.0,2009-08-03,0.00186893963262
469,68.0,2009-08-04,0.000386744614426
470,68.0,2009-08-05,-0.00339999927122
471,68.0,2009-08-06,0.00662982182304
472,68.0,2009-08-07,-0.00770456338777
473,68.0,2009-08-08,0.00132809837284
474,68.0,2009-08-09,-0.0838400275126
475,68.0,2009-08-10,0.000534023967872
476,68.0,2009-08-11,0.00211772109695
477,68.0,2009-08-13,0.0774784436797
478,68.0,2009-08-14,0.000162128350281
479,68.0,2009-08-15,0.00206315196527
480,68.0,2009-08-17,-0.00887308851636
481,68.0,2009-08-18,0.000889301151903
482,68.0,2009-08-19,-0.00841056510822
483,68.0,2009-08-20,0.00304174644277
484,68.0,2009-08-21,-0.0191842439633
485,68.0,2009-08-24,0.0015707445919
486,68.0,2009-08-25,-0.00258023479898
487,68.0,2009-08-29,
488,68.0,2009-08-30,0.00329315996655
489,68.0,2009-08-31,0.00297345429591
490,68.0,2009-09-05,-0.0232895851751
491,68.0,2009-09-06,-0.00980332333389
492,68.0,2009-09-08,-0.0120699540804
493,68.0,2009-09-11,-0.00149196329417
494,68.0,2009-09-12,0.0179384832474
495,68.0,2009-09-13,-0.00137736634778
496,69.0,2008-06-27,0.0148949402376
497,73.0,2008-05-19,0.00445073852134
498,73.0,2008-05-21,-0.0323267379574
499,73.0,2008-05-22,-0.0215609508369
500,73.0,2008-05-29,-0.0120183896697
501,73.0,2008-05-30,0.0113288765728
502,73.0,2008-06-03,-0.029971530135
503,73.0,2008-06-05,-0.00661968972915
504,73.0,2008-06-19,-0.0243329486202
505,73.0,2008-06-21,-0.0371737437313
506,73.0,2008-06-24,-2.15162384867e-05
507,73.0,2008-06-25,0.007450860002
508,73.0,2008-06-29,-0.00980533591622
509,73.0,2008-07-02,0.039722058398
510,73.0,2008-07-05,-0.00645513302562
511,73.0,2008-07-07,-0.0553870371376
512,73.0,2008-07-08,-0.0858921111739
513,73.0,2008-07-10,-0.00111224771503
514,73.0,2008-07-11,0.0186479597603
515,73.0,2008-07-13,-0.0087635389409
516,73.0,2008-07-15,-0.00358375799312
517,73.0,2008-07-16,-0.0237507930406
518,73.0,2008-07-17,0.00233209006476
519,73.0,2008-07-18,0.00224144609456
520,73.0,2008-07-20,-0.00912031736568
521,73.0,2008-07-22,-0.00432599188416
522,73.0,2008-07-24,0.00616958613351
523,73.0,2008-07-25,0.00255479212417
524,73.0,2008-07-29,0.00292344533365
525,73.0,2008-07-30,-0.00389796731548
526,73.0,2008-07-31,0.0193014641731
527,73.0,2008-08-01,-0.00109004905627
528,73.0,2008-08-03,0.0953415812124
529,73.0,2008-08-04,-0.0242415834835
530,75.0,2011-08-03,
531,75.0,2011-08-24,
532,75.0,2011-08-27,0.501400078023
533,75.0,2011-08-28,0.0271424634245
534,75.0,2011-08-29,0.0276795164479
535,75.0,2011-08-30,-0.147432659264
536,76.0,2007-04-17,0.0388030665721
537,76.0,2007-04-19,-0.00451006048045
538,76.0,2007-04-20,0.0103830154879
539,78.0,2008-05-11,0.0144563860464
540,78.0,2008-05-17,-0.00683755545891
541,78.0,2008-05-19,0.0754667452381
542,78.0,2008-05-20,-0.00716031720308
543,78.0,2008-05-21,-0.00511334839386
544,78.0,2008-05-22,-0.00773907794063
545,78.0,2008-05-23,0.14494661664
546,78.0,2008-05-24,-0.159741062804
547,78.0,2008-05-28,-0.00138165360841
548,78.0,2008-05-29,0.00652762153354
549,78.0,2008-05-30,0.0216181231444
550,78.0,2008-05-31,-0.0149665743701
551,78.0,2008-06-01,0.000547786035885
552,78.0,2008-06-03,-0.00930513377076
553,78.0,2008-06-04,-0.0211173647835
554,78.0,2008-07-21,0.000627732789297
555,78.0,2008-07-22,-0.000445654850273
556,78.0,2008-07-25,0.00204377384698
557,78.0,2008-07-27,0.0083762887102
558,78.0,2008-07-28,-0.00298807474214
559,78.0,2008-07-29,-0.00447696831966
560,78.0,2008-08-03,-0.00341545968459
561,78.0,2008-08-04,-0.00730391135952
562,78.0,2008-08-05,-0.0186975580629
563,78.0,2008-08-06,-0.0116481050318
564,78.0,2008-08-07,0.000476049524164
565,78.0,2008-08-08,-0.0279989346581
566,78.0,2008-08-09,-0.013589738612
567,78.0,2008-08-14,-0.00139064384883
568,78.0,2008-08-15,-0.00375232136397
569,78.0,2008-08-16,0.00190132737103
570,78.0,2008-08-17,-0.0244226215943
571,78.0,2008-08-18,-0.00596432690126
572,78.0,2008-08-19,-0.0241323627149
573,78.0,2008-08-20,-0.00341465991974
574,78.0,2008-08-21,0.00451033703769
575,78.0,2008-08-22,0.000183105440976
576,78.0,2008-08-24,0.00445259065185
577,78.0,2008-08-25,-0.0380127822967
578,78.0,2008-08-26,-0.00170348227752
579,78.0,2008-08-27,-0.00299777555758
580,78.0,2008-08-29,-0.00496344177588
581,80.0,2007-06-27,0.186877848395
582,80.0,2007-06-29,-0.0146712777339
583,80.0,2007-07-06,0.151720239761
584,81.0,2008-05-10,0.0244573681028
585,81.0,2008-05-11,0.0364307355043
586,81.0,2008-05-23,0.0139750632375
587,81.0,2008-05-24,0.0431162055548
588,81.0,2008-05-30,0.0297976674358
589,81.0,2008-05-31,0.036599046977
590,81.0,2008-06-05,-0.0371819661072
591,81.0,2008-06-07,0.0182071662152
592,81.0,2008-06-20,0.0118047909064
593,81.0,2008-06-21,-0.0250067196044
594,81.0,2008-06-22,0.0123614107803
595,81.0,2008-07-22,-0.0347576327615
596,81.0,2008-07-23,-0.0262996083685
597,81.0,2008-07-24,-0.0301466669078
598,81.0,2008-07-25,-0.0485835761786
599,81.0,2008-07-26,-0.0977794046227
600,81.0,2008-07-27,0.000206306221459
601,81.0,2008-07-30,0.00169690199196
602,82.0,2008-07-30,-0.0115356810431
603,82.0,2008-07-31,-0.00136029033929
604,82.0,2008-08-01,0.00468574066197
605,82.0,2008-08-03,0.0053270141855
606,82.0,2008-08-17,0.0061443469067
607,82.0,2009-03-07,0.0128244098856
608,82.0,2009-03-10,-0.0166887038933
609,82.0,2009-03-11,0.00119527548104
610,82.0,2009-03-12,-0.0547247531409
611,82.0,2009-03-16,-0.00249511656152
612,82.0,2009-03-18,0.0373397119441
613,82.0,2009-03-19,0.143930731887
614,82.0,2009-03-20,-0.0126085081234
615,82.0,2009-03-22,0.0386863421134
616,82.0,2009-03-23,0.0995292302429
617,82.0,2009-03-24,0.189697947192
618,82.0,2009-03-25,0.211032128181
619,82.0,2009-03-27,0.0690789144241
620,82.0,2009-03-28,0.023950175727
621,82.0,2009-03-30,0.165599490212
622,82.0,2009-03-31,-0.0449898881392
623,82.0,2009-04-01,0.481892999042
624,82.0,2009-04-02,0.0677984993942
625,82.0,2009-04-03,0.0775974430763
626,82.0,2009-04-04,0.0357615775667
627,82.0,2009-04-08,0.0658340005502
628,82.0,2009-04-09,0.0713802085396
629,82.0,2009-04-11,0.0146924657164
630,82.0,2009-04-13,0.133670367596
631,82.0,2009-04-14,0.176045595113
632,82.0,2009-04-16,-0.379570239621
633,82.0,2009-04-17,0.128987422526
634,82.0,2009-04-18,0.00892822463402
635,82.0,2009-04-19,0.0509201073305
636,84.0,2008-07-22,-0.00215211197854
637,84.0,2008-08-21,-0.0155868750631
638,84.0,2008-08-22,0.000559442198308
639,84.0,2008-08-24,-0.00621432576384
640,84.0,2008-08-25,-0.0181643330137
641,84.0,2008-08-26,-0.00332626723796
642,84.0,2008-08-28,0.000441896439082
643,84.0,2008-08-31,-0.013840232912
644,84.0,2008-09-01,-0.00418508980215
645,84.0,2008-09-08,-0.00067569095698
646,84.0,2008-09-09,-0.00189894575683
647,84.0,2008-09-10,0.00236855644362
648,84.0,2008-09-11,-0.00157284202152
649,84.0,2008-09-12,0.00225328708034
650,84.0,2008-09-13,0.0135660977311
651,84.0,2008-09-14,-0.0113802172822
652,84.0,2008-09-15,-0.00431583648286
653,84.0,2008-09-16,0.00373783905332
654,84.0,2008-09-17,-0.0199610803413
655,84.0,2008-09-18,0.00635490644286
656,84.0,2008-09-19,-0.0312804907986
657,84.0,2008-09-20,0.00047577080309
658,84.0,2008-09-21,-0.000511721649055
659,84.0,2008-09-22,-0.00160507993235
660,84.0,2008-09-23,-0.00657639510447
661,84.0,2008-09-24,-0.0325225059164
662,84.0,2008-09-25,-0.000507207764891
663,84.0,2008-09-26,0.00070394214481
664,84.0,2008-09-27,0.000263654818665
665,84.0,2008-09-28,-0.0381390944455
666,84.0,2008-09-30,-0.00237168192491
667,84.0,2008-10-06,0.00257712075652
668,84.0,2008-10-07,-0.00422590618918
669,84.0,2008-10-08,0.00225250675677
670,84.0,2008-10-09,-0.0143356575017
671,84.0,2008-10-10,0.00387568761403
672,84.0,2008-10-11,-0.00306257506809
673,84.0,2008-10-12,-0.0445979891305
674,84.0,2008-10-13,0.0329469621367
675,84.0,2008-10-14,-0.0110713616481
676,84.0,2008-10-15,0.00280016844648
677,84.0,2008-10-16,-0.00983140710046
678,84.0,2008-10-17,0.00413053597215
679,84.0,2008-10-18,0.00199610174495
680,84.0,2008-10-19,0.00127806682607
681,84.0,2008-10-20,-0.00624726813273
682,84.0,2008-10-21,-0.00396138653986
683,84.0,2008-10-22,0.00873037999615
684,84.0,2008-10-23,0.00240779365462
685,84.0,2008-10-24,2.922208015e-05
686,84.0,2008-10-25,-0.0370879675536
687,84.0,2008-10-26,0.00171399367832
688,84.0,2008-10-27,-0.0255569623457
689,84.0,2008-10-28,0.00860525764565
690,84.0,2008-10-29,-0.00251418359208
691,84.0,2008-10-30,-0.00115831061894
692,84.0,2008-10-31,-0.00317967098343
693,84.0,2008-11-01,-0.00270059458672
694,84.0,2008-11-02,0.00101947426977
695,84.0,2008-11-03,-0.013051324131
696,84.0,2008-11-04,0.00301151018441
697,84.0,2008-11-05,0.00354014284428
698,84.0,2008-11-06,-0.00112233091755
699,84.0,2008-11-08,0.00348727063164
700,84.0,2008-11-26,-0.0016665766214
701,84.0,2008-11-27,-0.00101395783344
702,84.0,2008-11-28,-0.00149535935712
703,84.0,2008-11-29,0.00174742001097
704,84.0,2008-11-30,-0.00137792903673
705,84.0,2008-12-01,-0.00526294238547
706,84.0,2008-12-02,-0.000754935126967
707,84.0,2008-12-03,0.000537307615803
708,84.0,2008-12-04,-0.00225558024762
709,84.0,2008-12-05,0.00245761628478
710,84.0,2008-12-06,0.00559499639014
711,84.0,2008-12-07,-0.00070403363003
712,84.0,2008-12-08,0.00148889732049
713,84.0,2008-12-09,0.0026129781303
714,84.0,2008-12-10,-0.00419390210676
715,85.0,2008-05-01,0.000457165270465
716,85.0,2008-05-02,0.0101285740049
717,85.0,2008-05-15,-0.00647010873336
718,85.0,2008-05-16,0.00087881546867
719,85.0,2008-05-17,0.00248805891777
720,85.0,2008-05-18,-0.00749619700301
721,85.0,2008-05-19,0.00209906379483
722,85.0,2008-05-20,0.00554750497384
723,85.0,2008-05-21,0.00615624977735
724,85.0,2008-05-22,-0.0004989413274
725,85.0,2008-05-23,0.00592519358403
726,85.0,2008-05-24,0.0109655458942
727,85.0,2008-05-25,0.00150155517612
728,85.0,2008-05-26,-0.00161911130068
729,85.0,2008-05-27,0.00678355124955
730,85.0,2008-05-28,-0.00234560285649
731,85.0,2008-05-29,-0.00938458522265
732,85.0,2008-07-22,-0.00416356539608
733,85.0,2008-07-23,-0.00233696096576
734,85.0,2008-07-24,-0.108101612474
735,85.0,2008-07-25,-0.0038068350589
736,85.0,2008-07-26,-0.00070452659667
737,85.0,2008-07-27,0.104589000188
738,85.0,2008-07-31,0.0010673159438
739,85.0,2008-08-01,0.00033107670301
740,85.0,2008-08-03,-0.0128111034971
741,85.0,2008-10-09,-0.0281868495504
742,85.0,2008-10-10,0.00270902422725
743,85.0,2008-10-11,0.0125734329703
744,85.0,2008-10-12,-0.0133521166258
745,85.0,2008-10-14,-0.000463907435576
746,85.0,2008-10-15,0.01750415355
747,85.0,2008-10-16,-0.00625709312027
748,85.0,2008-10-17,-0.0470456215451
749,85.0,2008-10-18,0.00678886642574
750,85.0,2008-10-19,-0.0003156492766
751,85.0,2008-10-20,0.0066819066513
752,85.0,2008-10-21,-0.00092805399087
753,85.0,2008-10-22,-0.00219888880191
754,85.0,2008-10-23,0.000746852556445
755,85.0,2008-10-24,0.00467444044918
756,85.0,2008-10-25,-0.00499209993781
757,85.0,2008-10-26,0.00028114114991
758,85.0,2008-10-27,0.00112902352163
759,85.0,2008-10-28,0.00344480079285
760,85.0,2008-10-29,0.00168797707905
761,85.0,2008-10-30,0.00557714813105
762,85.0,2008-10-31,-0.0105301739381
763,85.0,2008-11-01,-0.00441239873226
764,85.0,2008-11-02,-0.0241222283386
765,85.0,2008-11-03,-0.0196241151373
766,85.0,2008-11-04,-0.005067827876
767,85.0,2008-11-05,-0.0228604097058
768,85.0,2008-11-06,-0.000660527047245
769,85.0,2008-11-07,-0.00306087305186
770,85.0,2008-11-08,0.0066599029304
771,85.0,2008-11-09,-0.0013680899523
772,85.0,2008-11-10,-0.0066933615548
773,85.0,2008-11-11,-0.0323826013971
774,85.0,2008-11-12,-0.00030550955937
775,85.0,2008-11-13,0.0048172150114
776,85.0,2008-11-14,0.00766787680652
777,85.0,2008-11-15,0.00144206896475
778,85.0,2008-11-16,0.0125983662451
779,85.0,2008-11-17,-0.0149173715577
780,85.0,2008-11-18,-0.00265724264575
781,85.0,2008-11-25,-0.00201232879208
782,85.0,2008-11-26,-0.00330273509522
783,85.0,2008-11-27,0.000301027668133
784,85.0,2008-11-28,0.00185472355151
785,85.0,2008-11-29,0.00290500838926
786,85.0,2008-11-30,-0.0145476369693
787,85.0,2008-12-01,-0.00200249041036
788,85.0,2008-12-02,0.00128389894466
789,85.0,2008-12-03,-0.000538877843835
790,85.0,2008-12-04,0.00498492085964
791,85.0,2008-12-05,0.00412949293108
792,85.0,2008-12-06,0.0022484399821
793,85.0,2008-12-07,0.000462408385859
794,85.0,2008-12-08,-0.0113746957963
795,85.0,2008-12-09,-0.0719509563755
796,85.0,2008-12-10,-0.000604367629155
797,85.0,2008-12-11,-0.0739847408211
798,85.0,2008-12-12,0.00176375560199
799,85.0,2008-12-14,0.00044547786671
800,85.0,2008-12-15,-0.000425041881035
801,85.0,2008-12-16,-0.000264282675625
802,85.0,2008-12-17,-0.00816379846902
803,85.0,2008-12-18,-0.00560205288599
804,85.0,2008-12-19,0.00539380419432
805,85.0,2008-12-21,0.00763850387581
806,85.0,2008-12-22,0.000235492369831
807,85.0,2008-12-23,-0.0185426260408
808,85.0,2008-12-24,-0.142437080312
809,85.0,2008-12-25,-0.0216249890424
810,85.0,2008-12-26,-0.00036257825934
811,85.0,2008-12-27,-0.0021545143501
812,85.0,2008-12-28,-0.0745919666735
813,85.0,2008-12-29,-0.00159893297305
814,85.0,2008-12-30,-0.00105987140363
815,85.0,2008-12-31,-0.00165289788112
816,85.0,2009-01-01,-0.0098841245467
817,85.0,2009-01-02,-0.00498673933097
818,85.0,2009-01-04,-0.293786252899
819,85.0,2009-01-05,0.000987231596085
820,85.0,2009-01-06,-0.101730921532
821,85.0,2009-01-07,-0.000236603932975
822,85.0,2009-01-08,-0.108615231512
823,85.0,2009-01-09,0.0124875491761
824,85.0,2009-01-10,0.00141630568484
825,85.0,2009-03-13,0.0271071418382
826,85.0,2009-03-14,0.000846136594455
827,85.0,2009-03-16,-0.0106759597611
828,85.0,2009-03-17,0.00157773167157
829,85.0,2009-03-18,-0.0104096872709
830,85.0,2009-03-20,-0.00137141822086
831,85.0,2009-03-21,-0.000875765891297
832,85.0,2009-03-22,0.0424991123299
833,85.0,2009-03-23,-0.00026460813841
834,85.0,2009-03-24,-0.00129744711503
835,85.0,2009-03-26,0.00374774874897
836,85.0,2009-03-27,0.0270503579249
837,85.0,2009-03-29,-0.00781239492379
838,85.0,2009-03-31,0.00563174009509
839,85.0,2009-04-01,0.00740668264342
840,85.0,2009-04-02,-0.00639043110681
841,85.0,2009-04-03,0.00568832274858
842,85.0,2009-04-04,-0.0904641440963
843,85.0,2009-04-05,0.000206653737812
844,85.0,2009-04-06,-0.00227897772853
845,85.0,2009-04-07,0.00214462078604
846,85.0,2009-04-08,0.00349304301764
847,85.0,2009-04-09,-0.0134007453718
848,85.0,2009-04-10,-0.00738402738083
849,85.0,2009-04-11,0.00567946472374
850,85.0,2009-04-12,0.00117884976493
851,85.0,2009-04-13,-0.00171466496491
852,85.0,2009-04-14,-0.0175635090194
853,85.0,2009-04-15,0.00704977058453
854,85.0,2009-04-16,-0.0247415397678
855,85.0,2009-04-18,-0.00422141734851
856,85.0,2009-04-19,-0.00700682847489
857,85.0,2009-04-20,-5.63134584467e-06
858,85.0,2009-04-21,0.0111677737741
859,85.0,2009-04-22,0.00030078341187
860,85.0,2009-04-24,0.00177639199354
861,85.0,2009-04-25,-0.0244031644411
862,85.0,2009-04-26,0.00075966701762
863,85.0,2009-04-27,0.00446763790051
864,85.0,2009-04-28,0.00570060754542
865,85.0,2009-04-29,0.00417974543807
866,85.0,2009-05-02,0.0137024644293
867,85.0,2009-05-03,-0.00990861613144
868,85.0,2009-05-04,-0.00141002179756
869,85.0,2009-05-06,-0.00433751112363
870,85.0,2009-05-07,0.00275388863691
871,85.0,2009-05-08,0.00557187207878
872,85.0,2009-05-09,-0.013592905632
873,85.0,2009-05-10,0.00227042625067
874,85.0,2009-05-12,-0.0159157338604
875,85.0,2009-05-14,0.00179044941274
876,85.0,2009-05-15,-0.0077451367673
877,85.0,2009-05-16,-0.000682604510559
878,85.0,2009-05-17,-0.0063550831276
879,85.0,2009-05-19,-0.00223864872124
880,85.0,2009-05-20,0.00106359498023
881,85.0,2009-05-21,-0.00576874408314
882,85.0,2009-05-22,-0.00749240304673
883,85.0,2009-05-23,-0.001079633411
884,85.0,2009-05-24,-0.0200072653966
885,85.0,2009-06-11,-0.0053192639797
886,85.0,2009-06-13,0.00174623145902
887,85.0,2009-06-14,-0.0978342193165
888,85.0,2009-06-15,0.00388789882521
889,85.0,2009-06-17,0.00373728109709
890,85.0,2009-06-18,0.000434641290756
891,85.0,2009-06-19,-0.00541116955484
892,85.0,2009-06-20,-0.0070815956486
893,85.0,2009-06-22,-0.00099408458338
894,85.0,2009-06-23,-0.0110818003574
895,85.0,2009-06-24,0.0054992024839
896,85.0,2009-06-25,-0.00909040140736
897,85.0,2009-06-26,-0.00242720362979
898,85.0,2009-06-27,0.000220150687015
899,85.0,2009-06-28,-0.000800290640705
900,85.0,2009-06-29,0.00400040604759
901,85.0,2009-07-01,-0.0064638022477
902,85.0,2009-07-02,-0.0242984948251
903,85.0,2009-07-03,0.015412028977
904,85.0,2009-07-04,0.00699041429474
905,85.0,2009-07-05,-0.00094665002955
906,85.0,2009-07-06,0.0110595700766
907,85.0,2009-07-07,0.00387415256673
908,85.0,2009-07-08,-0.00931602281904
909,85.0,2009-07-28,0.00690497899493
910,85.0,2009-07-29,-0.000738272879723
911,85.0,2009-07-31,-0.071160408223
912,85.0,2009-08-03,-0.00907930634835
913,85.0,2009-08-06,-0.1138917191
914,85.0,2009-08-08,0.00381565687563
915,85.0,2009-08-10,-0.0156054708143
916,85.0,2009-08-11,0.0036893931519
917,85.0,2009-08-12,-0.00263167392104
918,85.0,2009-08-13,-0.0155612019957
919,85.0,2009-08-15,-0.00538717606991
920,85.0,2009-08-19,0.0642293425368
921,85.0,2009-08-20,-0.0333415310121
922,85.0,2009-08-21,0.069240486008
923,85.0,2009-08-23,0.285503620784
924,85.0,2009-08-24,0.0317037915568
925,85.0,2009-08-25,0.0253109713914
926,85.0,2009-08-26,0.00796098861895
927,85.0,2009-08-27,0.208055468346
928,85.0,2009-08-28,0.00863616725129
929,85.0,2009-08-31,0.137810252241
930,85.0,2009-09-01,0.0189732545921
931,85.0,2009-09-02,0.077458447009
932,85.0,2009-09-03,0.0778988212588
933,85.0,2009-09-04,0.0012821212035
934,85.0,2009-09-07,0.0917178792581
935,85.0,2009-09-08,0.169624636198
936,85.0,2009-09-09,0.0171262511653
937,85.0,2009-09-10,0.0407865834733
938,85.0,2009-09-11,0.0334518697751
939,85.0,2009-09-12,0.121773885078
940,85.0,2009-09-13,-0.210824622971
941,85.0,2009-09-14,0.102465019346
942,85.0,2009-09-15,0.262429685434
943,85.0,2009-09-16,0.0564804429758
944,85.0,2009-09-17,0.035285777277
945,85.0,2009-09-18,0.0326892057487
946,85.0,2009-09-20,-0.034707210299
947,85.0,2009-09-21,0.0624951485492
948,85.0,2009-09-22,0.0498148431238
949,85.0,2009-09-23,0.0279000014012
950,85.0,2009-09-24,-0.0913380085679
951,85.0,2009-09-25,-0.110423015076
952,85.0,2009-09-27,0.0756799548459
953,85.0,2009-09-28,0.0732516083735
954,86.0,2007-04-30,0.00814648657674
955,86.0,2007-05-04,0.321279183606
956,86.0,2007-05-05,0.050396597093
957,86.0,2007-05-06,-0.109531753646
958,86.0,2007-05-07,-0.051852466613
959,87.0,2007-08-15,0.011613543023
960,87.0,2007-08-16,0.00501553196552
961,89.0,2008-04-28,-0.0532528668821
962,89.0,2008-04-30,0.000743557138411
963,89.0,2008-05-01,0.00144367232071
964,89.0,2008-05-02,0.00081786670191
965,89.0,2008-05-03,0.00499195657364
966,89.0,2008-05-05,0.00643974590773
967,89.0,2008-05-06,2.18538956376e-05
968,89.0,2008-05-07,0.00312058919496
969,89.0,2008-05-08,-0.000970054373596
970,89.0,2008-05-09,0.00186692804142
971,89.0,2008-05-10,0.0070387407644
972,89.0,2008-05-11,0.00161811815256
973,89.0,2008-05-17,0.00127186596268
974,89.0,2008-05-18,0.00258987064624
975,89.0,2008-08-01,0.0234704852957
976,91.0,2007-11-26,0.00602112550525
977,92.0,2008-03-22,-0.0267064646531
978,92.0,2008-03-24,0.00749918857734
979,92.0,2008-05-17,-0.043559525231
980,96.0,2008-07-10,-0.00213217385829
981,96.0,2008-07-12,-0.00600133263071
982,96.0,2008-07-18,0.0514002143235
983,96.0,2008-07-19,0.00487461492246
984,96.0,2008-07-20,0.000623618338955
985,96.0,2008-07-21,0.0351067324172
986,96.0,2008-07-22,0.00410176776502
987,96.0,2008-07-23,0.0297564058451
988,96.0,2008-07-25,-0.00558046102152
989,96.0,2008-07-28,0.000786205001034
990,96.0,2008-07-30,-0.00251549960022
991,96.0,2008-07-31,0.00549414723876
992,96.0,2008-08-05,0.0138735254338
993,96.0,2008-08-06,0.00174027915879
994,96.0,2008-08-11,0.000606671480584
995,96.0,2008-08-13,0.0616323012151
996,96.0,2008-08-14,0.0825802457146
997,96.0,2008-08-15,-0.0150878006447
998,96.0,2008-08-22,-0.00422869264437
999,96.0,2008-12-10,-0.00296706023467
1000,97.0,2007-06-14,0.108500792091
1001,97.0,2007-06-15,0.126292237463
1002,97.0,2007-06-24,-0.0110761272037
1003,98.0,2007-05-29,0.165931931494
1004,98.0,2007-05-31,0.0179613898119
1005,98.0,2007-06-02,0.0031871245307
1006,98.0,2007-06-04,0.00149266983207
1007,101.0,2008-03-30,-0.0211665882137
1008,101.0,2008-06-29,0.0100884729965
1009,102.0,2011-10-19,-0.00775934965859
1010,102.0,2011-10-21,-0.011914671355
1011,102.0,2011-10-23,-0.000608253535366
1012,102.0,2011-11-03,-0.00131068782527
1013,102.0,2011-11-05,0.00868388065247
1014,102.0,2011-11-08,-0.00138339782246
1015,102.0,2011-11-09,-0.00157664674319
1016,102.0,2011-11-12,-0.019495091085
1017,102.0,2011-11-14,-0.00319949118126
1018,102.0,2011-11-15,0.00553326304607
1019,102.0,2011-12-07,-0.00153563804789
1020,102.0,2011-12-19,-0.00282500494935
1021,102.0,2011-12-26,-0.00126621428919
1022,102.0,2011-12-27,-0.0114890019295
1023,102.0,2011-12-30,0.0229156278504
1024,102.0,2011-12-31,0.00213624616675
1025,104.0,2008-01-01,-0.0185886118093
1026,104.0,2008-03-28,-0.0529566001561
1027,105.0,2007-10-02,0.0433132974517
1028,105.0,2007-10-03,0.0595511597462
1029,105.0,2007-10-05,0.0792267144686
1030,105.0,2007-10-07,-0.433992581031
1031,105.0,2007-10-09,0.0972833892283
1032,105.0,2007-10-10,0.0287739323104
1033,106.0,2007-10-08,0.0299875219808
1034,106.0,2007-10-09,-0.430071342831
1035,106.0,2007-10-10,-0.0883033423728
1036,108.0,2007-10-04,-0.0906907988939
1037,110.0,2008-01-18,-0.0391316642513
1038,111.0,2007-04-19,-0.000131832711461
1039,111.0,2007-04-21,-0.00989503729647
1040,111.0,2007-06-16,0.0178384138621
1041,111.0,2007-06-17,-0.0328793541063
1042,111.0,2007-09-07,0.78204163543
1043,112.0,2008-02-25,-0.00371805155311
1044,112.0,2008-05-10,0.00700734347031
1045,112.0,2008-05-16,0.002407853316
1046,112.0,2008-05-17,0.00683966260302
1047,112.0,2008-05-18,0.00702809703599
1048,112.0,2008-05-19,-0.00728924998833
1049,112.0,2008-05-21,0.000623913429303
1050,112.0,2008-05-22,-0.0107350003498
1051,112.0,2008-05-23,0.010194916014
1052,112.0,2008-05-24,0.017246996113
1053,112.0,2008-05-25,0.00606860473167
1054,112.0,2008-05-26,0.00316021797883
1055,112.0,2008-05-27,0.0184047713644
1056,112.0,2008-05-28,-0.0227397207545
1057,112.0,2008-05-29,0.0029723888318
1058,112.0,2008-05-30,0.00941217048548
1059,112.0,2008-05-31,0.00515261612714
1060,112.0,2008-06-01,0.00500080992248
1061,112.0,2008-06-02,0.00262086835729
1062,112.0,2008-06-03,-8.75458546801e-05
1063,112.0,2008-06-04,0.00342970572211
1064,112.0,2008-06-05,0.0143021379082
1065,112.0,2008-06-06,-0.00258282304887
1066,112.0,2008-06-07,0.0010884021369
1067,112.0,2008-06-08,0.0155784545495
1068,112.0,2008-06-09,0.0060564659014
1069,112.0,2008-06-10,-0.0111248461319
1070,112.0,2008-06-11,0.00126101473821
1071,112.0,2008-06-12,-0.02147294768
1072,112.0,2008-06-13,0.00308298368014
1073,112.0,2008-06-14,-0.00404516987418
1074,112.0,2008-06-15,0.00366075881886
1075,112.0,2008-06-16,0.00747657735734
1076,112.0,2008-06-17,-0.000700555373856
1077,112.0,2008-06-18,0.00342250385841
1078,112.0,2008-06-19,0.0108048029143
1079,112.0,2008-06-20,0.00428496868811
1080,112.0,2008-06-21,0.0062494783575
1081,112.0,2008-06-22,0.0291858678307
1082,112.0,2008-06-25,0.00442825870849
1083,112.0,2008-06-26,-0.0106393179389
1084,112.0,2008-06-27,0.0199757847415
1085,112.0,2008-06-28,-0.0733659738556
1086,112.0,2008-06-29,0.00583730519159
1087,112.0,2008-06-30,0.00301733924494
1088,112.0,2008-07-01,0.00778303066784
1089,112.0,2008-07-02,0.00475446899858
1090,112.0,2008-07-03,-0.00233766497471
1091,112.0,2008-07-04,-0.00346948871565
1092,112.0,2008-07-05,0.000125219763638
1093,112.0,2008-07-06,0.0095988054651
1094,112.0,2008-07-07,0.00481161909847
1095,112.0,2008-07-08,0.00165148556957
1096,112.0,2008-07-09,
1097,112.0,2008-07-10,0.00404262169311
1098,112.0,2008-07-11,0.0024816027963
1099,112.0,2008-07-13,0.00881651723656
1100,112.0,2008-07-16,0.00565875102312
1101,112.0,2008-07-17,-0.0196329514964
1102,112.0,2008-07-18,0.00406229681097
1103,115.0,2007-05-10,0.0800653664949
1104,115.0,2007-05-13,-0.0198605548942
1105,115.0,2007-05-14,-0.0226924763194
1106,115.0,2007-05-15,0.0186424738437
1107,115.0,2007-05-16,0.0173222351593
1108,115.0,2007-05-18,-0.0561099526192
1109,115.0,2007-05-19,0.0448422618731
1110,115.0,2007-05-21,0.00559793897946
1111,115.0,2007-05-22,-0.000540899773952
1112,115.0,2007-05-23,0.0110813643922
1113,115.0,2007-09-08,0.625410905019
1114,115.0,2008-04-16,-0.0424166285729
1115,115.0,2008-04-17,0.0283474764628
1116,115.0,2008-04-29,-0.0374854988208
1117,115.0,2008-04-30,0.0085159415095
1118,115.0,2008-05-01,0.000545429945325
1119,115.0,2008-05-04,0.00753662272841
1120,115.0,2008-05-05,0.0144871158312
1121,115.0,2008-05-06,-0.0097172550135
1122,115.0,2008-05-07,0.00228946337422
1123,115.0,2008-05-08,-0.00194293801175
1124,115.0,2008-05-09,0.0013751064367
1125,115.0,2008-05-12,0.00856144595471
1126,115.0,2008-05-13,-0.00168462528063
1127,115.0,2008-05-14,0.00812693294137
1128,115.0,2008-05-15,
1129,115.0,2008-05-16,0.00669307741874
1130,115.0,2008-05-20,0.014742544001
1131,115.0,2008-05-21,-0.0169384919995
1132,115.0,2008-05-22,0.021826038772
1133,115.0,2008-05-23,0.00397537381437
1134,115.0,2008-05-25,0.00689964980745
1135,115.0,2008-05-26,0.0136906805876
1136,115.0,2008-05-27,0.00416065851248
1137,115.0,2008-05-28,0.0132406044807
1138,115.0,2008-05-29,0.0126988265029
1139,115.0,2008-05-30,0.0121379881788
1140,115.0,2008-06-01,0.00361027079225
1141,115.0,2008-06-02,0.0179713517966
1142,115.0,2008-06-03,0.0184177224177
1143,115.0,2008-06-04,0.00594901632615
1144,115.0,2008-06-05,0.0145094142851
1145,115.0,2008-06-06,0.00768507225355
1146,115.0,2008-06-09,0.0118091452249
1147,115.0,2008-06-10,0.00821134780114
1148,115.0,2008-06-11,0.00841152388121
1149,115.0,2008-06-12,0.013608870004
1150,115.0,2008-06-15,0.0116868632167
1151,115.0,2008-06-16,-0.0313084065571
1152,115.0,2008-06-17,0.0156264845067
1153,115.0,2008-06-18,0.0152561346293
1154,115.0,2008-06-19,0.0121180879716
1155,115.0,2008-06-20,0.00560347090099
1156,115.0,2008-06-22,0.00388510274294
1157,115.0,2008-06-23,0.0181689500384
1158,115.0,2008-06-24,0.0127558067564
1159,115.0,2008-06-25,0.000125278447741
1160,115.0,2008-06-26,0.00315765860176
1161,115.0,2008-06-27,0.0176912677696
1162,115.0,2008-06-28,-3.38605120768e-05
1163,115.0,2008-06-29,0.00767967540085
1164,115.0,2008-06-30,0.0163449719054
1165,115.0,2008-07-01,0.00898838796667
1166,115.0,2008-07-02,0.00470786390926
1167,115.0,2008-07-04,0.0429573493711
1168,115.0,2008-07-06,0.0158380939447
1169,115.0,2008-07-07,0.0152036239726
1170,115.0,2008-07-22,-0.000823492671475
1171,115.0,2008-07-23,0.0046804221393
1172,117.0,2007-06-21,0.0184194594269
1173,117.0,2007-06-22,0.0495642359489
1174,117.0,2007-06-25,0.0051709559744
1175,117.0,2007-06-27,0.00304970061493
1176,117.0,2007-06-29,0.120142336804
1177,117.0,2007-07-04,0.0050045876013
1178,125.0,2008-05-10,0.0244573681028
1179,125.0,2008-05-11,0.0364307355043
1180,125.0,2008-05-23,0.0137363233609
1181,125.0,2008-05-24,0.0430133972342
1182,125.0,2008-05-30,0.028985815314
1183,125.0,2008-05-31,0.036599046977
1184,125.0,2008-06-05,-0.0371819661072
1185,125.0,2008-06-07,0.0182071662152
1186,125.0,2008-06-20,0.0133038634833
1187,125.0,2008-06-21,-0.0250067196044
1188,125.0,2008-06-22,0.0123614107803
1189,125.0,2008-08-20,0.00213388818838
1190,125.0,2008-08-23,-0.00349900192659
1191,125.0,2008-08-24,0.000666369716919
1192,125.0,2008-08-27,0.00236639699009
1193,125.0,2008-08-28,0.000871916729376
1194,125.0,2008-09-02,-0.00207498521924
1195,125.0,2008-09-03,0.000672811803651
1196,125.0,2008-09-06,-0.045702692623
1197,125.0,2008-09-09,-0.000514538827043
1198,125.0,2008-09-12,0.00138931150746
1199,125.0,2008-09-13,-0.00186407967581
1200,125.0,2008-09-16,-0.0227190154739
1201,125.0,2008-09-17,-0.0105636728671
1202,125.0,2008-09-20,0.00076596916088
1203,125.0,2008-09-21,0.0008915204349
1204,125.0,2008-09-25,
1205,125.0,2008-10-06,
1206,125.0,2008-10-11,
1207,126.0,2008-04-22,-0.0235788221466
1208,126.0,2008-04-26,0.0119153357773
1209,126.0,2008-04-27,0.0188180667607
1210,126.0,2008-05-01,0.0847172094366
1211,126.0,2008-05-02,-0.00497575722733
1212,126.0,2008-05-03,-0.0610010541196
1213,126.0,2008-05-10,0.00345752627
1214,126.0,2008-05-11,0.00174313006979
1215,126.0,2008-05-16,0.00647485625773
1216,126.0,2008-05-17,0.00939705273621
1217,126.0,2008-05-18,-0.00269000665737
1218,126.0,2008-05-21,0.00794502194071
1219,126.0,2008-05-23,-0.000684652262625
1220,126.0,2008-05-28,0.00412436054949
1221,126.0,2008-05-29,0.0159310534828
1222,126.0,2008-05-31,-0.0020313024205
1223,126.0,2008-06-01,0.00302281807682
1224,126.0,2008-06-02,-0.00565193257426
1225,126.0,2008-06-03,-0.0551584042792
1226,126.0,2008-06-05,0.00183772446605
1227,126.0,2008-06-06,0.015297266382
1228,126.0,2008-06-07,0.00820378913711
1229,126.0,2008-06-08,0.0174231035273
1230,126.0,2008-06-09,0.0107820254124
1231,126.0,2008-06-14,-0.000232099843855
1232,126.0,2008-06-15,-0.00055459609859
1233,126.0,2008-06-20,0.00674168237198
1234,126.0,2008-06-21,-0.0779233395806
1235,126.0,2008-06-22,0.00168611687466
1236,126.0,2008-06-28,0.0271439170141
1237,126.0,2008-06-29,-0.0438207352323
1238,126.0,2008-07-06,0.00522555219595
1239,126.0,2008-07-12,0.00512090674244
1240,126.0,2008-07-13,-0.00541720601447
1241,126.0,2008-07-14,-0.0458665738675
1242,126.0,2008-07-16,0.0111676973422
1243,126.0,2008-07-18,0.0368919555822
1244,126.0,2008-07-19,0.00602580159549
1245,126.0,2008-07-23,-0.00324540981938
1246,126.0,2008-07-24,0.00612120485942
1247,126.0,2008-07-25,0.00310818048647
1248,126.0,2008-07-26,-0.00249193360831
1249,126.0,2008-07-27,0.00179792559828
1250,126.0,2008-07-29,0.0030270373483
1251,126.0,2008-07-31,0.00130212667401
1252,126.0,2008-08-02,0.00011841624192
1253,126.0,2008-08-03,-0.00163040140336
1254,126.0,2008-08-07,0.0162510624309
1255,126.0,2008-08-08,-0.00712444801757
1256,126.0,2008-08-09,0.00021710834364
1257,126.0,2008-08-10,-0.00257777203005
1258,126.0,2008-08-11,0.00722986649949
1259,126.0,2008-08-12,-0.00059498387623
1260,126.0,2008-08-16,0.00678945884406
1261,126.0,2008-08-17,0.00158611252117
1262,126.0,2008-09-04,0.000737934068363
1263,126.0,2008-09-08,-0.00646220633728
1264,126.0,2008-09-12,0.00153641581579
1265,126.0,2008-09-13,0.00246521113107
1266,126.0,2008-09-15,0.00226918837754
1267,126.0,2008-09-23,0.00317649174702
1268,126.0,2008-09-29,0.00119042957342
1269,126.0,2008-09-30,0.00152653930199
1270,126.0,2008-10-01,-0.000700021250786
1271,126.0,2008-10-02,0.00275900817351
1272,126.0,2008-10-11,-0.00415592380728
1273,126.0,2008-10-12,0.00235467218344
1274,126.0,2008-10-13,0.00170234315987
1275,126.0,2008-10-15,-0.0391261601852
1276,126.0,2008-10-20,0.0137142939076
1277,126.0,2008-11-24,-0.0301844615183
1278,126.0,2008-11-26,0.00173179880939
1279,126.0,2008-11-27,-0.0271731000589
1280,126.0,2008-11-29,0.00138145446633
1281,126.0,2008-12-01,0.00108335907181
1282,126.0,2008-12-04,-0.00713920111747
1283,126.0,2008-12-08,0.00262469453838
1284,126.0,2008-12-13,0.0040276542798
1285,128.0,2007-04-14,0.12158486638
1286,128.0,2007-04-15,0.0016553231865
1287,128.0,2007-04-16,0.00033577929984
1288,128.0,2007-04-18,-0.080471730796
1289,128.0,2007-04-19,0.0494559350823
1290,128.0,2007-04-20,0.0431265610035
1291,128.0,2007-04-21,0.142098326701
1292,128.0,2007-05-05,0.112516555833
1293,128.0,2007-05-06,0.213551583057
1294,128.0,2007-05-08,0.376642867724
1295,128.0,2007-05-27,0.354291911038
1296,128.0,2007-05-29,7.78029572113
1297,128.0,2007-05-30,-0.000801558582754
1298,128.0,2007-05-31,0.147758432623
1299,128.0,2007-06-01,0.0123421716515
1300,128.0,2007-06-04,0.309845447769
1301,128.0,2007-06-20,-3.28928301673
1302,128.0,2007-06-21,0.00488598593184
1303,128.0,2007-06-25,0.00150242669392
1304,128.0,2007-06-26,-0.000557666348714
1305,128.0,2007-06-27,0.0597747038594
1306,128.0,2007-06-28,0.0603104222247
1307,128.0,2007-06-29,-0.000157511084161
1308,128.0,2007-07-01,0.137514658113
1309,128.0,2007-07-02,0.0099425641678
1310,128.0,2007-07-03,0.000518900784506
1311,128.0,2007-07-07,0.0233331036873
1312,128.0,2007-07-08,0.039059987751
1313,128.0,2008-05-01,-0.00109507881345
1314,128.0,2008-05-03,-0.0672061025179
1315,128.0,2008-05-04,0.0148963099377
1316,128.0,2008-05-06,0.0237549061683
1317,128.0,2008-05-09,-0.00593874948076
1318,128.0,2008-05-10,0.00175868357535
1319,128.0,2008-05-12,-0.0948755253148
1320,128.0,2008-05-13,-0.533058981745
1321,128.0,2008-05-14,0.0155355621179
1322,128.0,2008-05-15,0.0152081020975
1323,128.0,2008-05-16,0.00641011846807
1324,128.0,2008-05-17,0.00863432595061
1325,128.0,2008-05-18,-0.000856312478971
1326,128.0,2008-05-23,-0.000449839058694
1327,128.0,2008-06-06,0.00647038369625
1328,128.0,2008-06-07,0.0103151514178
1329,128.0,2008-06-10,0.0193071924989
1330,128.0,2008-06-11,0.0154622025622
1331,128.0,2008-06-27,-0.00576741788795
1332,128.0,2008-06-29,0.0162305713361
1333,128.0,2008-06-30,0.00505200455321
1334,128.0,2008-07-01,0.0049724283616
1335,128.0,2008-07-02,0.0238890248201
1336,128.0,2008-07-03,0.00695702084948
1337,128.0,2008-07-04,0.00754321550097
1338,128.0,2008-07-05,0.0628432395695
1339,128.0,2008-07-06,0.0286826774784
1340,128.0,2008-07-07,0.012818534336
1341,128.0,2008-07-08,0.0102454148639
1342,128.0,2008-07-09,-0.0002264478674
1343,128.0,2008-07-10,0.0119558731011
1344,128.0,2008-07-11,-0.0049944887258
1345,128.0,2008-07-12,0.00873307400252
1346,128.0,2008-07-13,0.0201658191882
1347,128.0,2008-07-17,0.0218014183533
1348,128.0,2008-07-18,0.0339394105846
1349,128.0,2008-07-19,0.00697143405669
1350,128.0,2008-07-27,0.0440542535636
1351,128.0,2008-07-28,0.0327585468407
1352,128.0,2008-07-29,0.00291017323734
1353,128.0,2008-07-30,0.0301755896424
1354,128.0,2008-07-31,0.00887576341376
1355,128.0,2008-08-01,0.0448247429567
1356,128.0,2008-08-05,0.0193679942889
1357,128.0,2008-08-06,0.00355492480523
1358,128.0,2008-08-07,0.0450043068966
1359,128.0,2008-08-08,0.0335454161426
1360,128.0,2008-08-09,0.00332840351972
1361,128.0,2008-08-11,0.0858963233565
1362,128.0,2008-08-12,0.0139727472646
1363,128.0,2008-08-13,0.00458365216915
1364,128.0,2008-08-15,0.0119021033368
1365,128.0,2008-08-17,0.0177469627711
1366,128.0,2008-08-18,0.00230063581836
1367,128.0,2008-08-21,0.00718983017064
1368,128.0,2008-08-22,0.00941903972736
1369,128.0,2008-08-23,0.0154722722418
1370,128.0,2008-08-24,0.0591926193068
1371,128.0,2008-08-25,0.0235633846309
1372,128.0,2008-08-26,0.0341035152709
1373,128.0,2008-08-27,0.0141561484273
1374,128.0,2008-08-28,-0.0258982761552
1375,128.0,2008-08-29,0.0247395766451
1376,128.0,2008-09-01,0.00733039558299
1377,128.0,2008-09-02,0.00674943023506
1378,128.0,2008-09-03,0.018590577269
1379,128.0,2008-09-04,0.0190310563816
1380,128.0,2008-09-05,0.0323693215374
1381,128.0,2008-09-06,0.00669579038047
1382,128.0,2008-09-07,0.0230785447187
1383,128.0,2008-09-08,0.0140713084681
1384,128.0,2008-09-09,0.0216205792019
1385,128.0,2008-09-10,0.0269440398056
1386,128.0,2008-09-11,0.0387441947954
1387,128.0,2008-09-12,0.028790832195
1388,128.0,2008-09-13,0.00652078038109
1389,128.0,2008-09-14,0.0137073725979
1390,128.0,2008-09-15,0.0278953431436
1391,128.0,2008-09-16,-0.000793452631598
1392,128.0,2008-09-17,0.0563832949261
1393,128.0,2008-09-18,0.0250076719253
1394,128.0,2008-09-19,0.0319452778435
1395,128.0,2008-09-20,0.0203033232871
1396,128.0,2008-09-21,0.0112349112809
1397,128.0,2008-09-22,0.0111418137906
1398,128.0,2008-09-23,0.0241355563795
1399,128.0,2008-09-24,0.035882420194
1400,128.0,2008-09-25,0.0109410749057
1401,128.0,2008-09-26,0.0138785736532
1402,128.0,2008-09-27,-0.00037615576803
1403,128.0,2008-09-28,0.0240221296673
1404,128.0,2008-09-30,0.0355821658991
1405,128.0,2008-10-01,0.00861162572209
1406,128.0,2008-10-02,0.0198677654088
1407,128.0,2008-10-03,0.0106603606687
1408,128.0,2008-10-04,0.0120325948765
1409,128.0,2008-10-05,0.00890399105244
1410,128.0,2008-10-07,0.0247695552223
1411,128.0,2008-10-08,0.0233545571893
1412,128.0,2008-10-09,0.00564766795799
1413,128.0,2008-10-10,0.00115837069738
1414,128.0,2008-10-11,0.0176387818857
1415,128.0,2008-10-12,0.0152015021052
1416,128.0,2008-10-13,0.00490884724828
1417,128.0,2008-10-14,0.0209208708456
1418,128.0,2008-10-15,0.038820726812
1419,128.0,2008-10-16,-0.00244214320835
1420,128.0,2008-10-17,0.00945096180028
1421,128.0,2008-10-19,0.0103902165434
1422,128.0,2008-10-20,0.016408550743
1423,128.0,2008-10-21,0.0223867070149
1424,128.0,2008-10-22,0.0117881806736
1425,128.0,2008-10-23,0.0435873622797
1426,128.0,2008-10-24,0.00830758605935
1427,128.0,2008-10-25,0.0176109890896
1428,128.0,2008-10-26,0.00822767432847
1429,128.0,2008-10-27,0.0165387876454
1430,128.0,2008-10-28,0.00864993284072
1431,128.0,2008-10-29,0.0147024010491
1432,128.0,2008-10-30,0.0191984392664
1433,128.0,2008-10-31,0.0124081098665
1434,128.0,2008-11-01,0.0341243308881
1435,128.0,2008-11-03,-0.00799208368985
1436,128.0,2008-11-04,0.0120192409378
1437,128.0,2008-11-05,0.0125430916792
1438,128.0,2008-11-06,0.0226119704092
1439,128.0,2008-11-07,0.0079860967268
1440,128.0,2008-11-08,-0.0206324986578
1441,128.0,2008-11-10,0.0228455706865
1442,128.0,2008-11-11,0.0216676627074
1443,128.0,2008-11-12,0.0419655086691
1444,128.0,2008-11-13,0.0331234053051
1445,128.0,2008-11-14,0.0609490183395
1446,128.0,2008-11-15,0.0196146868223
1447,128.0,2008-11-16,0.0184347115576
1448,128.0,2008-11-17,0.0230462267979
1449,128.0,2008-11-18,0.0130372512933
1450,128.0,2008-11-19,0.014649990958
1451,128.0,2008-11-20,0.0094749032729
1452,128.0,2008-11-21,-0.00594257030942
1453,128.0,2008-11-22,0.0192116010235
1454,128.0,2008-11-23,0.0313655074989
1455,128.0,2008-11-24,0.0233334794049
1456,128.0,2008-11-25,0.044795014275
1457,128.0,2008-11-26,0.050403141181
1458,128.0,2008-11-27,0.0307791739445
1459,128.0,2008-11-28,0.0172395707051
1460,128.0,2008-11-29,0.0220567237679
1461,128.0,2008-11-30,0.0158377795996
1462,128.0,2008-12-01,0.00521064838764
1463,128.0,2008-12-02,0.0131066217481
1464,128.0,2008-12-03,0.00579401764283
1465,128.0,2008-12-04,0.0194405786399
1466,128.0,2008-12-05,0.0173670700487
1467,128.0,2008-12-06,0.0318296464111
1468,128.0,2008-12-07,0.0112113325208
1469,128.0,2008-12-08,0.00473207050708
1470,128.0,2008-12-09,0.0119217912652
1471,128.0,2008-12-10,0.0173719446185
1472,128.0,2008-12-11,0.0148020211572
1473,128.0,2008-12-12,0.0239302763445
1474,128.0,2008-12-13,0.00825458027419
1475,128.0,2008-12-14,-0.04160768227
1476,128.0,2008-12-15,0.007164322198
1477,128.0,2008-12-16,0.00772190595317
1478,128.0,2008-12-17,0.0329730347532
1479,128.0,2008-12-18,0.014865346591
1480,128.0,2008-12-19,-0.00987897561565
1481,128.0,2008-12-21,0.00495832395887
1482,128.0,2008-12-22,0.0341169416218
1483,128.0,2008-12-23,-0.0166903694869
1484,128.0,2008-12-24,0.0422375158988
1485,128.0,2008-12-25,0.0191537128617
1486,128.0,2008-12-26,0.0166788516957
1487,128.0,2008-12-27,0.01759909342
1488,128.0,2008-12-29,0.0107047327043
1489,128.0,2008-12-30,0.00446709319473
1490,128.0,2008-12-31,0.030853215343
1491,128.0,2009-01-01,0.0166933530328
1492,128.0,2009-01-02,0.0339192214385
1493,128.0,2009-01-03,0.019801139079
1494,128.0,2009-01-04,0.0326759646014
1495,128.0,2009-01-05,0.0199509073201
1496,128.0,2009-01-06,0.0128982324998
1497,128.0,2009-01-07,0.0187243727163
1498,128.0,2009-01-08,0.0298021999158
1499,128.0,2009-01-09,0.0212878456331
1500,128.0,2009-01-12,0.00062259481494
1501,128.0,2009-01-13,0.0183962720651
1502,128.0,2009-01-14,-0.00293766755855
1503,128.0,2009-01-15,0.0271761419453
1504,128.0,2009-01-16,0.0303135571065
1505,128.0,2009-01-17,0.00952391612277
1506,128.0,2009-01-18,0.0158902016337
1507,128.0,2009-01-19,-0.0188352615895
1508,128.0,2009-01-20,0.0352991889707
1509,128.0,2009-01-28,0.025682847703
1510,128.0,2009-02-01,0.0163621306283
1511,128.0,2009-02-02,0.00285322693402
1512,128.0,2009-02-04,0.0196453615889
1513,128.0,2009-02-05,0.0293765491875
1514,128.0,2009-02-06,0.016365710421
1515,128.0,2009-02-08,0.0124107515771
1516,128.0,2009-02-09,0.015684070129
1517,128.0,2009-02-10,0.0608031747595
1518,128.0,2009-02-11,0.0203536651964
1519,128.0,2009-02-12,0.00796899538495
1520,128.0,2009-02-13,0.0404681471141
1521,128.0,2009-02-14,0.013109694536
1522,128.0,2009-02-16,0.00944094091897
1523,128.0,2009-02-17,0.0153029182014
1524,128.0,2009-02-18,0.0109450059307
1525,128.0,2009-02-19,0.00668308307048
1526,128.0,2009-02-20,0.0265781736077
1527,128.0,2009-02-21,0.0103453068927
1528,128.0,2009-02-22,0.0786010709556
1529,128.0,2009-02-23,0.0449646152275
1530,128.0,2009-02-27,0.0322338165374
1531,128.0,2009-02-28,0.0184975428908
1532,128.0,2009-03-01,0.0119139723246
1533,128.0,2009-03-02,0.0478851173348
1534,128.0,2009-03-03,0.0158691736265
1535,128.0,2009-03-04,-0.0173515235604
1536,128.0,2009-03-05,0.154944267235
1537,128.0,2009-03-07,-0.104006976517
1538,128.0,2009-03-09,0.017430685705
1539,128.0,2009-03-10,0.0501334673888
1540,128.0,2009-03-11,0.014345795542
1541,128.0,2009-03-12,0.0301944835238
1542,128.0,2009-03-13,-0.0137995002613
1543,128.0,2009-03-14,0.0191546862418
1544,128.0,2009-03-15,0.0133985006434
1545,128.0,2009-03-16,0.0473222043994
1546,128.0,2009-03-17,0.014698232436
1547,128.0,2009-03-18,0.0232503937193
1548,128.0,2009-03-19,0.0255437939135
1549,128.0,2009-03-20,0.0124434700774
1550,128.0,2009-03-21,0.0319422919152
1551,128.0,2009-03-22,0.0253201909419
1552,128.0,2009-03-23,0.0207763754552
1553,128.0,2009-03-24,0.0168497588624
1554,128.0,2009-03-26,0.0313061455393
1555,128.0,2009-03-27,0.0308617807466
1556,128.0,2009-03-28,0.0129028863902
1557,128.0,2009-03-29,0.0158075270816
1558,128.0,2009-03-30,0.0167504451696
1559,128.0,2009-03-31,0.0166701293657
1560,128.0,2009-04-01,0.0385917357364
1561,128.0,2009-04-02,0.0119766791329
1562,128.0,2009-04-03,0.0108156431793
1563,128.0,2009-04-04,0.0126214940166
1564,128.0,2009-04-06,0.0135456876419
1565,128.0,2009-04-07,0.00728078569173
1566,128.0,2009-04-08,0.00739659507065
1567,128.0,2009-04-09,0.0400895475345
1568,128.0,2009-04-10,0.0188770127563
1569,128.0,2009-04-11,0.0196360636706
1570,128.0,2009-04-12,0.0082753543259
1571,128.0,2009-04-13,0.00361417230691
1572,128.0,2009-04-14,0.0164951680747
1573,128.0,2009-04-15,0.00561318411393
1574,128.0,2009-04-16,0.0189588048927
1575,128.0,2009-04-17,0.0241057701817
1576,128.0,2009-04-18,0.0140218304882
1577,128.0,2009-04-19,0.0193353471667
1578,128.0,2009-04-20,0.012565858327
1579,128.0,2009-04-21,0.00770536682192
1580,128.0,2009-04-22,0.0236287289455
1581,128.0,2009-04-23,0.0129190290151
1582,128.0,2009-04-24,0.0229811942752
1583,128.0,2009-04-27,0.03955072913
1584,128.0,2009-04-28,-0.0255543488255
1585,128.0,2009-04-29,0.03516768241
1586,128.0,2009-04-30,0.027674802735
1587,128.0,2009-05-01,0.0178284451584
1588,128.0,2009-05-02,0.0190568782494
1589,128.0,2009-05-03,0.0158902077568
1590,128.0,2009-05-04,0.0125195355075
1591,128.0,2009-05-05,0.0127855856152
1592,128.0,2009-05-06,0.0182498686476
1593,128.0,2009-05-07,0.00765658072154
1594,128.0,2009-05-08,-0.029210969418
1595,128.0,2009-05-09,0.00969133013549
1596,128.0,2009-05-10,0.0161033997558
1597,128.0,2009-05-11,0.00804293711534
1598,128.0,2009-05-12,0.00578187534289
1599,128.0,2009-05-13,0.0662185972456
1600,128.0,2009-05-14,0.00990245298647
1601,128.0,2009-05-15,-0.003366157042
1602,128.0,2009-05-17,-0.00655258224984
1603,128.0,2009-05-18,0.0173004931173
1604,128.0,2009-05-19,0.0166602730988
1605,128.0,2009-05-20,0.0451242710944
1606,128.0,2009-05-21,0.0158641289349
1607,128.0,2009-05-22,0.00762636790001
1608,128.0,2009-05-24,-0.00460212104894
1609,128.0,2009-05-25,0.0131971441054
1610,128.0,2009-05-26,0.0175315052859
1611,128.0,2009-05-27,0.0110912507763
1612,128.0,2009-05-29,0.0134138659373
1613,128.0,2009-05-31,0.0109925419879
1614,128.0,2009-06-01,0.0737253587512
1615,128.0,2009-06-02,0.0206699447155
1616,128.0,2009-06-03,0.0103341117559
1617,128.0,2009-06-04,0.0197933354531
1618,128.0,2009-06-05,0.0153195874455
1619,128.0,2009-06-06,0.020847530301
1620,128.0,2009-06-07,0.00895841370409
1621,129.0,2008-06-27,0.0147263580383
1622,138.0,2007-05-25,0.0018841517419
1623,138.0,2007-05-26,0.0269852572837
1624,138.0,2007-06-12,0.165497520746
1625,138.0,2007-06-21,0.193028610115
1626,138.0,2007-06-27,0.0357312683785
1627,139.0,2007-09-03,0.00187747948761
1628,139.0,2007-09-04,0.148939167166
1629,139.0,2007-09-05,-0.0172617834552
1630,139.0,2007-10-04,-0.0906907988939
1631,141.0,2011-08-29,
1632,141.0,2011-08-30,
1633,141.0,2011-08-31,
1634,141.0,2011-09-02,
1635,141.0,2011-09-03,
1636,141.0,2011-09-05,
1637,141.0,2011-09-09,
1638,141.0,2011-09-10,
1639,141.0,2011-09-11,
1640,141.0,2011-09-17,
1641,141.0,2011-09-18,
1642,141.0,2011-09-19,
1643,141.0,2011-09-23,
1644,141.0,2011-09-24,
1645,141.0,2011-09-25,
1646,141.0,2011-09-26,
1647,141.0,2011-09-29,
1648,141.0,2011-10-08,
1649,141.0,2011-10-09,
1650,141.0,2011-10-10,
1651,141.0,2011-10-11,
1652,141.0,2011-10-12,
1653,141.0,2011-10-13,
1654,141.0,2011-10-14,
1655,141.0,2011-10-22,
1656,141.0,2011-10-23,
1657,144.0,2008-05-01,-0.00105800559872
1658,144.0,2008-05-02,0.0116539328135
1659,144.0,2008-05-03,0.00365244091824
1660,144.0,2008-05-10,0.0070387407644
1661,144.0,2008-05-11,0.00155485511352
1662,144.0,2008-05-17,0.00760310369464
1663,144.0,2008-05-18,0.00287355571779
1664,144.0,2008-05-20,0.107372710903
1665,153.0,2007-07-25,0.245573852496
1666,153.0,2007-07-26,0.0682076973318
1667,153.0,2007-07-28,0.0895858604893
1668,153.0,2008-05-01,-0.0107600900561
1669,153.0,2008-05-02,0.0198567154705
1670,153.0,2008-05-04,0.00526198922959
1671,153.0,2008-05-05,-0.000798468829425
1672,153.0,2008-05-06,0.00722376926381
1673,153.0,2008-05-09,-0.00430996631992
1674,153.0,2008-05-10,-0.00052221036462
1675,153.0,2008-05-11,0.00981106566744
1676,153.0,2008-05-12,0.0193639213709
1677,153.0,2008-05-13,-0.00363973834572
1678,153.0,2008-05-14,0.0105438341854
1679,153.0,2008-05-15,-0.00714101353316
1680,153.0,2008-05-16,0.0111387591509
1681,153.0,2008-05-17,0.0003951489814
1682,153.0,2008-05-19,0.0248951373278
1683,153.0,2008-05-20,0.0140429836835
1684,153.0,2008-05-21,-0.00017155136821
1685,153.0,2008-05-22,0.00491093625035
1686,153.0,2008-05-23,0.0167920864677
1687,153.0,2008-05-24,0.011995770255
1688,153.0,2008-05-26,0.00564488372127
1689,153.0,2008-05-27,0.0242752694889
1690,153.0,2008-05-28,0.0049249112244
1691,153.0,2008-05-29,0.00376115928159
1692,153.0,2008-05-30,0.0213850431507
1693,153.0,2008-06-01,0.0125212430301
1694,153.0,2008-06-02,0.0210118071684
1695,153.0,2008-06-03,-0.00027406160473
1696,153.0,2008-06-04,0.0198993525422
1697,153.0,2008-06-05,0.00810668944444
1698,153.0,2008-06-06,0.00646519802331
1699,153.0,2008-06-07,-0.0125681835242
1700,153.0,2008-06-08,0.00962019183542
1701,153.0,2008-06-10,0.00136435156838
1702,153.0,2008-06-11,-0.00053156421365
1703,153.0,2008-06-12,-0.00158705849769
1704,153.0,2008-06-13,0.0201416944751
1705,153.0,2008-06-14,0.0178657418633
1706,153.0,2008-06-15,-0.00152736182995
1707,153.0,2008-06-16,0.0162047881396
1708,153.0,2008-06-17,0.0217698712347
1709,153.0,2008-06-18,0.0033181174868
1710,153.0,2008-06-19,0.0090857049629
1711,153.0,2008-06-20,0.0189503714251
1712,153.0,2008-06-22,0.00813249142064
1713,153.0,2008-06-23,0.0142448500256
1714,153.0,2008-06-24,0.0200368780329
1715,153.0,2008-06-25,0.00369619991014
1716,153.0,2008-06-26,-0.00392852958883
1717,153.0,2008-06-27,0.0107968021707
1718,153.0,2008-06-28,0.00616849931931
1719,153.0,2008-06-30,0.0197147584689
1720,153.0,2008-07-01,0.0126834624427
1721,153.0,2008-07-02,0.0256084396716
1722,153.0,2008-07-03,0.0353904784073
1723,153.0,2008-07-04,-0.0239327362545
1724,153.0,2008-07-05,0.00133688326672
1725,153.0,2008-07-07,0.0017624106307
1726,153.0,2008-07-08,-0.00466875280775
1727,153.0,2008-07-09,0.0166388334726
1728,153.0,2008-07-10,0.00842293586975
1729,153.0,2008-07-12,0.00952101443002
1730,153.0,2008-07-13,-0.0439378166027
1731,153.0,2008-07-14,-0.00169677842609
1732,153.0,2008-07-15,-0.00160368343389
1733,153.0,2008-07-16,0.00281897039386
1734,153.0,2008-07-17,0.0041199874198
1735,153.0,2008-07-18,0.00894267511037
1736,153.0,2008-07-19,-0.00594317766515
1737,153.0,2008-07-20,0.00079529399099
1738,153.0,2008-07-21,0.0017172075525
1739,153.0,2008-07-22,-0.0277473840413
1740,153.0,2008-07-23,-0.00315289036
1741,153.0,2008-07-24,0.00576034169219
1742,153.0,2008-07-25,-0.00251953574803
1743,153.0,2008-07-28,0.00380621865844
1744,153.0,2008-07-29,0.00177220104861
1745,153.0,2008-08-01,-0.012221988576
1746,153.0,2008-08-02,0.000523259869258
1747,153.0,2008-08-04,0.0148716233188
1748,153.0,2008-08-05,-0.00402991785269
1749,153.0,2008-08-07,-0.0426008465131
1750,153.0,2008-08-08,-0.00237578951555
1751,153.0,2008-08-11,0.00451808783196
1752,153.0,2008-08-12,0.0107040917513
1753,153.0,2008-08-14,0.00283771500994
1754,153.0,2008-08-15,-0.0005151483682
1755,153.0,2008-08-17,0.00427631514238
1756,153.0,2008-08-18,0.0151693632346
1757,153.0,2008-08-19,-0.0034044269229
1758,153.0,2008-08-20,0.00125798783655
1759,153.0,2008-08-21,0.0190355173291
1760,153.0,2008-08-22,0.00234055911143
1761,153.0,2008-08-23,0.00633946855722
1762,153.0,2008-08-24,0.00237000964402
1763,153.0,2008-08-25,0.00297657526446
1764,153.0,2008-08-26,6.824256056e-05
1765,153.0,2008-08-27,-0.000940930880645
1766,153.0,2008-08-28,0.00824652237625
1767,153.0,2008-08-29,0.0049902260857
1768,153.0,2008-08-31,0.00127797383606
1769,153.0,2008-09-01,0.00525716809007
1770,153.0,2008-09-02,0.00900366849337
1771,153.0,2008-09-03,0.00583525582075
1772,153.0,2008-09-20,-0.000531326033214
1773,153.0,2008-09-22,-0.00276005713105
1774,153.0,2008-09-25,-0.00718041133737
1775,153.0,2008-09-26,-0.0131818564552
1776,153.0,2008-09-27,0.00363285602083
1777,153.0,2008-09-29,-0.0013354345038
1778,153.0,2008-09-30,-0.00132333994088
1779,153.0,2008-10-01,0.00123360448744
1780,153.0,2008-10-02,0.00265724815222
1781,153.0,2008-10-03,0.0134267302283
1782,153.0,2008-10-04,-0.00488178618947
1783,153.0,2008-10-05,0.00162543432555
1784,153.0,2008-10-06,-0.0616220739599
1785,153.0,2008-10-11,0.00723979919839
1786,153.0,2008-10-12,-0.00222454796074
1787,153.0,2008-10-18,-0.000438300185161
1788,153.0,2008-10-20,-0.00409793129753
1789,153.0,2008-10-21,0.00773593163024
1790,153.0,2008-10-24,-0.0973829907465
1791,153.0,2008-10-25,-0.00565287177677
1792,153.0,2008-10-28,0.0167282763216
1793,153.0,2008-11-02,-0.0137399130571
1794,153.0,2008-11-03,-0.00661913584415
1795,153.0,2008-11-18,-0.0321250002144
1796,153.0,2008-11-20,-0.00947539846681
1797,153.0,2008-11-24,-0.00282958723157
1798,153.0,2008-11-25,-0.00974592072779
1799,153.0,2008-11-26,0.000878887757636
1800,153.0,2008-11-27,-0.00379897605087
1801,153.0,2008-11-28,0.000565438857105
1802,153.0,2008-11-29,-0.00278598781308
1803,153.0,2008-12-04,0.0480899111532
1804,153.0,2008-12-06,0.00132351802875
1805,153.0,2009-02-14,0.00412982688285
1806,153.0,2009-02-15,-0.0100209890046
1807,153.0,2009-03-07,0.00153835110027
1808,153.0,2009-03-08,0.00043566242928
1809,153.0,2009-03-21,0.00686515020811
1810,153.0,2009-03-22,0.00472146152847
1811,153.0,2009-03-28,-0.0644398883241
1812,153.0,2009-04-04,0.0325439010525
1813,153.0,2009-04-05,0.0368782414305
1814,153.0,2009-04-06,0.0489798650331
1815,153.0,2009-05-23,0.0593612374184
1816,153.0,2009-05-24,0.0549875892622
1817,153.0,2009-05-28,0.105571277402
1818,153.0,2009-06-06,0.075036227689
1819,153.0,2009-06-07,0.0584486851651
1820,153.0,2009-06-13,0.0342507650327
1821,153.0,2009-06-14,0.064316515483
1822,153.0,2009-06-20,0.0861683721733
1823,153.0,2009-06-21,0.0502492129367
1824,153.0,2009-06-27,0.0425810502263
1825,153.0,2009-06-28,0.0252663889541
1826,153.0,2009-07-07,0.0535494248213
1827,153.0,2009-07-11,0.038005465745
1828,153.0,2009-07-12,0.0383022796519
1829,153.0,2009-07-14,0.0622272429767
1830,153.0,2009-07-27,0.0659717393504
1831,153.0,2009-07-29,0.0746045350216
1832,153.0,2009-08-19,0.0690624566678
1833,153.0,2009-08-20,0.0607953211734
1834,153.0,2009-08-21,0.101794427072
1835,153.0,2009-08-22,0.00080350936755
1836,153.0,2009-08-23,0.092833029484
1837,153.0,2009-08-27,0.0478855712351
1838,153.0,2009-08-28,0.04365034006
1839,153.0,2009-08-29,0.109997115986
1840,153.0,2009-08-30,0.034540962704
1841,153.0,2009-09-02,0.07375889133
1842,153.0,2009-09-05,0.0477562939084
1843,153.0,2009-09-06,0.0349393975046
1844,153.0,2009-09-07,0.0618074895154
1845,153.0,2009-09-08,0.0410227349008
1846,153.0,2009-09-09,0.183369290004
1847,153.0,2009-09-10,0.0933861714875
1848,153.0,2009-09-11,0.0956771645545
1849,153.0,2009-09-12,0.131784204275
1850,153.0,2009-09-13,0.0499743429643
1851,153.0,2009-09-14,0.0479170485095
1852,153.0,2009-09-15,0.0830352684543
1853,153.0,2010-06-16,0.0789547681453
1854,153.0,2010-06-17,0.0671810868912
1855,153.0,2010-06-18,0.0376272616578
1856,153.0,2010-06-20,0.0130001895177
1857,153.0,2010-06-21,0.0511248643128
1858,153.0,2010-06-22,-0.00514120351325
1859,153.0,2010-06-24,0.174311291277
1860,153.0,2010-06-29,-0.00540191369166
1861,153.0,2010-06-30,0.107987919161
1862,153.0,2010-07-01,0.0285934393185
1863,153.0,2010-07-05,0.13018909685
1864,153.0,2010-07-06,0.0167581371634
1865,153.0,2010-07-07,0.0554060304728
1866,153.0,2010-07-13,0.0386716804394
1867,153.0,2010-07-14,0.0554208241922
1868,153.0,2010-11-14,0.0246734407391
1869,153.0,2010-11-16,0.0708393963456
1870,153.0,2010-11-23,0.084848184722
1871,153.0,2010-12-02,0.102074252557
1872,153.0,2010-12-03,0.0259548142251
1873,153.0,2010-12-05,0.266904723429
1874,153.0,2010-12-06,0.0546758450475
1875,153.0,2010-12-07,0.0186295549568
1876,153.0,2010-12-09,0.026654875239
1877,153.0,2010-12-15,0.0800181624322
1878,153.0,2010-12-16,0.101944498477
1879,153.0,2010-12-20,0.0548131388483
1880,153.0,2010-12-21,0.0661532598785
1881,154.0,2007-05-01,-0.0298273259562
1882,154.0,2007-05-02,-0.00341099783015
1883,154.0,2007-05-03,0.408153103301
1884,154.0,2007-05-05,0.0503002950698
1885,154.0,2007-05-07,0.0276307036567
1886,154.0,2007-05-08,-0.00152683228427
1887,154.0,2007-05-09,0.00899768345329
1888,154.0,2007-05-10,0.0663100339511
1889,154.0,2007-05-11,0.0349167830856
1890,154.0,2007-05-12,0.059947615219
1891,154.0,2007-05-13,0.00092079605862
1892,154.0,2007-05-14,0.108015694808
1893,154.0,2007-05-15,0.0317179967193
1894,154.0,2007-05-16,0.188445149362
1895,154.0,2007-05-17,0.00206733258943
1896,161.0,2007-04-13,-0.00577581743968
1897,161.0,2007-04-14,0.000139049202772
1898,161.0,2007-04-16,0.00866510275454
1899,161.0,2007-04-17,0.00384337637631
1900,161.0,2007-04-19,0.0398735662267
1901,161.0,2007-04-20,0.0492843036412
1902,161.0,2007-04-24,0.0202697107408
1903,161.0,2007-04-25,0.801960081761
1904,161.0,2007-04-27,-0.0361009178575
1905,163.0,2007-05-20,0.00233407724801
1906,163.0,2007-06-13,-0.00919763651098
1907,163.0,2007-06-14,-0.0201794016893
1908,163.0,2007-06-16,0.00327009029528
1909,163.0,2007-06-17,-0.00186089208067
1910,163.0,2007-06-19,0.0295317209115
1911,163.0,2007-07-11,0.0453249991286
1912,163.0,2007-07-13,0.147232294496
1913,163.0,2007-07-15,0.0919416654652
1914,163.0,2007-10-19,0.00278496669161
1915,163.0,2007-10-29,0.0170776607935
1916,163.0,2007-11-23,-0.0668511483479
1917,163.0,2007-11-25,-0.0227035027377
1918,163.0,2007-11-28,-0.0167704356341
1919,163.0,2007-12-01,-0.0276149750835
1920,163.0,2008-04-05,0.0191206859163
1921,163.0,2008-04-07,0.718780690591
1922,163.0,2008-04-26,-0.0982311611818
1923,163.0,2008-04-28,-0.0264106905396
1924,163.0,2008-04-29,0.0216673520875
1925,163.0,2008-04-30,0.0247723389919
1926,163.0,2008-05-01,0.029556936757
1927,163.0,2008-05-02,0.0206491401558
1928,163.0,2008-05-04,-0.00693974691717
1929,163.0,2008-05-05,-0.0108798501208
1930,163.0,2008-05-06,-0.00188954120061
1931,163.0,2008-05-07,-0.00541768283238
1932,163.0,2008-05-08,-0.0158697542426
1933,163.0,2008-05-09,-0.0118884451111
1934,163.0,2008-05-10,0.00458603372824
1935,163.0,2008-05-11,0.00325683501072
1936,163.0,2008-05-12,-0.00468321987475
1937,163.0,2008-05-15,-0.0374685843431
1938,163.0,2008-05-16,-0.000835080445775
1939,163.0,2008-05-17,-0.00624374587
1940,163.0,2008-05-18,-0.0204231804691
1941,163.0,2008-06-07,0.0464236399631
1942,163.0,2008-06-08,-0.00727082798524
1943,163.0,2008-06-13,0.00515796228151
1944,163.0,2008-06-14,0.00727700888944
1945,163.0,2008-06-15,0.0154024688949
1946,163.0,2008-06-19,-0.00266924893434
1947,163.0,2008-06-20,0.0131399428394
1948,163.0,2008-06-22,0.765967799349
1949,163.0,2008-06-27,0.0107789897799
1950,163.0,2008-06-28,0.00751001440563
1951,163.0,2008-06-30,0.00279852093531
1952,163.0,2008-07-04,0.0199724533072
1953,163.0,2008-07-05,0.0209648692051
1954,163.0,2008-07-06,-0.00308591306587
1955,163.0,2008-07-07,0.00594028637993
1956,163.0,2008-07-09,0.0138121632785
1957,163.0,2008-07-19,0.00106062113081
1958,163.0,2008-07-20,0.0115071314298
1959,163.0,2009-04-07,0.314636061395
1960,163.0,2009-04-08,0.320713439074
1961,163.0,2009-04-10,1.12441689024
1962,163.0,2009-04-11,0.0306890519101
1963,163.0,2009-04-12,0.0336045465769
1964,163.0,2009-04-13,0.100856599052
1965,163.0,2009-07-29,0.0315503354767
1966,163.0,2009-08-28,0.0297762274427
1967,163.0,2009-08-29,0.0986272479564
1968,163.0,2009-08-30,0.0345056218149
1969,163.0,2009-12-24,0.0518704591617
1970,167.0,2008-03-28,0.0128996090996
1971,167.0,2008-04-22,-0.0235788221466
1972,167.0,2008-04-26,0.0138474071423
1973,167.0,2008-04-27,0.0225515555871
1974,167.0,2008-04-28,0.00071221184188
1975,167.0,2008-04-29,0.11037457431
1976,167.0,2008-04-30,-0.0129188595852
1977,167.0,2008-05-01,-0.00372583444926
1978,167.0,2008-05-02,0.00837636135892
1979,167.0,2008-05-03,0.00656266693551
1980,167.0,2008-05-04,0.0211651000055
1981,167.0,2008-05-05,0.0695695608789
1982,167.0,2008-05-06,0.243397135431
1983,167.0,2008-05-08,0.0355621059221
1984,167.0,2008-05-09,0.0484322610021
1985,167.0,2008-05-10,0.126865429552
1986,167.0,2008-05-11,0.0698062270231
1987,167.0,2008-05-12,0.0187282478588
1988,167.0,2008-05-13,0.00189584848866
1989,167.0,2008-05-14,-0.0147735998577
1990,167.0,2008-05-15,0.0559217931915
1991,167.0,2008-05-16,0.0152819277887
1992,167.0,2008-05-17,0.0280941568658
1993,167.0,2008-05-18,0.0523701736599
1994,167.0,2008-05-19,0.0123976006182
1995,167.0,2008-05-20,-0.210556025722
1996,167.0,2008-05-21,
1997,167.0,2008-05-22,0.00330023525616
1998,167.0,2008-05-23,-0.104392192834
1999,167.0,2008-05-28,0.0118281206377
2000,167.0,2008-05-30,0.0114019607636
2001,167.0,2008-05-31,0.0106984258342
2002,167.0,2008-06-01,0.0114432266812
2003,167.0,2008-06-02,0.00227778926984
2004,167.0,2008-06-03,0.124475537546
2005,167.0,2008-06-04,-0.0390777872297
2006,167.0,2008-06-05,0.0117702965953
2007,167.0,2008-06-06,-0.0401164226459
2008,167.0,2008-06-07,0.00800430328267
2009,167.0,2008-06-08,0.0174889250775
2010,167.0,2008-06-09,3.31773357975e-05
2011,167.0,2008-06-12,0.0153432338122
2012,167.0,2008-06-14,0.0160418352617
2013,167.0,2008-06-15,0.0189410118263
2014,167.0,2008-06-17,0.00142083344152
2015,167.0,2008-06-19,-0.043017477039
2016,167.0,2008-06-20,0.00961577561816
2017,167.0,2008-06-22,0.00282213714804
2018,167.0,2008-06-25,0.00566871013375
2019,167.0,2008-06-27,0.0149597725464
2020,167.0,2008-06-28,0.0169207538189
2021,167.0,2008-06-29,-0.00983948178597
2022,167.0,2008-07-01,0.0041848275354
2023,167.0,2008-07-06,0.00489479205996
2024,167.0,2008-07-15,-0.0321486252661
2025,167.0,2008-07-16,0.023649610963
2026,167.0,2008-07-17,-0.0199504378841
2027,167.0,2008-07-18,-0.00380807740236
2028,167.0,2008-07-19,
2029,167.0,2008-07-21,-0.0327253444152
2030,167.0,2008-07-25,-0.0136765718162
2031,167.0,2008-07-28,-0.00577342678117
2032,167.0,2008-07-29,0.000954278497633
2033,167.0,2008-07-31,0.00298444412027
2034,167.0,2008-08-02,0.00011841624192
2035,167.0,2008-08-03,-0.00133434783577
2036,167.0,2008-08-05,0.00148363229799
2037,167.0,2008-08-06,-0.0026864854015
2038,167.0,2008-08-07,0.00528977458522
2039,167.0,2008-08-08,-0.00158846244535
2040,167.0,2008-08-09,-0.000258852374265
2041,167.0,2008-08-10,-0.00176284548009
2042,167.0,2008-08-11,0.00342563813483
2043,167.0,2008-08-12,-0.0174649667461
2044,167.0,2008-08-13,-0.0251728976781
2045,167.0,2008-08-14,0.00682208837813
2046,167.0,2008-08-15,-0.0122184900674
2047,167.0,2008-08-16,0.000425725131094
2048,167.0,2008-08-19,0.000888586611622
2049,167.0,2008-08-20,-0.00236766721661
2050,167.0,2008-08-22,0.000403318868556
2051,167.0,2008-08-23,-0.00758326092469
2052,167.0,2008-08-25,0.000702745156012
2053,167.0,2008-08-29,-0.00227198332968
2054,167.0,2008-08-31,0.00215430085796
2055,167.0,2008-09-04,-0.00217336815848
2056,167.0,2008-09-09,0.00132479134917
2057,167.0,2008-09-10,0.000642847637486
2058,167.0,2008-09-12,-0.00123205797047
2059,167.0,2008-09-13,0.00246521113107
2060,167.0,2008-09-15,0.00221018318479
2061,167.0,2008-09-16,0.00786635709308
2062,167.0,2008-09-18,0.00201867782178
2063,167.0,2008-09-19,0.00685994077713
2064,167.0,2008-09-23,0.00317649174702
2065,167.0,2008-09-29,0.00203848949633
2066,167.0,2008-09-30,0.00152653930199
2067,167.0,2008-10-01,-0.000700021250786
2068,167.0,2008-10-02,0.00275900817351
2069,167.0,2008-10-11,-0.00415592380728
2070,167.0,2008-10-12,0.00235467218344
2071,167.0,2008-10-13,0.00170234315987
2072,167.0,2008-10-15,-0.0391261601852
2073,167.0,2008-10-20,0.0137142939076
2074,167.0,2008-11-22,0.0041117641439
2075,167.0,2008-11-24,-0.0301844615183
2076,167.0,2008-11-26,0.00275950386638
2077,167.0,2008-11-27,-0.0271731000589
2078,167.0,2008-11-29,0.0011362436235
2079,167.0,2008-12-01,0.00108335907181
2080,167.0,2008-12-04,-0.00713920111747
2081,167.0,2008-12-08,0.00380316838068
2082,167.0,2008-12-10,-0.00812063124662
2083,167.0,2008-12-11,-0.0219015139667
2084,167.0,2008-12-13,-0.02639413533
2085,170.0,2008-04-28,-0.0147209697245
2086,170.0,2008-04-29,0.0629488145777
2087,170.0,2008-05-12,-0.0624685903156
2088,170.0,2008-05-14,0.0532874706585
2089,170.0,2008-05-21,-0.125316471436
2090,174.0,2008-03-30,-0.0198931485396
2091,174.0,2008-04-02,0.000926278593438
2092,179.0,2008-08-20,-0.00464289197413
2093,179.0,2008-08-21,-0.0112366655668
2094,179.0,2008-08-22,-0.012061376103
2095,179.0,2008-08-23,-0.00156448942163
2096,179.0,2008-08-24,0.00442285134509
2097,179.0,2008-08-27,-0.0321288195623
2098,179.0,2008-08-28,-0.0200167514933
2099,179.0,2008-08-30,0.000951795501639
2100,179.0,2008-08-31,0.00315093023298
2101,179.0,2008-09-04,-0.00141074408302
2102,179.0,2008-09-05,0.00612507975433
2103,179.0,2008-09-06,0.00254641656862
2104,179.0,2008-09-07,0.000183615945966
2105,179.0,2008-09-08,0.0010904183287
2106,179.0,2008-09-09,-0.00865815815365
2107,179.0,2008-09-10,-0.000976555766142
2108,179.0,2008-09-12,0.0038806085028
2109,179.0,2008-09-13,-0.00835639640225
2110,179.0,2008-09-14,-0.0311089785988
2111,179.0,2008-09-15,0.00384882979043
2112,179.0,2008-10-01,0.0040724941685
2113,179.0,2008-10-02,0.00914214433349
2114,179.0,2008-10-03,0.00251433180105
2115,179.0,2008-10-12,
2116,179.0,2008-10-14,
2117,179.0,2008-10-15,
2118,179.0,2008-10-19,
2119,179.0,2008-10-21,
2120,179.0,2008-10-26,-0.023274253016
2121,179.0,2008-10-27,-0.0081428996594
2122,179.0,2008-11-01,0.00515398756898
2123,179.0,2008-11-06,0.00224338742798
2124,179.0,2008-11-07,-0.00670763353866
2125,179.0,2008-11-09,0.0269579042242
2126,179.0,2008-11-15,-0.0274945327555
2127,179.0,2008-11-16,-0.0371025989187
2128,179.0,2008-11-17,-0.0142164431296
2129,179.0,2008-11-29,-0.0049663634656
