,t_user_id,parsed_date,distance
0,10.0,2008-03-28,562434.721227
1,10.0,2008-03-29,598181.095033
2,10.0,2008-03-30,649913.579953
3,10.0,2008-03-31,646036.032502
4,10.0,2008-04-01,594067.800734
5,10.0,2008-04-02,9148.99983885
6,10.0,2008-04-03,927722.132476
7,10.0,2008-04-04,2851263.60826
8,10.0,2008-04-05,1330445.79712
9,10.0,2008-04-06,826155.388088
10,10.0,2008-05-18,30144.5323691
11,10.0,2008-05-19,160245.04771
12,10.0,2008-06-13,1806.84519711
13,10.0,2008-06-15,77308.4992687
14,10.0,2008-06-16,107998.504314
15,10.0,2008-06-17,265028.757191
16,10.0,2008-06-18,1055084.06481
17,10.0,2008-06-19,1608781.84031
18,10.0,2008-06-20,605970.42894
19,10.0,2008-06-28,24735.0358442
20,10.0,2008-08-01,2614157.61065
21,10.0,2008-09-15,2291.91968811
22,10.0,2008-09-16,632160.31035
23,10.0,2008-09-17,681520.214146
24,10.0,2008-09-18,62754.825051
25,10.0,2008-09-19,288407.888828
26,10.0,2008-09-21,116939.792061
27,10.0,2008-09-22,242606.487316
28,10.0,2008-09-23,482090.763025
29,10.0,2008-09-24,498587.214363
30,10.0,2008-09-25,460552.915136
31,10.0,2008-09-26,657768.847943
32,10.0,2008-09-27,568100.017185
33,10.0,2008-09-28,1372431.8806
34,10.0,2008-09-29,2756047.44395
35,10.0,2008-09-30,1286287.78741
36,10.0,2008-10-01,1204216.48657
37,10.0,2008-10-02,3730601.04229
38,10.0,2008-10-03,5505767.04747
39,10.0,2008-10-05,227376.915712
40,10.0,2008-10-06,491003.130625
41,10.0,2008-10-07,277392.366546
42,10.0,2008-10-08,382607.302896
43,10.0,2008-10-09,596290.686738
44,10.0,2008-10-10,250925.715683
45,10.0,2008-10-12,331293.126253
46,10.0,2008-10-13,355738.066247
47,10.0,2008-10-14,34235.971487
48,10.0,2008-10-15,267531.593494
49,10.0,2008-10-16,809963.077532
50,10.0,2008-10-17,383191.710403
51,10.0,2008-10-18,4955.18416942
52,10.0,2008-10-19,337488.170027
53,10.0,2008-10-20,22771.7338346
54,10.0,2008-10-21,8383.19086576
55,10.0,2008-10-31,477932.284745
56,10.0,2008-11-01,131291.517177
57,10.0,2008-11-04,21073.3817285
58,10.0,2008-11-06,479456.666012
59,10.0,2008-11-07,78345.070181
60,10.0,2008-11-08,81271.0043079
61,10.0,2008-12-01,8241.49229097
62,10.0,2008-12-06,557664.206754
63,10.0,2008-12-07,499051.357242
64,20.0,2011-08-27,14414.7220593
65,20.0,2011-08-28,36526.3957153
66,20.0,2011-08-29,7421.46135452
67,20.0,2011-08-30,12296.5997419
68,20.0,2011-08-31,7388.49722874
69,20.0,2011-09-01,13510.8786807
70,20.0,2011-09-02,7262.79031772
71,20.0,2011-09-03,8777.89703354
72,20.0,2011-09-04,11039.8638041
73,20.0,2011-09-05,25887.100375
74,20.0,2011-09-06,16812.2312216
75,20.0,2011-09-07,2659.17787564
76,20.0,2011-09-09,823.253166501
77,20.0,2011-09-10,13414.777755
78,20.0,2011-09-11,3183471.7224
79,20.0,2011-09-12,101987.488977
80,20.0,2011-09-13,5855.81288402
81,20.0,2011-09-14,6648.5188267
82,20.0,2011-09-15,6324.00973872
83,20.0,2011-09-16,11518.0571404
84,20.0,2011-09-17,7323.55026385
85,20.0,2011-10-22,53.2887337773
86,20.0,2011-10-26,243.19741167
87,20.0,2011-11-02,805.728735567
88,20.0,2011-11-06,16.5124800559
89,20.0,2011-11-17,203.082542477
90,20.0,2011-11-18,1649.87448349
91,20.0,2011-12-01,162.058768586
92,20.0,2011-12-27,1079.59660137
93,21.0,2007-04-29,6026.35346971
94,21.0,2007-04-30,1218.04001603
95,21.0,2007-05-01,50727.0689508
96,21.0,2007-05-02,34141.7624871
97,21.0,2007-05-03,64580.1830224
98,21.0,2007-05-04,9111.5494415
99,52.0,2008-05-20,14509.3451708
100,52.0,2008-05-21,66947.3102946
101,52.0,2008-05-22,24708.9775318
102,52.0,2008-05-23,21033.8781989
103,52.0,2008-05-25,65949.9347031
104,52.0,2008-05-26,3580.35515878
105,52.0,2008-05-27,59541.8349992
106,52.0,2008-05-28,18335.1753293
107,52.0,2008-05-29,19217.7678957
108,52.0,2008-05-30,24634.4898783
109,52.0,2008-05-31,65719.6749241
110,52.0,2008-06-01,19199.4231467
111,52.0,2008-06-02,12869.8545531
112,52.0,2008-06-03,89938.0009792
113,52.0,2008-06-04,18266.4701002
114,52.0,2008-06-05,21480.884951
115,52.0,2008-06-06,30799.4264184
116,52.0,2008-06-07,22765.8682061
117,52.0,2008-06-09,33881.5347982
118,52.0,2008-06-10,16838.7782415
119,52.0,2008-06-12,59974.942284
120,52.0,2008-06-13,57346.9907759
121,52.0,2008-06-14,21205.095806
122,52.0,2008-06-15,21153.1267969
123,52.0,2008-06-16,14190.1911261
124,52.0,2008-06-17,36670.9984562
125,52.0,2008-06-20,38416.5667666
126,52.0,2008-06-21,10359.9767745
127,52.0,2008-06-25,20732.491009
128,52.0,2008-06-26,143297.194683
129,52.0,2008-06-27,86612.016376
130,52.0,2008-06-28,2525.7301865
131,52.0,2008-06-29,2538458.33199
132,52.0,2008-07-01,38630.8837
133,52.0,2008-07-02,7644.34897984
134,52.0,2008-07-03,19588.3635171
135,52.0,2008-07-06,11352.7421682
136,52.0,2008-07-07,2437.68709892
137,52.0,2008-07-08,5861.69754372
138,52.0,2008-07-09,113663.46438
139,52.0,2008-07-10,18916.7150513
140,52.0,2008-07-11,107118.510777
141,52.0,2008-07-15,10501.8757947
142,52.0,2008-07-16,7456.40935532
143,52.0,2008-07-17,62008.7675756
144,52.0,2008-07-18,30390.6727196
145,52.0,2008-07-19,31541.5427457
146,52.0,2008-07-20,68750.4793804
147,52.0,2008-07-21,54817.7988116
148,52.0,2008-07-22,22942.6685708
149,52.0,2008-07-23,29546.204569
150,52.0,2008-07-24,40040.0198773
151,52.0,2008-07-25,65160.9719246
152,52.0,2008-07-26,15693.2659589
153,52.0,2008-07-27,33406.8516255
154,52.0,2008-07-29,32103.9655374
155,52.0,2008-07-30,39474.1443482
156,52.0,2008-07-31,141267.64608
157,52.0,2008-08-18,4020.70153784
158,52.0,2008-08-22,10716.4471582
159,52.0,2008-09-02,19553.0797997
160,52.0,2008-10-01,22218.2053339
161,52.0,2008-10-02,540225.955089
162,52.0,2008-10-03,20761.1655097
163,52.0,2008-10-05,17850.1452645
164,52.0,2008-10-06,9306.40921003
165,52.0,2008-10-07,54989.4886697
166,52.0,2008-10-08,19784.9682107
167,52.0,2008-10-10,27336.9437249
168,56.0,2007-10-19,18126.2243804
169,58.0,2007-05-09,3641.13772538
170,58.0,2007-05-13,28685.8508804
171,58.0,2007-05-19,2755.91208667
172,58.0,2007-05-21,4498.47899529
173,58.0,2007-05-23,747.048937283
174,58.0,2007-05-24,827.248934832
175,58.0,2007-05-26,3216.91802568
176,58.0,2007-06-01,1113.8522635
177,58.0,2007-06-03,3606.9757109
178,62.0,2008-06-18,861.044150962
179,62.0,2008-06-19,2057.18612095
180,62.0,2008-06-20,25327.3069876
181,62.0,2008-06-21,8825.5686866
182,62.0,2008-06-23,4257.01865202
183,62.0,2008-06-24,40468.5525427
184,62.0,2008-06-25,23124.3929893
185,62.0,2008-06-28,6417.97966764
186,62.0,2008-06-29,1626.6989104
187,62.0,2008-07-01,2338.76952637
188,62.0,2008-07-03,6721.00265014
189,62.0,2008-07-06,2771.91525628
190,62.0,2008-07-07,6150.05968397
191,62.0,2008-07-08,1483.54131574
192,62.0,2008-07-09,1778.4539012
193,62.0,2008-07-10,9124.56284278
194,62.0,2008-07-11,1761.76865232
195,62.0,2008-07-13,12867.0595762
196,62.0,2008-07-14,9106.83273477
197,62.0,2008-07-15,8491.30751899
198,62.0,2008-07-16,11952.3690918
199,62.0,2008-07-17,1623.81012344
200,62.0,2008-07-19,6288.60949854
201,62.0,2008-07-20,21728.3961984
202,62.0,2008-07-21,4321.87421463
203,62.0,2008-07-22,9010.25125318
204,62.0,2008-07-23,5695.04851269
205,62.0,2008-07-24,36716.0926166
206,62.0,2008-07-26,20829.9228941
207,62.0,2008-07-27,19626.7752903
208,62.0,2008-07-28,108755.37188
209,62.0,2008-07-29,119187.491644
210,62.0,2008-07-30,24387.3152883
211,62.0,2008-07-31,113680.61855
212,62.0,2008-08-01,49662.8951062
213,62.0,2008-08-02,53032.1522404
214,62.0,2008-08-03,97319.9433992
215,62.0,2008-08-04,38606.8231488
216,62.0,2008-08-05,290497.461994
217,62.0,2008-08-06,12907.9462148
218,62.0,2008-08-07,60385.7952973
219,62.0,2008-08-08,39923.5399798
220,62.0,2008-08-09,17232.008925
221,62.0,2008-08-10,71042.0394922
222,62.0,2008-08-11,71443.9929489
223,62.0,2008-08-12,93042.7870367
224,62.0,2008-08-13,65564.2766737
225,62.0,2008-08-14,13020.7487056
226,62.0,2008-08-15,26931.8739519
227,62.0,2008-08-16,29474.9913854
228,62.0,2008-08-17,23572.9995457
229,62.0,2008-08-18,53384.9302847
230,62.0,2008-08-19,46212.1031434
231,62.0,2008-08-20,156141.888008
232,62.0,2008-08-21,96671.9474838
233,62.0,2008-08-22,85461.1367227
234,62.0,2008-08-23,60306.1560426
235,62.0,2008-08-24,14816.2555779
236,62.0,2008-08-25,32220.0604204
237,62.0,2008-08-26,38818.5262787
238,62.0,2008-08-27,182466.415969
239,62.0,2008-08-28,36049.2404035
240,62.0,2008-08-29,18233.1821589
241,62.0,2008-08-30,62723.930654
242,62.0,2008-08-31,808627.347613
243,62.0,2008-09-01,151230.464657
244,62.0,2008-09-02,566290.333964
245,62.0,2008-09-03,317.676670485
246,62.0,2008-09-04,45949.8779003
247,62.0,2008-09-05,56362.6460466
248,62.0,2008-09-06,11851.3150919
249,62.0,2008-09-07,114451.025379
250,62.0,2008-09-08,170304.59108
251,62.0,2008-09-10,87659.3215805
252,62.0,2008-09-11,32819.2424469
253,62.0,2008-09-12,47639.7808473
254,62.0,2008-09-13,63061.6774502
255,62.0,2008-09-14,53771.1049676
256,62.0,2008-09-15,87762.4402718
257,62.0,2008-09-16,20448.7338515
258,62.0,2008-09-17,32520.1127082
259,62.0,2008-09-18,91055.2771174
260,62.0,2008-09-19,23145.3231641
261,62.0,2008-09-20,13228.9049052
262,62.0,2008-09-21,40892.7021103
263,62.0,2008-09-23,16108.1882667
264,62.0,2008-09-24,1195.79063684
265,62.0,2008-09-25,31227.6628559
266,62.0,2008-09-26,191964.669947
267,62.0,2008-09-27,1068874.43258
268,62.0,2008-09-28,41399.4730983
269,62.0,2008-10-01,37430.8033993
270,62.0,2008-10-03,29807.3311644
271,62.0,2008-10-04,474291.573344
272,62.0,2008-10-05,62003.0094889
273,62.0,2008-10-15,55368.5146116
274,62.0,2008-10-16,80355.0777861
275,62.0,2008-10-17,39124.3236638
276,62.0,2008-10-18,85159.2233936
277,62.0,2008-10-19,14883.7435505
278,62.0,2008-10-20,67191.4357385
279,62.0,2008-10-21,37207.4667085
280,62.0,2008-10-29,256.491056786
281,62.0,2008-10-30,28260.67259
282,62.0,2008-10-31,123143.38721
283,62.0,2008-11-01,22675.2608461
284,62.0,2008-11-02,56430.9621807
285,62.0,2008-11-03,1375.05638082
286,62.0,2008-11-04,5966.2447837
287,62.0,2008-11-05,111102.635914
288,62.0,2008-11-06,84458.7006339
289,62.0,2008-11-07,19375.5363543
290,62.0,2008-11-08,2717.36351503
291,62.0,2008-11-09,28813.8512149
292,62.0,2008-11-10,91732.7610511
293,62.0,2008-11-11,91320.6787439
294,62.0,2008-11-12,10478.9793197
295,62.0,2008-11-13,71967.1476223
296,62.0,2008-11-14,45408.974462
297,62.0,2008-11-15,82792.0013883
298,62.0,2008-11-16,74018.7819508
299,62.0,2008-11-17,15198.1885556
300,62.0,2008-12-03,404.275110913
301,62.0,2008-12-04,6328.11243477
302,62.0,2008-12-05,61514.5913234
303,62.0,2008-12-06,283.716356013
304,62.0,2008-12-07,13732.9787371
305,62.0,2008-12-08,869.664480563
306,62.0,2008-12-09,45719.8755575
307,62.0,2008-12-11,10207.8818586
308,62.0,2008-12-12,39315.2022879
309,62.0,2008-12-13,18722.6582754
310,62.0,2008-12-14,6850.89961976
311,62.0,2008-12-15,21310.2588209
312,64.0,2008-08-15,6790.26883971
313,64.0,2008-08-16,53052.3418062
314,64.0,2008-08-17,86594.1273697
315,64.0,2008-08-18,28961.6654649
316,64.0,2008-08-20,109544.837217
317,64.0,2008-08-21,19329.9626898
318,64.0,2008-08-23,292.140931681
319,64.0,2008-08-24,233439.834601
320,64.0,2008-08-25,3589.97055719
321,64.0,2008-08-29,5725.71874722
322,65.0,2011-08-24,448.279534983
323,65.0,2011-08-26,9319.87464364
324,65.0,2011-08-28,142474.493772
325,65.0,2011-08-30,221187.609526
326,65.0,2011-09-01,905.747790436
327,65.0,2011-09-02,4440.04161049
328,65.0,2011-09-03,3612.91521536
329,65.0,2011-09-10,22008.7909718
330,65.0,2011-09-11,13441.1739342
331,65.0,2011-09-16,12728.8259738
332,65.0,2011-09-17,12559.3557222
333,65.0,2011-09-18,3.75210372295
334,65.0,2011-09-19,3632.08800634
335,65.0,2011-09-21,11926.0133598
336,65.0,2011-09-23,56448.7368915
337,65.0,2011-09-25,861.652127824
338,65.0,2011-09-27,90.3739188974
339,65.0,2011-09-29,7108.85825381
340,65.0,2011-10-01,14419.6886105
341,65.0,2011-10-03,14293.3569104
342,65.0,2011-10-05,255897.836986
343,65.0,2011-10-06,813.226641298
344,65.0,2011-10-14,180.239465578
345,65.0,2011-10-16,23.7570019392
346,65.0,2011-10-18,50954.4591362
347,65.0,2011-10-22,8398.04249189
348,65.0,2011-10-23,14629.2681306
349,65.0,2011-10-25,2055.84080678
350,67.0,2011-03-05,174214.439219
351,67.0,2011-03-12,69888.470939
352,67.0,2011-03-19,55700.2050865
353,67.0,2011-03-20,34104.938804
354,67.0,2011-03-26,77675.669016
355,67.0,2011-04-07,19186.4408173
356,67.0,2011-04-08,9820.23826177
357,67.0,2011-04-13,7025.04841374
358,67.0,2011-04-14,1161.68558589
359,67.0,2011-04-16,3849.10007796
360,67.0,2011-04-19,3005.44161606
361,67.0,2011-04-23,76818.1323912
362,67.0,2011-04-30,23443.4341522
363,67.0,2011-05-06,4757.09773248
364,67.0,2011-05-07,279992.480977
365,68.0,2008-09-16,16622.588828
366,68.0,2008-09-18,385.180632534
367,68.0,2008-09-20,59381.7955098
368,68.0,2008-09-29,6947.70446926
369,68.0,2008-09-30,47473.8067202
370,68.0,2008-10-02,140331.489504
371,68.0,2008-10-03,33077.9792114
372,68.0,2008-10-04,29317.2643625
373,68.0,2008-10-11,42366.44331
374,68.0,2008-10-12,1664.81102661
375,68.0,2008-10-20,35661.4567134
376,68.0,2008-10-21,78743.8053648
377,68.0,2008-10-22,36473.2292513
378,68.0,2008-10-24,5824.66419238
379,68.0,2008-10-25,12556.7775569
380,68.0,2008-10-26,3347.52150871
381,68.0,2008-10-31,12494.4437352
382,68.0,2008-11-01,88506.8415487
383,68.0,2008-11-03,16138.6400095
384,68.0,2008-11-04,1603.6784285
385,68.0,2008-11-05,65590.1762918
386,68.0,2008-11-08,798.739595055
387,68.0,2008-11-13,610.676622156
388,68.0,2008-11-14,61271.0625046
389,68.0,2008-11-15,28084.5895796
390,68.0,2008-11-16,12724.6501307
391,68.0,2008-11-26,1458.97802497
392,68.0,2008-11-30,62596.7065362
393,68.0,2008-12-13,96577.3644171
394,68.0,2008-12-14,11674.3805911
395,68.0,2009-01-02,1465.49975425
396,68.0,2009-01-15,80966.7753866
397,68.0,2009-01-16,82887.9408935
398,68.0,2009-02-17,2639.51885157
399,68.0,2009-02-18,37438.6340101
400,68.0,2009-02-19,3158.77043816
401,68.0,2009-02-20,2399.55849408
402,68.0,2009-02-21,29314.0237895
403,68.0,2009-02-22,15538.8486824
404,68.0,2009-02-23,2159.91442252
405,68.0,2009-03-01,999.290089635
406,68.0,2009-03-13,15198.563082
407,68.0,2009-03-14,22975.2997778
408,68.0,2009-03-22,42049.4260377
409,68.0,2009-03-23,33915.0635027
410,68.0,2009-03-27,24052.3303785
411,68.0,2009-03-28,35533.4576569
412,68.0,2009-04-02,80034.5432984
413,68.0,2009-04-03,40172.4411575
414,68.0,2009-04-05,1227.71580664
415,68.0,2009-04-11,5802.35411949
416,68.0,2009-04-12,71130.5943714
417,68.0,2009-04-18,360322.725856
418,68.0,2009-04-22,10032.6915298
419,68.0,2009-04-25,74182.9246587
420,68.0,2009-05-01,61583.9285397
421,68.0,2009-05-02,12941.134519
422,68.0,2009-05-03,2903.17259715
423,68.0,2009-05-16,3235.98976181
424,68.0,2009-05-17,6361.85760255
425,68.0,2009-05-19,38009.3268381
426,68.0,2009-05-21,7243.01560217
427,68.0,2009-05-22,6507.22704675
428,68.0,2009-05-24,7090.84216987
429,68.0,2009-05-25,15640.6082268
430,68.0,2009-05-26,18836.7980662
431,68.0,2009-05-27,18021.4732872
432,68.0,2009-05-28,14831.4242032
433,68.0,2009-05-29,9020.14479135
434,68.0,2009-05-30,6577.2310571
435,68.0,2009-05-31,11088.1005769
436,68.0,2009-06-05,25961.1996446
437,68.0,2009-06-07,17678.7705686
438,68.0,2009-06-13,18802.2074358
439,68.0,2009-06-14,31966.4830066
440,68.0,2009-06-19,40816.8050247
441,68.0,2009-06-21,34803.1604676
442,68.0,2009-06-22,354.300737601
443,68.0,2009-06-27,11927.3140404
444,68.0,2009-06-28,77114.6524078
445,68.0,2009-07-05,4291.83026246
446,68.0,2009-07-06,32019.7180955
447,68.0,2009-07-07,27192.7639552
448,68.0,2009-07-09,76685.5611465
449,68.0,2009-07-11,53354.3065822
450,68.0,2009-07-12,47918.4788021
451,68.0,2009-07-14,44960.8482698
452,68.0,2009-07-15,18660.03595
453,68.0,2009-07-16,409313.205304
454,68.0,2009-07-17,8999.34262063
455,68.0,2009-07-20,38041.0945232
456,68.0,2009-07-21,333.949150463
457,68.0,2009-07-22,101169.500761
458,68.0,2009-07-24,81012.9111105
459,68.0,2009-07-25,91159.5761088
460,68.0,2009-07-26,15530.4683499
461,68.0,2009-07-27,18065.3008075
462,68.0,2009-07-28,16538.9840596
463,68.0,2009-07-29,2273815.63388
464,68.0,2009-07-30,11000.5135495
465,68.0,2009-07-31,17348.7204035
466,68.0,2009-08-01,1954479.053
467,68.0,2009-08-02,12459.0859631
468,68.0,2009-08-03,42794.1109298
469,68.0,2009-08-04,14483.8116963
470,68.0,2009-08-05,146289.999411
471,68.0,2009-08-06,115161.783962
472,68.0,2009-08-07,47271.9655722
473,68.0,2009-08-08,1694.04280848
474,68.0,2009-08-09,36266.7838229
475,68.0,2009-08-10,71379.7767488
476,68.0,2009-08-11,69999.5463079
477,68.0,2009-08-13,15367.2685907
478,68.0,2009-08-14,22518.5263211
479,68.0,2009-08-15,20918.4883926
480,68.0,2009-08-17,25669.1955421
481,68.0,2009-08-18,30435.7144719
482,68.0,2009-08-19,32706.331885
483,68.0,2009-08-20,87503.4904184
484,68.0,2009-08-21,2226.27123108
485,68.0,2009-08-24,71655.3731665
486,68.0,2009-08-25,30673.6051152
487,68.0,2009-08-29,46117.1133275
488,68.0,2009-08-30,25271.421569
489,68.0,2009-08-31,17897.0786412
490,68.0,2009-09-05,603.708213123
491,68.0,2009-09-06,2008.67759464
492,68.0,2009-09-08,7100.17918353
493,68.0,2009-09-11,27503.2477074
494,68.0,2009-09-12,56735.9761612
495,68.0,2009-09-13,40118.2059793
496,69.0,2008-06-27,18096.865697
497,73.0,2008-05-19,585.179157896
498,73.0,2008-05-21,386.492157259
499,73.0,2008-05-22,537.794624894
500,73.0,2008-05-29,470.329502966
501,73.0,2008-05-30,32611.2253261
502,73.0,2008-06-03,629.203352678
503,73.0,2008-06-05,468.258866322
504,73.0,2008-06-19,484.421112287
505,73.0,2008-06-21,863.227607166
506,73.0,2008-06-24,1083.0055447
507,73.0,2008-06-25,517.63975019
508,73.0,2008-06-29,6054.23107067
509,73.0,2008-07-02,982.203186152
510,73.0,2008-07-05,488.711862689
511,73.0,2008-07-07,439.569301759
512,73.0,2008-07-08,537.956349936
513,73.0,2008-07-10,986.465011134
514,73.0,2008-07-11,935.720409543
515,73.0,2008-07-13,1282.10405753
516,73.0,2008-07-15,5654.07167946
517,73.0,2008-07-16,7430.04028582
518,73.0,2008-07-17,1076.00495169
519,73.0,2008-07-18,410.609992468
520,73.0,2008-07-20,1690.81033265
521,73.0,2008-07-22,2132.62705542
522,73.0,2008-07-24,1263.21213188
523,73.0,2008-07-25,1157.10743426
524,73.0,2008-07-29,1519.75075684
525,73.0,2008-07-30,2123.04197265
526,73.0,2008-07-31,6709.90207921
527,73.0,2008-08-01,1021.21103149
528,73.0,2008-08-03,12362.730235
529,73.0,2008-08-04,1625.4925339
530,75.0,2011-08-03,186.060444047
531,75.0,2011-08-24,8456.42571668
532,75.0,2011-08-27,7234.5396411
533,75.0,2011-08-28,12776.7791466
534,75.0,2011-08-29,8000.72733961
535,75.0,2011-08-30,3991.60579939
536,76.0,2007-04-17,11032.3410646
537,76.0,2007-04-19,50854.1880719
538,76.0,2007-04-20,2560.40481793
539,78.0,2008-05-11,1113.47840616
540,78.0,2008-05-17,1269.78165955
541,78.0,2008-05-19,1729.0979287
542,78.0,2008-05-20,1292.54926053
543,78.0,2008-05-21,1209.52053821
544,78.0,2008-05-22,634.501380938
545,78.0,2008-05-23,504.218446425
546,78.0,2008-05-24,23843.8881404
547,78.0,2008-05-28,1577.64723707
548,78.0,2008-05-29,1347.461959
549,78.0,2008-05-30,3031.67427531
550,78.0,2008-05-31,469.811995909
551,78.0,2008-06-01,501.566308892
552,78.0,2008-06-03,615.767909093
553,78.0,2008-06-04,901.852440375
554,78.0,2008-07-21,4539.19512354
555,78.0,2008-07-22,2920.27687423
556,78.0,2008-07-25,310791.594177
557,78.0,2008-07-27,1070429.86948
558,78.0,2008-07-28,1540.51961767
559,78.0,2008-07-29,1059.02306262
560,78.0,2008-08-03,1033.45521353
561,78.0,2008-08-04,1917.99605724
562,78.0,2008-08-05,1242.68833001
563,78.0,2008-08-06,567.468937359
564,78.0,2008-08-07,873.568216864
565,78.0,2008-08-08,2838.18548087
566,78.0,2008-08-09,9557.97121481
567,78.0,2008-08-14,1086.79878065
568,78.0,2008-08-15,1132.52926471
569,78.0,2008-08-16,24558.8802831
570,78.0,2008-08-17,2769.55104176
571,78.0,2008-08-18,2301.71835866
572,78.0,2008-08-19,5997.3070289
573,78.0,2008-08-20,1247.75943615
574,78.0,2008-08-21,2897.51158077
575,78.0,2008-08-22,3921.62257191
576,78.0,2008-08-24,59603.776356
577,78.0,2008-08-25,6285.71474187
578,78.0,2008-08-26,1162.22122838
579,78.0,2008-08-27,1356.39356977
580,78.0,2008-08-29,1095.86217516
581,80.0,2007-06-27,4219.48245672
582,80.0,2007-06-29,3227.76640512
583,80.0,2007-07-06,670.711874029
584,81.0,2008-05-10,1692.94729935
585,81.0,2008-05-11,2413.29375201
586,81.0,2008-05-23,137029.614721
587,81.0,2008-05-24,25171.7709694
588,81.0,2008-05-30,33546.786603
589,81.0,2008-05-31,6655.46377748
590,81.0,2008-06-05,1900.65763536
591,81.0,2008-06-07,11076.5639277
592,81.0,2008-06-20,6079.19639213
593,81.0,2008-06-21,33920.8274407
594,81.0,2008-06-22,4516.09195832
595,81.0,2008-07-22,2553.44061097
596,81.0,2008-07-23,103.014776453
597,81.0,2008-07-24,25881.8471647
598,81.0,2008-07-25,25929.8827644
599,81.0,2008-07-26,1611.08893135
600,81.0,2008-07-27,808.191455284
601,81.0,2008-07-30,6889.57262624
602,82.0,2008-07-30,661.041582677
603,82.0,2008-07-31,36463.5811681
604,82.0,2008-08-01,58546.4615627
605,82.0,2008-08-03,835.84045814
606,82.0,2008-08-17,53770.4483824
607,82.0,2009-03-07,717.188806658
608,82.0,2009-03-10,36431.4648811
609,82.0,2009-03-11,81436.6208206
610,82.0,2009-03-12,32746.5419033
611,82.0,2009-03-16,44953.5462612
612,82.0,2009-03-18,33228.0590611
613,82.0,2009-03-19,66007.5756262
614,82.0,2009-03-20,65159.8116502
615,82.0,2009-03-22,33261.1761456
616,82.0,2009-03-23,75790.9909881
617,82.0,2009-03-24,32568.5852378
618,82.0,2009-03-25,9212.09390006
619,82.0,2009-03-27,31564.7792181
620,82.0,2009-03-28,33041.7913372
621,82.0,2009-03-30,57635.3727743
622,82.0,2009-03-31,33915.080135
623,82.0,2009-04-01,4749.04753456
624,82.0,2009-04-02,43149.9394348
625,82.0,2009-04-03,15414.8837521
626,82.0,2009-04-04,51699.6042881
627,82.0,2009-04-08,32956.728525
628,82.0,2009-04-09,19000.9704557
629,82.0,2009-04-11,87777.1386985
630,82.0,2009-04-13,18344.7164878
631,82.0,2009-04-14,33101.4072437
632,82.0,2009-04-16,18717.6232817
633,82.0,2009-04-17,65051.8046165
634,82.0,2009-04-18,33507.6252205
635,82.0,2009-04-19,32799.2745955
636,84.0,2008-07-22,65329.1831438
637,84.0,2008-08-21,6509.54806801
638,84.0,2008-08-22,28828.9063453
639,84.0,2008-08-24,240160.443623
640,84.0,2008-08-25,37688.2484894
641,84.0,2008-08-26,65518.7083538
642,84.0,2008-08-28,265732.754478
643,84.0,2008-08-31,28651.2855664
644,84.0,2008-09-01,819520.047827
645,84.0,2008-09-08,16365.2529567
646,84.0,2008-09-09,11849.0582467
647,84.0,2008-09-10,26117.3985496
648,84.0,2008-09-11,5891.710636
649,84.0,2008-09-12,28392.3535286
650,84.0,2008-09-13,46017.7569067
651,84.0,2008-09-14,603913.295681
652,84.0,2008-09-15,4762.83525197
653,84.0,2008-09-16,50255.490284
654,84.0,2008-09-17,71186.729934
655,84.0,2008-09-18,60084.0422194
656,84.0,2008-09-19,72951.2686591
657,84.0,2008-09-20,38308.6768873
658,84.0,2008-09-21,6164.39432797
659,84.0,2008-09-22,60904.711758
660,84.0,2008-09-23,46155.6841108
661,84.0,2008-09-24,21787.1015711
662,84.0,2008-09-25,1865376.73891
663,84.0,2008-09-26,39554.797069
664,84.0,2008-09-27,49949.5547938
665,84.0,2008-09-28,55510.2246979
666,84.0,2008-09-30,41927.8497354
667,84.0,2008-10-06,7849.14674837
668,84.0,2008-10-07,20596.2683975
669,84.0,2008-10-08,39866.2820659
670,84.0,2008-10-09,31849.9541471
671,84.0,2008-10-10,36739.2419847
672,84.0,2008-10-11,17438.5319712
673,84.0,2008-10-12,5257.89228278
674,84.0,2008-10-13,72456.5307638
675,84.0,2008-10-14,14356.438916
676,84.0,2008-10-15,27662.6443997
677,84.0,2008-10-16,88563.3128623
678,84.0,2008-10-17,29948.1966029
679,84.0,2008-10-18,45185.9387286
680,84.0,2008-10-19,45356.5211272
681,84.0,2008-10-20,14865.6649727
682,84.0,2008-10-21,75021.9123054
683,84.0,2008-10-22,53290.1578245
684,84.0,2008-10-23,51091.9081571
685,84.0,2008-10-24,43863.4310257
686,84.0,2008-10-25,46806.9407383
687,84.0,2008-10-26,9829.67511402
688,84.0,2008-10-27,16767.8914538
689,84.0,2008-10-28,55071.0170282
690,84.0,2008-10-29,60549.2134811
691,84.0,2008-10-30,108722.669028
692,84.0,2008-10-31,24304.6025741
693,84.0,2008-11-01,36476.5584873
694,84.0,2008-11-02,170555.816237
695,84.0,2008-11-03,59927.5504016
696,84.0,2008-11-04,82445.5609673
697,84.0,2008-11-05,54574.6316708
698,84.0,2008-11-06,68708.2710343
699,84.0,2008-11-08,42678.72491
700,84.0,2008-11-26,35812.504373
701,84.0,2008-11-27,33113.7633635
702,84.0,2008-11-28,68739.9668063
703,84.0,2008-11-29,251143.432704
704,84.0,2008-11-30,17379.3521453
705,84.0,2008-12-01,35437.5009224
706,84.0,2008-12-02,40439.9074018
707,84.0,2008-12-03,53229.8044329
708,84.0,2008-12-04,87885.327256
709,84.0,2008-12-05,25924.4796337
710,84.0,2008-12-06,77231.5913318
711,84.0,2008-12-07,45341.0120648
712,84.0,2008-12-08,45784.0883351
713,84.0,2008-12-09,51281.1303226
714,84.0,2008-12-10,59915.8502127
715,85.0,2008-05-01,48526.9431265
716,85.0,2008-05-02,20050.2658397
717,85.0,2008-05-15,7700.64969447
718,85.0,2008-05-16,15668.1621239
719,85.0,2008-05-17,68857.7650388
720,85.0,2008-05-18,8245.73459812
721,85.0,2008-05-19,19961.9641884
722,85.0,2008-05-20,28342.3742884
723,85.0,2008-05-21,18302.8435417
724,85.0,2008-05-22,70395.7298748
725,85.0,2008-05-23,16142.9559354
726,85.0,2008-05-24,17206.2067111
727,85.0,2008-05-25,27713.3610931
728,85.0,2008-05-26,41484.501514
729,85.0,2008-05-27,7526.60293563
730,85.0,2008-05-28,29280.3609103
731,85.0,2008-05-29,19435.6070614
732,85.0,2008-07-22,82560.2241691
733,85.0,2008-07-23,22652.6592357
734,85.0,2008-07-24,27697.0073086
735,85.0,2008-07-25,17466.9216654
736,85.0,2008-07-26,15857.9863258
737,85.0,2008-07-27,5575.75171618
738,85.0,2008-07-31,9082.61377995
739,85.0,2008-08-01,17126.278702
740,85.0,2008-08-03,43490.3049255
741,85.0,2008-10-09,781.03500799
742,85.0,2008-10-10,59231.161953
743,85.0,2008-10-11,3343.06000896
744,85.0,2008-10-12,5524.69587718
745,85.0,2008-10-14,59194.7619312
746,85.0,2008-10-15,30605.3269426
747,85.0,2008-10-16,49371.9910882
748,85.0,2008-10-17,31902.2441885
749,85.0,2008-10-18,89661.3205593
750,85.0,2008-10-19,13786.6921774
751,85.0,2008-10-20,66086.7116522
752,85.0,2008-10-21,8936.96307119
753,85.0,2008-10-22,57026.559081
754,85.0,2008-10-23,57519.0730413
755,85.0,2008-10-24,18694.4684226
756,85.0,2008-10-25,16864.1205753
757,85.0,2008-10-26,68851.7372575
758,85.0,2008-10-27,2429.3107223
759,85.0,2008-10-28,55645.0510044
760,85.0,2008-10-29,45622.4985115
761,85.0,2008-10-30,56157.192392
762,85.0,2008-10-31,34042.8444863
763,85.0,2008-11-01,37880.4200523
764,85.0,2008-11-02,23183.8194763
765,85.0,2008-11-03,12746.3289328
766,85.0,2008-11-04,28134.60385
767,85.0,2008-11-05,47206.1955073
768,85.0,2008-11-06,42090.5855843
769,85.0,2008-11-07,42928.1374765
770,85.0,2008-11-08,43032.658666
771,85.0,2008-11-09,3110.05431849
772,85.0,2008-11-10,34414.9935371
773,85.0,2008-11-11,39332.5320536
774,85.0,2008-11-12,48134.9035868
775,85.0,2008-11-13,11471.2328134
776,85.0,2008-11-14,11536.1179455
777,85.0,2008-11-15,122789.064906
778,85.0,2008-11-16,4641.3808248
779,85.0,2008-11-17,7010.61071244
780,85.0,2008-11-18,4799.67577108
781,85.0,2008-11-25,1197.23570563
782,85.0,2008-11-26,35265.2555277
783,85.0,2008-11-27,9872.35111038
784,85.0,2008-11-28,12627.4781011
785,85.0,2008-11-29,40927.966482
786,85.0,2008-11-30,13697.5826946
787,85.0,2008-12-01,2063.08996928
788,85.0,2008-12-02,79622.5542708
789,85.0,2008-12-03,15512.7174568
790,85.0,2008-12-04,10051.5287861
791,85.0,2008-12-05,56182.1758338
792,85.0,2008-12-06,14443.2754426
793,85.0,2008-12-07,6008.12986021
794,85.0,2008-12-08,38645.9534847
795,85.0,2008-12-09,26194.6354803
796,85.0,2008-12-10,21267.7569299
797,85.0,2008-12-11,18922.9946309
798,85.0,2008-12-12,29995.9907728
799,85.0,2008-12-14,76756.0707998
800,85.0,2008-12-15,21872.9317241
801,85.0,2008-12-16,32776.6139485
802,85.0,2008-12-17,23880.1315478
803,85.0,2008-12-18,25745.1708804
804,85.0,2008-12-19,33062.4832492
805,85.0,2008-12-21,5226.4346969
806,85.0,2008-12-22,12230.6389117
807,85.0,2008-12-23,9658.98548473
808,85.0,2008-12-24,21065.9491326
809,85.0,2008-12-25,32032.49208
810,85.0,2008-12-26,33002.1676777
811,85.0,2008-12-27,1262.75052571
812,85.0,2008-12-28,14211.1241009
813,85.0,2008-12-29,23632.0721128
814,85.0,2008-12-30,38906.7802813
815,85.0,2008-12-31,54050.7474133
816,85.0,2009-01-01,1407.8617384
817,85.0,2009-01-02,251816.92006
818,85.0,2009-01-04,6229.74195381
819,85.0,2009-01-05,31856.6643699
820,85.0,2009-01-06,11284.2423853
821,85.0,2009-01-07,16780.9842156
822,85.0,2009-01-08,19477.9581573
823,85.0,2009-01-09,23926.5118712
824,85.0,2009-01-10,2903.55602453
825,85.0,2009-03-13,417.838415589
826,85.0,2009-03-14,31290.1021706
827,85.0,2009-03-16,8022.84601526
828,85.0,2009-03-17,39073.5052226
829,85.0,2009-03-18,11169.4720072
830,85.0,2009-03-20,583.539332939
831,85.0,2009-03-21,62246.4296497
832,85.0,2009-03-22,19852.2717185
833,85.0,2009-03-23,44999.8262441
834,85.0,2009-03-24,40665.5141862
835,85.0,2009-03-26,33305.7981178
836,85.0,2009-03-27,11541.6056288
837,85.0,2009-03-29,58620.1805439
838,85.0,2009-03-31,53478.0341043
839,85.0,2009-04-01,11017.7202017
840,85.0,2009-04-02,56474.0345548
841,85.0,2009-04-03,18932.7917661
842,85.0,2009-04-04,6075.15869792
843,85.0,2009-04-05,4599.07068675
844,85.0,2009-04-06,37946.442519
845,85.0,2009-04-07,21546.4776912
846,85.0,2009-04-08,40313.3829266
847,85.0,2009-04-09,44326.0416959
848,85.0,2009-04-10,13325.1476179
849,85.0,2009-04-11,13891.9196024
850,85.0,2009-04-12,125602.185708
851,85.0,2009-04-13,68500.8602836
852,85.0,2009-04-14,21799.9684259
853,85.0,2009-04-15,24318.6154904
854,85.0,2009-04-16,29165.4790675
855,85.0,2009-04-18,96324.66172
856,85.0,2009-04-19,10949.4266425
857,85.0,2009-04-20,69205.9792188
858,85.0,2009-04-21,41974.6498569
859,85.0,2009-04-22,19501.8927429
860,85.0,2009-04-24,11373.3723816
861,85.0,2009-04-25,21878.8636169
862,85.0,2009-04-26,11513.8952286
863,85.0,2009-04-27,16656.1900907
864,85.0,2009-04-28,11662.6812789
865,85.0,2009-04-29,29285.206032
866,85.0,2009-05-02,4702.89501071
867,85.0,2009-05-03,30943.2134898
868,85.0,2009-05-04,14808.2809554
869,85.0,2009-05-06,40239.0348345
870,85.0,2009-05-07,20153.168291
871,85.0,2009-05-08,10567.5745024
872,85.0,2009-05-09,15328.3131834
873,85.0,2009-05-10,10487.6091222
874,85.0,2009-05-12,14262.2971333
875,85.0,2009-05-14,30660.5288313
876,85.0,2009-05-15,19220.7547009
877,85.0,2009-05-16,41803.547702
878,85.0,2009-05-17,75624.3532437
879,85.0,2009-05-19,53875.9692624
880,85.0,2009-05-20,28668.4227121
881,85.0,2009-05-21,45399.4046523
882,85.0,2009-05-22,18220.6615156
883,85.0,2009-05-23,21709.1136868
884,85.0,2009-05-24,20041.2172568
885,85.0,2009-06-11,43297.68134
886,85.0,2009-06-13,33498.203779
887,85.0,2009-06-14,27613.5215842
888,85.0,2009-06-15,57127.7802168
889,85.0,2009-06-17,8004.84863037
890,85.0,2009-06-18,5635.67859115
891,85.0,2009-06-19,42843.5990816
892,85.0,2009-06-20,58425.0722027
893,85.0,2009-06-22,55865.4526852
894,85.0,2009-06-23,98764.0815574
895,85.0,2009-06-24,28363.6632775
896,85.0,2009-06-25,699.889198352
897,85.0,2009-06-26,30395.0965238
898,85.0,2009-06-27,71256.1509442
899,85.0,2009-06-28,48275.5665923
900,85.0,2009-06-29,69496.1978196
901,85.0,2009-07-01,67594.7569126
902,85.0,2009-07-02,1239.17020106
903,85.0,2009-07-03,47726.2724931
904,85.0,2009-07-04,45306.3272214
905,85.0,2009-07-05,186233.622881
906,85.0,2009-07-06,33251.9392373
907,85.0,2009-07-07,21117.5501859
908,85.0,2009-07-08,21561.4917647
909,85.0,2009-07-28,11112.2838761
910,85.0,2009-07-29,21579.4409806
911,85.0,2009-07-31,35151.9031811
912,85.0,2009-08-03,11645.4857313
913,85.0,2009-08-06,33657.6613301
914,85.0,2009-08-08,67978.78478
915,85.0,2009-08-10,18237.9601844
916,85.0,2009-08-11,19295.8447372
917,85.0,2009-08-12,53863.6838626
918,85.0,2009-08-13,20579.7168885
919,85.0,2009-08-15,36847.6824838
920,85.0,2009-08-19,39987.8498373
921,85.0,2009-08-20,24953.6505866
922,85.0,2009-08-21,36719.260123
923,85.0,2009-08-23,2279.81848555
924,85.0,2009-08-24,27892.6490964
925,85.0,2009-08-25,24096.4901451
926,85.0,2009-08-26,79828.0887349
927,85.0,2009-08-27,75217.7465481
928,85.0,2009-08-28,35354.1461696
929,85.0,2009-08-31,54519.756676
930,85.0,2009-09-01,34224.8632739
931,85.0,2009-09-02,206846.872301
932,85.0,2009-09-03,4507.75763533
933,85.0,2009-09-04,449985.297845
934,85.0,2009-09-07,55887.5499516
935,85.0,2009-09-08,72816.2466399
936,85.0,2009-09-09,78990.1334982
937,85.0,2009-09-10,69976.1707745
938,85.0,2009-09-11,48857.4084075
939,85.0,2009-09-12,29268.6749773
940,85.0,2009-09-13,16381.4457504
941,85.0,2009-09-14,54354.9106682
942,85.0,2009-09-15,55023.1297472
943,85.0,2009-09-16,77372.8937889
944,85.0,2009-09-17,80716.2811812
945,85.0,2009-09-18,119094.076022
946,85.0,2009-09-20,4245.01583387
947,85.0,2009-09-21,27690.8532469
948,85.0,2009-09-22,69208.4297276
949,85.0,2009-09-23,77017.7557503
950,85.0,2009-09-24,72294.484364
951,85.0,2009-09-25,30250.093647
952,85.0,2009-09-27,72429.757594
953,85.0,2009-09-28,71715.4459357
954,86.0,2007-04-30,18628.7830479
955,86.0,2007-05-04,474.598357013
956,86.0,2007-05-05,3183.43894188
957,86.0,2007-05-06,2881.99287839
958,86.0,2007-05-07,2362.77837347
959,87.0,2007-08-15,929.925204362
960,87.0,2007-08-16,867.576649788
961,89.0,2008-04-28,2147.62763825
962,89.0,2008-04-30,29474.9552031
963,89.0,2008-05-01,10681.9246438
964,89.0,2008-05-02,3084.31820228
965,89.0,2008-05-03,156894.570203
966,89.0,2008-05-05,26455.1007344
967,89.0,2008-05-06,26505.0986416
968,89.0,2008-05-07,23628.7917754
969,89.0,2008-05-08,13426.4909291
970,89.0,2008-05-09,25697.1896905
971,89.0,2008-05-10,2940.95765622
972,89.0,2008-05-11,46601.7592088
973,89.0,2008-05-17,80254.2464328
974,89.0,2008-05-18,9416.01278334
975,89.0,2008-08-01,77350.131532
976,91.0,2007-11-26,3972.32126083
977,92.0,2008-03-22,11048.6981067
978,92.0,2008-03-24,29128.1169169
979,92.0,2008-05-17,1505.33922811
980,96.0,2008-07-10,3692.33383623
981,96.0,2008-07-12,25677.7965241
982,96.0,2008-07-18,1267.76679775
983,96.0,2008-07-19,83646.4717127
984,96.0,2008-07-20,3535.70353298
985,96.0,2008-07-21,2209.5260886
986,96.0,2008-07-22,363.49338893
987,96.0,2008-07-23,2143.84096388
988,96.0,2008-07-25,67.3078619593
989,96.0,2008-07-28,96.6533701793
990,96.0,2008-07-30,4641.43876136
991,96.0,2008-07-31,17958.0004111
992,96.0,2008-08-05,3806.5274155
993,96.0,2008-08-06,43.5125907967
994,96.0,2008-08-11,47.770370118
995,96.0,2008-08-13,6548.14207042
996,96.0,2008-08-14,142.690428643
997,96.0,2008-08-15,71.1434862311
998,96.0,2008-08-22,47.9999971258
999,96.0,2008-12-10,37.7085169788
1000,97.0,2007-06-14,1285.84701753
1001,97.0,2007-06-15,595.752848356
1002,97.0,2007-06-24,571.554375167
1003,98.0,2007-05-29,4257.12086846
1004,98.0,2007-05-31,2696.26731827
1005,98.0,2007-06-02,2884.78284307
1006,98.0,2007-06-04,1562.52272944
1007,101.0,2008-03-30,90150.6720796
1008,101.0,2008-06-29,8003.44342169
1009,102.0,2011-10-19,6907.86913546
1010,102.0,2011-10-21,3513.55013113
1011,102.0,2011-10-23,19651.6551692
1012,102.0,2011-11-03,3171.38021531
1013,102.0,2011-11-05,2248.34342885
1014,102.0,2011-11-08,617.957364563
1015,102.0,2011-11-09,1202.50483563
1016,102.0,2011-11-12,182.587849244
1017,102.0,2011-11-14,10165.0251138
1018,102.0,2011-11-15,3200.64997157
1019,102.0,2011-12-07,605.795349108
1020,102.0,2011-12-19,1600.59474237
1021,102.0,2011-12-26,4656.47056
1022,102.0,2011-12-27,5642.3901831
1023,102.0,2011-12-30,4740.70489456
1024,102.0,2011-12-31,29672.8762765
1025,104.0,2008-01-01,9655.01113026
1026,104.0,2008-03-28,4232.64515381
1027,105.0,2007-10-02,4351.29795882
1028,105.0,2007-10-03,15047.2335817
1029,105.0,2007-10-05,14203.5453287
1030,105.0,2007-10-07,23779.4962689
1031,105.0,2007-10-09,15705.7824897
1032,105.0,2007-10-10,25972.6073423
1033,106.0,2007-10-08,57660.4701085
1034,106.0,2007-10-09,43257.1822901
1035,106.0,2007-10-10,2876.5755767
1036,108.0,2007-10-04,8029.79281947
1037,110.0,2008-01-18,34881.6116858
1038,111.0,2007-04-19,2404.66467558
1039,111.0,2007-04-21,787.764255365
1040,111.0,2007-06-16,177471.888157
1041,111.0,2007-06-17,93373.2606677
1042,111.0,2007-09-07,33276.1191222
1043,112.0,2008-02-25,153.77637763
1044,112.0,2008-05-10,2455.12908639
1045,112.0,2008-05-16,1220.37524312
1046,112.0,2008-05-17,3230.64291023
1047,112.0,2008-05-18,22038.1076695
1048,112.0,2008-05-19,1289.22258188
1049,112.0,2008-05-21,1303.64396686
1050,112.0,2008-05-22,629.409153249
1051,112.0,2008-05-23,2307.75587626
1052,112.0,2008-05-24,40206.419234
1053,112.0,2008-05-25,1865.01034897
1054,112.0,2008-05-26,1234.01587033
1055,112.0,2008-05-27,2992.8716413
1056,112.0,2008-05-28,2816.68980854
1057,112.0,2008-05-29,1205.09832728
1058,112.0,2008-05-30,113223.886067
1059,112.0,2008-05-31,2268.70383848
1060,112.0,2008-06-01,2460.61013935
1061,112.0,2008-06-02,1507.50085483
1062,112.0,2008-06-03,3191.98043753
1063,112.0,2008-06-04,1300.61686015
1064,112.0,2008-06-05,2023.72626534
1065,112.0,2008-06-06,2746.27213688
1066,112.0,2008-06-07,2292.01394124
1067,112.0,2008-06-08,38381.9818619
1068,112.0,2008-06-09,4562.3026173
1069,112.0,2008-06-10,2472.97978824
1070,112.0,2008-06-11,2519.58781705
1071,112.0,2008-06-12,3512.8738997
1072,112.0,2008-06-13,1228.31826021
1073,112.0,2008-06-14,674.86872667
1074,112.0,2008-06-15,38776.8126854
1075,112.0,2008-06-16,1318.6936425
1076,112.0,2008-06-17,2674.85912502
1077,112.0,2008-06-18,5140.24058387
1078,112.0,2008-06-19,7866.5481178
1079,112.0,2008-06-20,14300.8542984
1080,112.0,2008-06-21,2047.41655432
1081,112.0,2008-06-22,8965.01590034
1082,112.0,2008-06-25,2327.67342126
1083,112.0,2008-06-26,2948.49986916
1084,112.0,2008-06-27,16627.3030624
1085,112.0,2008-06-28,8374.35945278
1086,112.0,2008-06-29,19012.2323658
1087,112.0,2008-06-30,1465.60118587
1088,112.0,2008-07-01,134936.06298
1089,112.0,2008-07-02,2737.54262761
1090,112.0,2008-07-03,2634.61179732
1091,112.0,2008-07-04,2885.29386381
1092,112.0,2008-07-05,5323.24133355
1093,112.0,2008-07-06,20987.6464725
1094,112.0,2008-07-07,2396.19538152
1095,112.0,2008-07-08,1055.44856923
1096,112.0,2008-07-09,1019.27936979
1097,112.0,2008-07-10,1331.40679732
1098,112.0,2008-07-11,1545.39528593
1099,112.0,2008-07-13,37998.7796212
1100,112.0,2008-07-16,7359.11277495
1101,112.0,2008-07-17,1036.14546906
1102,112.0,2008-07-18,1524.40148117
1103,115.0,2007-05-10,2225.77007741
1104,115.0,2007-05-13,1999.94876016
1105,115.0,2007-05-14,4952.68377253
1106,115.0,2007-05-15,4968.9092147
1107,115.0,2007-05-16,17842.0263502
1108,115.0,2007-05-18,4424.7271498
1109,115.0,2007-05-19,14444.0953804
1110,115.0,2007-05-21,19547.4135046
1111,115.0,2007-05-22,6997.30994974
1112,115.0,2007-05-23,2262.70298647
1113,115.0,2007-09-08,9586.53451765
1114,115.0,2008-04-16,2379.89087059
1115,115.0,2008-04-17,11557.6221688
1116,115.0,2008-04-29,10190.7031595
1117,115.0,2008-04-30,23299.0833533
1118,115.0,2008-05-01,609242.651284
1119,115.0,2008-05-04,54848.3796591
1120,115.0,2008-05-05,41565.0572158
1121,115.0,2008-05-06,17821.9056634
1122,115.0,2008-05-07,115803.390274
1123,115.0,2008-05-08,137920.828914
1124,115.0,2008-05-09,739.758696971
1125,115.0,2008-05-12,71921.6887493
1126,115.0,2008-05-13,153888.280438
1127,115.0,2008-05-14,92704.6962663
1128,115.0,2008-05-15,63225.3326582
1129,115.0,2008-05-16,12353.1583811
1130,115.0,2008-05-20,40027.3822257
1131,115.0,2008-05-21,74423.9163289
1132,115.0,2008-05-22,60164.0621565
1133,115.0,2008-05-23,17436.8189905
1134,115.0,2008-05-25,26288.9823108
1135,115.0,2008-05-26,19080.7721565
1136,115.0,2008-05-27,32843.8470566
1137,115.0,2008-05-28,65265.4389982
1138,115.0,2008-05-29,83521.0147522
1139,115.0,2008-05-30,39573.4604787
1140,115.0,2008-06-01,35751.6621469
1141,115.0,2008-06-02,70994.7490824
1142,115.0,2008-06-03,73538.0023485
1143,115.0,2008-06-04,71099.4843249
1144,115.0,2008-06-05,94319.3392745
1145,115.0,2008-06-06,60731.0728347
1146,115.0,2008-06-09,39032.0439107
1147,115.0,2008-06-10,60741.995917
1148,115.0,2008-06-11,94236.0481042
1149,115.0,2008-06-12,16438.2996823
1150,115.0,2008-06-15,39249.3129462
1151,115.0,2008-06-16,795.166039072
1152,115.0,2008-06-17,42145.3807728
1153,115.0,2008-06-18,71490.8966163
1154,115.0,2008-06-19,99942.2552901
1155,115.0,2008-06-20,37314.7897295
1156,115.0,2008-06-22,40030.2392497
1157,115.0,2008-06-23,36288.4008708
1158,115.0,2008-06-24,179382.739185
1159,115.0,2008-06-25,36479.0015066
1160,115.0,2008-06-26,103192.16425
1161,115.0,2008-06-27,2634.45443183
1162,115.0,2008-06-28,70188.6769389
1163,115.0,2008-06-29,23226.0408686
1164,115.0,2008-06-30,59275.8924443
1165,115.0,2008-07-01,87250.7247022
1166,115.0,2008-07-02,42481.4770895
1167,115.0,2008-07-04,66225.5741869
1168,115.0,2008-07-06,25507.3734618
1169,115.0,2008-07-07,74372.9897537
1170,115.0,2008-07-22,13235.1618474
1171,115.0,2008-07-23,25801.5390106
1172,117.0,2007-06-21,913.413546377
1173,117.0,2007-06-22,1001.48742012
1174,117.0,2007-06-25,1088.40163732
1175,117.0,2007-06-27,1055.46991705
1176,117.0,2007-06-29,1005.3439016
1177,117.0,2007-07-04,1907.60051519
1178,125.0,2008-05-10,1692.94729935
1179,125.0,2008-05-11,2413.29375201
1180,125.0,2008-05-23,143261.945415
1181,125.0,2008-05-24,20637.6138267
1182,125.0,2008-05-30,32438.1921783
1183,125.0,2008-05-31,6655.46377748
1184,125.0,2008-06-05,1900.65763536
1185,125.0,2008-06-07,11076.5639277
1186,125.0,2008-06-20,9448.90817362
1187,125.0,2008-06-21,33920.8274407
1188,125.0,2008-06-22,4516.09195832
1189,125.0,2008-08-20,28089.1610004
1190,125.0,2008-08-23,31372.2872752
1191,125.0,2008-08-24,42211.4582275
1192,125.0,2008-08-27,30256.5933267
1193,125.0,2008-08-28,13414.9730058
1194,125.0,2008-09-02,1244.77501179
1195,125.0,2008-09-03,565590.971012
1196,125.0,2008-09-06,12751.2831582
1197,125.0,2008-09-09,21463.4130518
1198,125.0,2008-09-12,12464.3657677
1199,125.0,2008-09-13,45757.9098089
1200,125.0,2008-09-16,25404.1559852
1201,125.0,2008-09-17,6843.12210084
1202,125.0,2008-09-20,46265.28329
1203,125.0,2008-09-21,8102.07327172
1204,125.0,2008-09-25,1025.62417418
1205,125.0,2008-10-06,19108.0748508
1206,125.0,2008-10-11,7610.32469053
1207,126.0,2008-04-22,17238.6668582
1208,126.0,2008-04-26,12507.7749347
1209,126.0,2008-04-27,14879.5131107
1210,126.0,2008-05-01,224.241497014
1211,126.0,2008-05-02,689.700204735
1212,126.0,2008-05-03,29368.0934388
1213,126.0,2008-05-10,272066.255741
1214,126.0,2008-05-11,208114.927824
1215,126.0,2008-05-16,2872.18888346
1216,126.0,2008-05-17,27405.0947134
1217,126.0,2008-05-18,31728.7323483
1218,126.0,2008-05-21,74353.8683391
1219,126.0,2008-05-23,35451.8092013
1220,126.0,2008-05-28,54474.3392518
1221,126.0,2008-05-29,231.519859087
1222,126.0,2008-05-31,14434.1619344
1223,126.0,2008-06-01,17499.8459514
1224,126.0,2008-06-02,28267.595229
1225,126.0,2008-06-03,3045.83577078
1226,126.0,2008-06-05,38473.3837379
1227,126.0,2008-06-06,771.127443079
1228,126.0,2008-06-07,1057757.49298
1229,126.0,2008-06-08,27643.9422505
1230,126.0,2008-06-09,560835.458718
1231,126.0,2008-06-14,36369.0636069
1232,126.0,2008-06-15,2474.85769899
1233,126.0,2008-06-20,110732.139675
1234,126.0,2008-06-21,64946.5285815
1235,126.0,2008-06-22,47537.3938502
1236,126.0,2008-06-28,10501.0540506
1237,126.0,2008-06-29,4619.44916956
1238,126.0,2008-07-06,34323.5464714
1239,126.0,2008-07-12,45698.6775905
1240,126.0,2008-07-13,2729.80808198
1241,126.0,2008-07-14,8662.59769025
1242,126.0,2008-07-16,2213.61398626
1243,126.0,2008-07-18,16426.1891847
1244,126.0,2008-07-19,4158.72282227
1245,126.0,2008-07-23,21705.2549079
1246,126.0,2008-07-24,2184.60059365
1247,126.0,2008-07-25,7795.87402535
1248,126.0,2008-07-26,33515.9195014
1249,126.0,2008-07-27,190136.845521
1250,126.0,2008-07-29,19447.1152378
1251,126.0,2008-07-31,12462.5544582
1252,126.0,2008-08-02,59065.3715398
1253,126.0,2008-08-03,41963.753365
1254,126.0,2008-08-07,62564.8251377
1255,126.0,2008-08-08,233121.580734
1256,126.0,2008-08-09,432926.351902
1257,126.0,2008-08-10,1353884.65899
1258,126.0,2008-08-11,51868.9042343
1259,126.0,2008-08-12,12940.6124504
1260,126.0,2008-08-16,21751.3011705
1261,126.0,2008-08-17,100521.600182
1262,126.0,2008-09-04,22506.0945558
1263,126.0,2008-09-08,496.052309738
1264,126.0,2008-09-12,37429.2644828
1265,126.0,2008-09-13,1234.57929982
1266,126.0,2008-09-15,5608.19807391
1267,126.0,2008-09-23,699.806649651
1268,126.0,2008-09-29,187173.765194
1269,126.0,2008-09-30,43806.2317452
1270,126.0,2008-10-01,4341.27593318
1271,126.0,2008-10-02,21273.8692753
1272,126.0,2008-10-11,80022.8934372
1273,126.0,2008-10-12,142615.447102
1274,126.0,2008-10-13,6331.90327665
1275,126.0,2008-10-15,124.919171713
1276,126.0,2008-10-20,843.579069804
1277,126.0,2008-11-24,38.3806299084
1278,126.0,2008-11-26,10050.8295495
1279,126.0,2008-11-27,189.05457065
1280,126.0,2008-11-29,44834.6430594
1281,126.0,2008-12-01,85.0786469837
1282,126.0,2008-12-04,49.1121848593
1283,126.0,2008-12-08,6886.12799264
1284,126.0,2008-12-13,64131.7092399
1285,128.0,2007-04-14,26185.1747959
1286,128.0,2007-04-15,660.758811285
1287,128.0,2007-04-16,938.306748966
1288,128.0,2007-04-18,3737.55780681
1289,128.0,2007-04-19,1644.2486223
1290,128.0,2007-04-20,1591.2809872
1291,128.0,2007-04-21,82037.958279
1292,128.0,2007-05-05,14105.4836857
1293,128.0,2007-05-06,16033.1521962
1294,128.0,2007-05-08,941.134286468
1295,128.0,2007-05-27,9454.96555472
1296,128.0,2007-05-29,22620.4569901
1297,128.0,2007-05-30,523.151956752
1298,128.0,2007-05-31,3772.60640923
1299,128.0,2007-06-01,5887.89481062
1300,128.0,2007-06-04,728.974570195
1301,128.0,2007-06-20,13477.1611133
1302,128.0,2007-06-21,2314.81162515
1303,128.0,2007-06-25,612.358965691
1304,128.0,2007-06-26,1493.14541944
1305,128.0,2007-06-27,718.519645449
1306,128.0,2007-06-28,817.723122852
1307,128.0,2007-06-29,737.092720332
1308,128.0,2007-07-01,33579.3603959
1309,128.0,2007-07-02,1461.12725273
1310,128.0,2007-07-03,682.117285886
1311,128.0,2007-07-07,6735.58634505
1312,128.0,2007-07-08,1279.85961125
1313,128.0,2008-05-01,750020.848151
1314,128.0,2008-05-03,17520.4364869
1315,128.0,2008-05-04,30823.6178883
1316,128.0,2008-05-06,23541.8335682
1317,128.0,2008-05-09,19016.4515372
1318,128.0,2008-05-10,276955.352687
1319,128.0,2008-05-12,55039.2824972
1320,128.0,2008-05-13,30096.9432994
1321,128.0,2008-05-14,33533.1284624
1322,128.0,2008-05-15,44836.6069749
1323,128.0,2008-05-16,106932.847039
1324,128.0,2008-05-17,99445.765266
1325,128.0,2008-05-18,56827.7941805
1326,128.0,2008-05-23,1512.8837492
1327,128.0,2008-06-06,47234.978488
1328,128.0,2008-06-07,29243.657698
1329,128.0,2008-06-10,36915.6803715
1330,128.0,2008-06-11,16779.9955819
1331,128.0,2008-06-27,18858.1965328
1332,128.0,2008-06-29,15794.7683307
1333,128.0,2008-06-30,1906.7856275
1334,128.0,2008-07-01,33773.4340027
1335,128.0,2008-07-02,34658.0214922
1336,128.0,2008-07-03,29371.0726626
1337,128.0,2008-07-04,42301.7789701
1338,128.0,2008-07-05,94926.6541697
1339,128.0,2008-07-06,76824.8800727
1340,128.0,2008-07-07,113613.129248
1341,128.0,2008-07-08,31533.5619435
1342,128.0,2008-07-09,15040.9972107
1343,128.0,2008-07-10,29229.6189112
1344,128.0,2008-07-11,30851.6712389
1345,128.0,2008-07-12,31539.0794227
1346,128.0,2008-07-13,216017.031466
1347,128.0,2008-07-17,18573.9838292
1348,128.0,2008-07-18,37145.1668341
1349,128.0,2008-07-19,41029.3546009
1350,128.0,2008-07-27,15936.773224
1351,128.0,2008-07-28,4388.80098597
1352,128.0,2008-07-29,51371.2893473
1353,128.0,2008-07-30,15506.4957464
1354,128.0,2008-07-31,16687.6004568
1355,128.0,2008-08-01,18521.5065583
1356,128.0,2008-08-05,46329.1956763
1357,128.0,2008-08-06,18093.143539
1358,128.0,2008-08-07,25339.3795719
1359,128.0,2008-08-08,3432.61569032
1360,128.0,2008-08-09,14186.6274121
1361,128.0,2008-08-11,3500.26151296
1362,128.0,2008-08-12,572120.180283
1363,128.0,2008-08-13,11807.247818
1364,128.0,2008-08-15,161206.864682
1365,128.0,2008-08-17,58558.0749751
1366,128.0,2008-08-18,4189.0426202
1367,128.0,2008-08-21,23297.7571173
1368,128.0,2008-08-22,23600.9405979
1369,128.0,2008-08-23,46442.83741
1370,128.0,2008-08-24,4750.13476622
1371,128.0,2008-08-25,47710.2120943
1372,128.0,2008-08-26,1049.85822819
1373,128.0,2008-08-27,38273.7477475
1374,128.0,2008-08-28,4852.46992871
1375,128.0,2008-08-29,37785.470284
1376,128.0,2008-09-01,34023.3699097
1377,128.0,2008-09-02,46110.2781684
1378,128.0,2008-09-03,36803.0136687
1379,128.0,2008-09-04,60849.3506808
1380,128.0,2008-09-05,59086.7821907
1381,128.0,2008-09-06,200914.336666
1382,128.0,2008-09-07,37977.9473628
1383,128.0,2008-09-08,45840.8710077
1384,128.0,2008-09-09,34880.1460143
1385,128.0,2008-09-10,30482.2932929
1386,128.0,2008-09-11,37242.4762834
1387,128.0,2008-09-12,29676.5971997
1388,128.0,2008-09-13,96339.5868665
1389,128.0,2008-09-14,14601.7740448
1390,128.0,2008-09-15,48434.8537996
1391,128.0,2008-09-16,29687.2542717
1392,128.0,2008-09-17,24087.4584671
1393,128.0,2008-09-18,31149.9751641
1394,128.0,2008-09-19,39363.6659166
1395,128.0,2008-09-20,24967.3592768
1396,128.0,2008-09-21,34042.0649497
1397,128.0,2008-09-22,26672.4255859
1398,128.0,2008-09-23,37180.2556075
1399,128.0,2008-09-24,73293.4731904
1400,128.0,2008-09-25,27768.5128086
1401,128.0,2008-09-26,7611.50687466
1402,128.0,2008-09-27,19802.2908613
1403,128.0,2008-09-28,12424.443357
1404,128.0,2008-09-30,208872.778065
1405,128.0,2008-10-01,146508.821918
1406,128.0,2008-10-02,527259.385128
1407,128.0,2008-10-03,380161.13045
1408,128.0,2008-10-04,293682.223402
1409,128.0,2008-10-05,133559.498252
1410,128.0,2008-10-07,58722.0949253
1411,128.0,2008-10-08,40721.2637658
1412,128.0,2008-10-09,32164.8085881
1413,128.0,2008-10-10,32864.1197215
1414,128.0,2008-10-11,86093.8036521
1415,128.0,2008-10-12,151342.37328
1416,128.0,2008-10-13,7004.12702957
1417,128.0,2008-10-14,33799.4301231
1418,128.0,2008-10-15,37443.0730158
1419,128.0,2008-10-16,24623.1842994
1420,128.0,2008-10-17,32670.7915548
1421,128.0,2008-10-19,464350.154348
1422,128.0,2008-10-20,35058.3666227
1423,128.0,2008-10-21,27995.2093466
1424,128.0,2008-10-22,48087.17155
1425,128.0,2008-10-23,32506.1265804
1426,128.0,2008-10-24,34111.541965
1427,128.0,2008-10-25,59367.1099431
1428,128.0,2008-10-26,47836.9549509
1429,128.0,2008-10-27,31980.0057246
1430,128.0,2008-10-28,16722.3673439
1431,128.0,2008-10-29,71327.8775043
1432,128.0,2008-10-30,88921.7099402
1433,128.0,2008-10-31,38877.4930209
1434,128.0,2008-11-01,91384.2972379
1435,128.0,2008-11-03,21095.0066185
1436,128.0,2008-11-04,33883.9451598
1437,128.0,2008-11-05,49786.9636735
1438,128.0,2008-11-06,30188.5387698
1439,128.0,2008-11-07,12653.6502465
1440,128.0,2008-11-08,348836.743149
1441,128.0,2008-11-10,35078.477729
1442,128.0,2008-11-11,47968.9970592
1443,128.0,2008-11-12,24020.1399676
1444,128.0,2008-11-13,36863.4217872
1445,128.0,2008-11-14,44818.8335648
1446,128.0,2008-11-15,95637.431853
1447,128.0,2008-11-16,73031.1399121
1448,128.0,2008-11-17,15803.9134194
1449,128.0,2008-11-18,18241.4915216
1450,128.0,2008-11-19,45930.4169393
1451,128.0,2008-11-20,79383.3503021
1452,128.0,2008-11-21,25846.6367741
1453,128.0,2008-11-22,242058.013336
1454,128.0,2008-11-23,27439.4406976
1455,128.0,2008-11-24,384914.186518
1456,128.0,2008-11-25,2644.27661921
1457,128.0,2008-11-26,24525.6046256
1458,128.0,2008-11-27,37242.9492183
1459,128.0,2008-11-28,51379.5132387
1460,128.0,2008-11-29,68810.8165849
1461,128.0,2008-11-30,36659.5096798
1462,128.0,2008-12-01,34823.6020185
1463,128.0,2008-12-02,59788.7062992
1464,128.0,2008-12-03,46024.9738099
1465,128.0,2008-12-04,29817.5341613
1466,128.0,2008-12-05,22074.7794151
1467,128.0,2008-12-06,43089.7914503
1468,128.0,2008-12-07,27310.7631609
1469,128.0,2008-12-08,14280.9528692
1470,128.0,2008-12-09,30291.9968851
1471,128.0,2008-12-10,41784.0204986
1472,128.0,2008-12-11,37075.6963328
1473,128.0,2008-12-12,37697.3090923
1474,128.0,2008-12-13,82356.1250856
1475,128.0,2008-12-14,356631.286031
1476,128.0,2008-12-15,21744.322475
1477,128.0,2008-12-16,33243.3410366
1478,128.0,2008-12-17,38829.5030933
1479,128.0,2008-12-18,61190.1538543
1480,128.0,2008-12-19,17833.5727571
1481,128.0,2008-12-21,93634.5088219
1482,128.0,2008-12-22,67508.9471741
1483,128.0,2008-12-23,16251.4115458
1484,128.0,2008-12-24,37518.1955836
1485,128.0,2008-12-25,52588.620798
1486,128.0,2008-12-26,37425.936673
1487,128.0,2008-12-27,65131.1759556
1488,128.0,2008-12-29,31176.8898054
1489,128.0,2008-12-30,33857.8362756
1490,128.0,2008-12-31,54783.3607074
1491,128.0,2009-01-01,171901.727411
1492,128.0,2009-01-02,77235.0377855
1493,128.0,2009-01-03,45130.0857983
1494,128.0,2009-01-04,36979.5442287
1495,128.0,2009-01-05,63854.9007857
1496,128.0,2009-01-06,19718.3022467
1497,128.0,2009-01-07,32959.8382915
1498,128.0,2009-01-08,35842.2375202
1499,128.0,2009-01-09,70454.2453127
1500,128.0,2009-01-12,15543.3390241
1501,128.0,2009-01-13,47618.1237113
1502,128.0,2009-01-14,17363.3326647
1503,128.0,2009-01-15,42572.353915
1504,128.0,2009-01-16,29233.8520908
1505,128.0,2009-01-17,183904.696197
1506,128.0,2009-01-18,196014.578869
1507,128.0,2009-01-19,1624983.35511
1508,128.0,2009-01-20,213771.608042
1509,128.0,2009-01-28,59386.5973644
1510,128.0,2009-02-01,384201.778174
1511,128.0,2009-02-02,959956.514458
1512,128.0,2009-02-04,47226.0269566
1513,128.0,2009-02-05,30409.1089361
1514,128.0,2009-02-06,91536.6801377
1515,128.0,2009-02-08,143903.148021
1516,128.0,2009-02-09,20122.1683135
1517,128.0,2009-02-10,26693.2000943
1518,128.0,2009-02-11,57420.4437011
1519,128.0,2009-02-12,22899.4044476
1520,128.0,2009-02-13,34822.9937087
1521,128.0,2009-02-14,84726.3332765
1522,128.0,2009-02-16,30711.3356237
1523,128.0,2009-02-17,31271.1590109
1524,128.0,2009-02-18,30830.0041575
1525,128.0,2009-02-19,27360.9366232
1526,128.0,2009-02-20,52390.5604514
1527,128.0,2009-02-21,70694.9192576
1528,128.0,2009-02-22,88113.4346434
1529,128.0,2009-02-23,6793.4476443
1530,128.0,2009-02-27,137477.659347
1531,128.0,2009-02-28,171659.664384
1532,128.0,2009-03-01,121037.53943
1533,128.0,2009-03-02,32166.0434993
1534,128.0,2009-03-03,15101.9046307
1535,128.0,2009-03-04,2406.92206538
1536,128.0,2009-03-05,55522.0954036
1537,128.0,2009-03-07,46428.9561506
1538,128.0,2009-03-09,66236.0288994
1539,128.0,2009-03-10,40341.2719909
1540,128.0,2009-03-11,22800.1977142
1541,128.0,2009-03-12,28888.7636883
1542,128.0,2009-03-13,15566.2218659
1543,128.0,2009-03-14,29225.3206957
1544,128.0,2009-03-15,55818.9075076
1545,128.0,2009-03-16,30656.2532112
1546,128.0,2009-03-17,30135.524285
1547,128.0,2009-03-18,60620.2863465
1548,128.0,2009-03-19,70998.8771373
1549,128.0,2009-03-20,34771.8947378
1550,128.0,2009-03-21,56323.5502501
1551,128.0,2009-03-22,84502.4445609
1552,128.0,2009-03-23,35155.9556628
1553,128.0,2009-03-24,75003.7278
1554,128.0,2009-03-26,36169.3999604
1555,128.0,2009-03-27,2449.14350565
1556,128.0,2009-03-28,212790.805845
1557,128.0,2009-03-29,119599.013271
1558,128.0,2009-03-30,77661.6336616
1559,128.0,2009-03-31,18706.0402119
1560,128.0,2009-04-01,24342.0663687
1561,128.0,2009-04-02,31034.3138683
1562,128.0,2009-04-03,15218.958415
1563,128.0,2009-04-04,119248.069875
1564,128.0,2009-04-06,176738.957374
1565,128.0,2009-04-07,839.12679572
1566,128.0,2009-04-08,18534.189259
1567,128.0,2009-04-09,36956.2395715
1568,128.0,2009-04-10,34846.9374131
1569,128.0,2009-04-11,79350.5618328
1570,128.0,2009-04-12,2556.2184823
1571,128.0,2009-04-13,27119.1328304
1572,128.0,2009-04-14,37120.9792411
1573,128.0,2009-04-15,34225.2391001
1574,128.0,2009-04-16,36815.6311743
1575,128.0,2009-04-17,62887.1641963
1576,128.0,2009-04-18,24836.1194802
1577,128.0,2009-04-19,72405.0139271
1578,128.0,2009-04-20,15830.4740636
1579,128.0,2009-04-21,16790.6797415
1580,128.0,2009-04-22,80648.2432684
1581,128.0,2009-04-23,15640.2544545
1582,128.0,2009-04-24,32531.3371503
1583,128.0,2009-04-27,23935.2342686
1584,128.0,2009-04-28,25707.8115591
1585,128.0,2009-04-29,23030.815836
1586,128.0,2009-04-30,36581.3400122
1587,128.0,2009-05-01,120911.749613
1588,128.0,2009-05-02,31197.746842
1589,128.0,2009-05-03,207317.522128
1590,128.0,2009-05-04,12099.4586545
1591,128.0,2009-05-05,19571.6445646
1592,128.0,2009-05-06,36016.5960462
1593,128.0,2009-05-07,18629.9141774
1594,128.0,2009-05-08,73.887172575
1595,128.0,2009-05-09,35013.7253676
1596,128.0,2009-05-10,104931.371423
1597,128.0,2009-05-11,11726.6260321
1598,128.0,2009-05-12,29843.0378645
1599,128.0,2009-05-13,20369.5185488
1600,128.0,2009-05-14,29971.0803615
1601,128.0,2009-05-15,30570.9261676
1602,128.0,2009-05-17,58987.8904219
1603,128.0,2009-05-18,23169.7010056
1604,128.0,2009-05-19,19407.1183367
1605,128.0,2009-05-20,99175.0298337
1606,128.0,2009-05-21,28526.8785391
1607,128.0,2009-05-22,34052.3032233
1608,128.0,2009-05-24,21322.5795213
1609,128.0,2009-05-25,12848.1928968
1610,128.0,2009-05-26,30196.384187
1611,128.0,2009-05-27,114141.874724
1612,128.0,2009-05-29,111081.745507
1613,128.0,2009-05-31,11705.4304805
1614,128.0,2009-06-01,16737.655116
1615,128.0,2009-06-02,15695.4227891
1616,128.0,2009-06-03,29707.0935275
1617,128.0,2009-06-04,33854.0301138
1618,128.0,2009-06-05,36489.2667026
1619,128.0,2009-06-06,68575.0501591
1620,128.0,2009-06-07,18574.4432501
1621,129.0,2008-06-27,17603.3542254
1622,138.0,2007-05-25,2019.19314245
1623,138.0,2007-05-26,25391.5336429
1624,138.0,2007-06-12,1146.45630414
1625,138.0,2007-06-21,2903.15102336
1626,138.0,2007-06-27,12887.280558
1627,139.0,2007-09-03,947.704163858
1628,139.0,2007-09-04,6421.89437179
1629,139.0,2007-09-05,605.445758037
1630,139.0,2007-10-04,8029.79281947
1631,141.0,2011-08-29,17977.0182833
1632,141.0,2011-08-30,18060.3911171
1633,141.0,2011-08-31,9913.99164124
1634,141.0,2011-09-02,16654.0714031
1635,141.0,2011-09-03,22291.3377821
1636,141.0,2011-09-05,7114.10353926
1637,141.0,2011-09-09,18223.3170559
1638,141.0,2011-09-10,62577.2077417
1639,141.0,2011-09-11,8601.83137089
1640,141.0,2011-09-17,7568.84240962
1641,141.0,2011-09-18,22303.2760376
1642,141.0,2011-09-19,7625.60229862
1643,141.0,2011-09-23,10460.1711486
1644,141.0,2011-09-24,18734.8706179
1645,141.0,2011-09-25,49119.9076771
1646,141.0,2011-09-26,7014.8003581
1647,141.0,2011-09-29,6959.93119504
1648,141.0,2011-10-08,34175.9652013
1649,141.0,2011-10-09,26561.6861457
1650,141.0,2011-10-10,28666.8676241
1651,141.0,2011-10-11,17602.4548246
1652,141.0,2011-10-12,9258.68640202
1653,141.0,2011-10-13,7846.95054952
1654,141.0,2011-10-14,5953.5242832
1655,141.0,2011-10-22,82629.8776444
1656,141.0,2011-10-23,269340.791226
1657,144.0,2008-05-01,6047.94927625
1658,144.0,2008-05-02,6398.90821755
1659,144.0,2008-05-03,88463.7610461
1660,144.0,2008-05-10,2940.95765622
1661,144.0,2008-05-11,49949.3658476
1662,144.0,2008-05-17,95397.5260721
1663,144.0,2008-05-18,10286.5067244
1664,144.0,2008-05-20,2198.68952025
1665,153.0,2007-07-25,14179.3922829
1666,153.0,2007-07-26,3388.56695878
1667,153.0,2007-07-28,2360.22135348
1668,153.0,2008-05-01,3447143.38601
1669,153.0,2008-05-02,4357.74308873
1670,153.0,2008-05-04,4709.93918979
1671,153.0,2008-05-05,11882.2913896
1672,153.0,2008-05-06,938.351306619
1673,153.0,2008-05-09,2541099.96956
1674,153.0,2008-05-10,49585.5029572
1675,153.0,2008-05-11,10206.8170252
1676,153.0,2008-05-12,14188.1390362
1677,153.0,2008-05-13,25363.5682543
1678,153.0,2008-05-14,16553.8411124
1679,153.0,2008-05-15,18078.943165
1680,153.0,2008-05-16,15270.334887
1681,153.0,2008-05-17,72824.9411353
1682,153.0,2008-05-19,6645.91050737
1683,153.0,2008-05-20,5299.80067567
1684,153.0,2008-05-21,6512.55875275
1685,153.0,2008-05-22,17511.1490969
1686,153.0,2008-05-23,18415.9296712
1687,153.0,2008-05-24,28950.8294365
1688,153.0,2008-05-26,3478.12978119
1689,153.0,2008-05-27,10729.2216083
1690,153.0,2008-05-28,6016.82549013
1691,153.0,2008-05-29,4559.24457877
1692,153.0,2008-05-30,97239.8690157
1693,153.0,2008-06-01,58745.6269035
1694,153.0,2008-06-02,9977.79865315
1695,153.0,2008-06-03,7923.00299883
1696,153.0,2008-06-04,9916.73113414
1697,153.0,2008-06-05,15963.1144639
1698,153.0,2008-06-06,28218.0895773
1699,153.0,2008-06-07,18731.6057704
1700,153.0,2008-06-08,82569.8618058
1701,153.0,2008-06-10,6857.23204606
1702,153.0,2008-06-11,6020.4969462
1703,153.0,2008-06-12,5622.94131122
1704,153.0,2008-06-13,19110.0044741
1705,153.0,2008-06-14,48512.5165462
1706,153.0,2008-06-15,27944.2641779
1707,153.0,2008-06-16,44448.0182364
1708,153.0,2008-06-17,7169.3312632
1709,153.0,2008-06-18,7589.4222764
1710,153.0,2008-06-19,50892.3782739
1711,153.0,2008-06-20,54471.8931494
1712,153.0,2008-06-22,56537.0352476
1713,153.0,2008-06-23,2514.68427036
1714,153.0,2008-06-24,8706.48299992
1715,153.0,2008-06-25,12388.3902785
1716,153.0,2008-06-26,2803.03002077
1717,153.0,2008-06-27,20013.7777921
1718,153.0,2008-06-28,47731.9171988
1719,153.0,2008-06-30,15886.4877275
1720,153.0,2008-07-01,3366.68660972
1721,153.0,2008-07-02,7032.22564704
1722,153.0,2008-07-03,5211.9649846
1723,153.0,2008-07-04,4452.78372685
1724,153.0,2008-07-05,32678.9848984
1725,153.0,2008-07-07,5831.71403793
1726,153.0,2008-07-08,5697.62280115
1727,153.0,2008-07-09,5589.91805211
1728,153.0,2008-07-10,2668.47911641
1729,153.0,2008-07-12,42622.2650183
1730,153.0,2008-07-13,31467.343577
1731,153.0,2008-07-14,23185.1900811
1732,153.0,2008-07-15,10380.3740522
1733,153.0,2008-07-16,10461.3470732
1734,153.0,2008-07-17,18851.1377705
1735,153.0,2008-07-18,215.4054831
1736,153.0,2008-07-19,118300.006301
1737,153.0,2008-07-20,4495.19844403
1738,153.0,2008-07-21,8054.67138322
1739,153.0,2008-07-22,53087.9285977
1740,153.0,2008-07-23,38468.2061937
1741,153.0,2008-07-24,39050.3498367
1742,153.0,2008-07-25,22272.1835996
1743,153.0,2008-07-28,7456.52664009
1744,153.0,2008-07-29,30358.0132246
1745,153.0,2008-08-01,63100.5623656
1746,153.0,2008-08-02,3211.12819396
1747,153.0,2008-08-04,10977.8107212
1748,153.0,2008-08-05,10202.6372497
1749,153.0,2008-08-07,45229.5340226
1750,153.0,2008-08-08,37417.032012
1751,153.0,2008-08-11,10381.3627594
1752,153.0,2008-08-12,8701.12243113
1753,153.0,2008-08-14,63418.7936183
1754,153.0,2008-08-15,51071.2059067
1755,153.0,2008-08-17,42386.8528688
1756,153.0,2008-08-18,2841.93281275
1757,153.0,2008-08-19,9924.31273366
1758,153.0,2008-08-20,92781.73718
1759,153.0,2008-08-21,11661.5988951
1760,153.0,2008-08-22,22849.3114072
1761,153.0,2008-08-23,248085.646316
1762,153.0,2008-08-24,31116.1014531
1763,153.0,2008-08-25,6314.7871131
1764,153.0,2008-08-26,68007.1145312
1765,153.0,2008-08-27,12523.7907571
1766,153.0,2008-08-28,6225.31225341
1767,153.0,2008-08-29,1087.38068035
1768,153.0,2008-08-31,42771.4383455
1769,153.0,2008-09-01,5833.27424094
1770,153.0,2008-09-02,52778.2781276
1771,153.0,2008-09-03,4891.1440024
1772,153.0,2008-09-20,4691.37580561
1773,153.0,2008-09-22,3158.08395818
1774,153.0,2008-09-25,814.952522684
1775,153.0,2008-09-26,340.938760461
1776,153.0,2008-09-27,19448.5683088
1777,153.0,2008-09-29,95698.2971647
1778,153.0,2008-09-30,29260.0837367
1779,153.0,2008-10-01,49455.0448552
1780,153.0,2008-10-02,35795.4849612
1781,153.0,2008-10-03,70131.530738
1782,153.0,2008-10-04,37707.1146479
1783,153.0,2008-10-05,8664.40955501
1784,153.0,2008-10-06,51430.1402288
1785,153.0,2008-10-11,9062.63667938
1786,153.0,2008-10-12,42403.4457534
1787,153.0,2008-10-18,42895.5111603
1788,153.0,2008-10-20,231.548484144
1789,153.0,2008-10-21,6993.20315363
1790,153.0,2008-10-24,11625.0541975
1791,153.0,2008-10-25,43060.3252077
1792,153.0,2008-10-28,2904.62821979
1793,153.0,2008-11-02,20392.6513467
1794,153.0,2008-11-03,7037.28413797
1795,153.0,2008-11-18,2432.67179699
1796,153.0,2008-11-20,1241.23091547
1797,153.0,2008-11-24,54747.0662032
1798,153.0,2008-11-25,2935.31257831
1799,153.0,2008-11-26,34929.8945766
1800,153.0,2008-11-27,4379.53251778
1801,153.0,2008-11-28,2804.04626235
1802,153.0,2008-11-29,38045.154032
1803,153.0,2008-12-04,438.677871044
1804,153.0,2008-12-06,22954.1472575
1805,153.0,2009-02-14,96839.0418677
1806,153.0,2009-02-15,8560.26958405
1807,153.0,2009-03-07,34623.1791921
1808,153.0,2009-03-08,13007.6271775
1809,153.0,2009-03-21,7330.12854993
1810,153.0,2009-03-22,12474.793136
1811,153.0,2009-03-28,22578.085632
1812,153.0,2009-04-04,38932.157608
1813,153.0,2009-04-05,70601.3477886
1814,153.0,2009-04-06,20523.0725657
1815,153.0,2009-05-23,5749.41132819
1816,153.0,2009-05-24,39998.3058608
1817,153.0,2009-05-28,38444.5853834
1818,153.0,2009-06-06,2045.65182075
1819,153.0,2009-06-07,36258.7853949
1820,153.0,2009-06-13,58608.4877974
1821,153.0,2009-06-14,38898.0467138
1822,153.0,2009-06-20,84628.7427277
1823,153.0,2009-06-21,27855.0544699
1824,153.0,2009-06-27,28126.9975738
1825,153.0,2009-06-28,19095.553747
1826,153.0,2009-07-07,14118.2086333
1827,153.0,2009-07-11,36579.0633134
1828,153.0,2009-07-12,58663.4713418
1829,153.0,2009-07-14,37676.8859391
1830,153.0,2009-07-27,82600.048847
1831,153.0,2009-07-29,97039.8265479
1832,153.0,2009-08-19,11371.6045326
1833,153.0,2009-08-20,40370.3084019
1834,153.0,2009-08-21,29852.8959977
1835,153.0,2009-08-22,24268.2224032
1836,153.0,2009-08-23,55526.6320673
1837,153.0,2009-08-27,51850.6046902
1838,153.0,2009-08-28,34249.0382236
1839,153.0,2009-08-29,49900.0651715
1840,153.0,2009-08-30,67251.5630602
1841,153.0,2009-09-02,38448.069253
1842,153.0,2009-09-05,67072.5278886
1843,153.0,2009-09-06,59554.1130691
1844,153.0,2009-09-07,36651.0311637
1845,153.0,2009-09-08,25754.0010612
1846,153.0,2009-09-09,19450.4000419
1847,153.0,2009-09-10,23710.8481237
1848,153.0,2009-09-11,44106.9857848
1849,153.0,2009-09-12,13969.284687
1850,153.0,2009-09-13,10249.7598866
1851,153.0,2009-09-14,5155.95559803
1852,153.0,2009-09-15,6768.93890608
1853,153.0,2010-06-16,2052.50641889
1854,153.0,2010-06-17,2745.76281457
1855,153.0,2010-06-18,1541.15504373
1856,153.0,2010-06-20,842.686363043
1857,153.0,2010-06-21,1110.97542508
1858,153.0,2010-06-22,2188.4718417
1859,153.0,2010-06-24,1363.64436844
1860,153.0,2010-06-29,90.5598778897
1861,153.0,2010-06-30,1310.59927008
1862,153.0,2010-07-01,4981.2743908
1863,153.0,2010-07-05,333.141163686
1864,153.0,2010-07-06,3758.92016458
1865,153.0,2010-07-07,4069.28141322
1866,153.0,2010-07-13,826.838640169
1867,153.0,2010-07-14,1090.97114827
1868,153.0,2010-11-14,1315.37513417
1869,153.0,2010-11-16,2012.42193778
1870,153.0,2010-11-23,2280.40210351
1871,153.0,2010-12-02,2102.33372964
1872,153.0,2010-12-03,1842.42560296
1873,153.0,2010-12-05,227.904697404
1874,153.0,2010-12-06,4105.83848046
1875,153.0,2010-12-07,1973.74818458
1876,153.0,2010-12-09,2189.97216527
1877,153.0,2010-12-15,2021.19161518
1878,153.0,2010-12-16,2168.36288271
1879,153.0,2010-12-20,4994.61293115
1880,153.0,2010-12-21,1946.13742996
1881,154.0,2007-05-01,5611.19069788
1882,154.0,2007-05-02,15341.0802477
1883,154.0,2007-05-03,1254.66248078
1884,154.0,2007-05-05,10765.8322714
1885,154.0,2007-05-07,15609.1931682
1886,154.0,2007-05-08,2059.46628831
1887,154.0,2007-05-09,4519.18408066
1888,154.0,2007-05-10,3050.70124082
1889,154.0,2007-05-11,2290.0397165
1890,154.0,2007-05-12,6929.41428108
1891,154.0,2007-05-13,1672.12870537
1892,154.0,2007-05-14,3338.1141926
1893,154.0,2007-05-15,4540.69375178
1894,154.0,2007-05-16,2103.31429617
1895,154.0,2007-05-17,983.714920071
1896,161.0,2007-04-13,3345.19607729
1897,161.0,2007-04-14,597.969614596
1898,161.0,2007-04-16,882.787509737
1899,161.0,2007-04-17,845.348647089
1900,161.0,2007-04-19,593.387057111
1901,161.0,2007-04-20,598.756884267
1902,161.0,2007-04-24,1779.00906618
1903,161.0,2007-04-25,2203.70297263
1904,161.0,2007-04-27,5141.67582535
1905,163.0,2007-05-20,88693.5937241
1906,163.0,2007-06-13,1468.21674364
1907,163.0,2007-06-14,1618.22475769
1908,163.0,2007-06-16,2525.89700645
1909,163.0,2007-06-17,416.19528307
1910,163.0,2007-06-19,4321.26691576
1911,163.0,2007-07-11,1549.6704305
1912,163.0,2007-07-13,3930.72649422
1913,163.0,2007-07-15,6632.27703967
1914,163.0,2007-10-19,6257.52893813
1915,163.0,2007-10-29,1953.65662054
1916,163.0,2007-11-23,3620.59458117
1917,163.0,2007-11-25,134.407738955
1918,163.0,2007-11-28,1621.03020479
1919,163.0,2007-12-01,6791.24600815
1920,163.0,2008-04-05,3567.82114362
1921,163.0,2008-04-07,2140.09920809
1922,163.0,2008-04-26,346.051905049
1923,163.0,2008-04-28,5224.15486368
1924,163.0,2008-04-29,93412.544749
1925,163.0,2008-04-30,9725.93979659
1926,163.0,2008-05-01,3332914.99852
1927,163.0,2008-05-02,17869.5710696
1928,163.0,2008-05-04,2519545.76992
1929,163.0,2008-05-05,2867115.20692
1930,163.0,2008-05-06,8610.98583234
1931,163.0,2008-05-07,3034428.46075
1932,163.0,2008-05-08,2074.79267336
1933,163.0,2008-05-09,30345.5440431
1934,163.0,2008-05-10,53674.1711836
1935,163.0,2008-05-11,33302.8219547
1936,163.0,2008-05-12,4843.68816689
1937,163.0,2008-05-15,30047.1042364
1938,163.0,2008-05-16,140163.009881
1939,163.0,2008-05-17,72331.5372198
1940,163.0,2008-05-18,26312.85737
1941,163.0,2008-06-07,2092.99622527
1942,163.0,2008-06-08,36488.8187572
1943,163.0,2008-06-13,602.238357235
1944,163.0,2008-06-14,3085.84422874
1945,163.0,2008-06-15,20629.2782777
1946,163.0,2008-06-19,34343.1700253
1947,163.0,2008-06-20,57474.1524599
1948,163.0,2008-06-22,21683.1919734
1949,163.0,2008-06-27,21054.5359366
1950,163.0,2008-06-28,51343.5644966
1951,163.0,2008-06-30,36764.088311
1952,163.0,2008-07-04,4519.7744832
1953,163.0,2008-07-05,32292.1432146
1954,163.0,2008-07-06,14568.6488123
1955,163.0,2008-07-07,4354.8469868
1956,163.0,2008-07-09,704.567833234
1957,163.0,2008-07-19,2453.28339828
1958,163.0,2008-07-20,5583.63678923
1959,163.0,2009-04-07,3811.66738337
1960,163.0,2009-04-08,14881.8420991
1961,163.0,2009-04-10,899.482758778
1962,163.0,2009-04-11,7122.99649059
1963,163.0,2009-04-12,46820.4105053
1964,163.0,2009-04-13,2829.58888299
1965,163.0,2009-07-29,4176.86398439
1966,163.0,2009-08-28,28952.6303235
1967,163.0,2009-08-29,41799.0761798
1968,163.0,2009-08-30,68902.9207134
1969,163.0,2009-12-24,74895.4475735
1970,167.0,2008-03-28,11642.0870106
1971,167.0,2008-04-22,17238.6668582
1972,167.0,2008-04-26,38174.5050784
1973,167.0,2008-04-27,35676.3541069
1974,167.0,2008-04-28,4526.19349373
1975,167.0,2008-04-29,3997.76857902
1976,167.0,2008-04-30,87.4802470262
1977,167.0,2008-05-01,614226.301255
1978,167.0,2008-05-02,515290.277072
1979,167.0,2008-05-03,296815.99815
1980,167.0,2008-05-04,43411.72123
1981,167.0,2008-05-05,20761.0458803
1982,167.0,2008-05-06,7355.13773257
1983,167.0,2008-05-08,70964.3906678
1984,167.0,2008-05-09,8069.05399227
1985,167.0,2008-05-10,4584.38195767
1986,167.0,2008-05-11,637.619000986
1987,167.0,2008-05-12,50641.5788095
1988,167.0,2008-05-13,4386.18591463
1989,167.0,2008-05-14,40.6788155072
1990,167.0,2008-05-15,437.375854933
1991,167.0,2008-05-16,5385.44588122
1992,167.0,2008-05-17,28179.449153
1993,167.0,2008-05-18,37252.6375944
1994,167.0,2008-05-19,474.351876068
1995,167.0,2008-05-20,57.0429266008
1996,167.0,2008-05-21,9914.89279201
1997,167.0,2008-05-22,28398.1316418
1998,167.0,2008-05-23,4558.43397744
1999,167.0,2008-05-28,116.318717021
2000,167.0,2008-05-30,132253.814729
2001,167.0,2008-05-31,43488.9128785
2002,167.0,2008-06-01,39384.6788944
2003,167.0,2008-06-02,881.954475394
2004,167.0,2008-06-03,55.2858020644
2005,167.0,2008-06-04,43.3570499947
2006,167.0,2008-06-05,737.357913647
2007,167.0,2008-06-06,29683.5008564
2008,167.0,2008-06-07,552922.1595
2009,167.0,2008-06-08,25516.8201854
2010,167.0,2008-06-09,574046.375677
2011,167.0,2008-06-12,3129.42582536
2012,167.0,2008-06-14,13746.1327694
2013,167.0,2008-06-15,3734.35807583
2014,167.0,2008-06-17,192.238392731
2015,167.0,2008-06-19,5260.74159843
2016,167.0,2008-06-20,60402.4093314
2017,167.0,2008-06-22,162.726062518
2018,167.0,2008-06-25,12502.2096974
2019,167.0,2008-06-27,17606.0161601
2020,167.0,2008-06-28,20500.3315901
2021,167.0,2008-06-29,21199.3125219
2022,167.0,2008-07-01,180.499394925
2023,167.0,2008-07-06,56904.3792827
2024,167.0,2008-07-15,91.6580119242
2025,167.0,2008-07-16,3840.48225114
2026,167.0,2008-07-17,4233.20891267
2027,167.0,2008-07-18,78.4824919776
2028,167.0,2008-07-19,23923.4952945
2029,167.0,2008-07-21,3316.45636152
2030,167.0,2008-07-25,33109.4100199
2031,167.0,2008-07-28,86.1946120791
2032,167.0,2008-07-29,37177.7795265
2033,167.0,2008-07-31,41443.6456182
2034,167.0,2008-08-02,59065.3715398
2035,167.0,2008-08-03,43872.6645082
2036,167.0,2008-08-05,914.723940216
2037,167.0,2008-08-06,1635.05104832
2038,167.0,2008-08-07,80428.1267974
2039,167.0,2008-08-08,240074.385315
2040,167.0,2008-08-09,178236.908474
2041,167.0,2008-08-10,1067790.51419
2042,167.0,2008-08-11,51.5539264198
2043,167.0,2008-08-12,38.4501648417
2044,167.0,2008-08-13,112.917689852
2045,167.0,2008-08-14,93.6654429847
2046,167.0,2008-08-15,29.2276604639
2047,167.0,2008-08-16,32106.8323575
2048,167.0,2008-08-19,1960.40416764
2049,167.0,2008-08-20,68705.5393579
2050,167.0,2008-08-22,2525.26230153
2051,167.0,2008-08-23,5473.86387529
2052,167.0,2008-08-25,45259.4419942
2053,167.0,2008-08-29,23892.6214489
2054,167.0,2008-08-31,57251.3231741
2055,167.0,2008-09-04,2360.03951178
2056,167.0,2008-09-09,63129.8672482
2057,167.0,2008-09-10,1909.21386317
2058,167.0,2008-09-12,104.835654155
2059,167.0,2008-09-13,1234.57929982
2060,167.0,2008-09-15,42964.9755868
2061,167.0,2008-09-16,3619.69371191
2062,167.0,2008-09-18,21884.4530175
2063,167.0,2008-09-19,5814.36191281
2064,167.0,2008-09-23,699.806649651
2065,167.0,2008-09-29,192361.238868
2066,167.0,2008-09-30,43806.2317452
2067,167.0,2008-10-01,4341.27593318
2068,167.0,2008-10-02,21273.8692753
2069,167.0,2008-10-11,80022.8934372
2070,167.0,2008-10-12,142615.447102
2071,167.0,2008-10-13,6331.90327665
2072,167.0,2008-10-15,124.919171713
2073,167.0,2008-10-20,843.579069804
2074,167.0,2008-11-22,103.585923263
2075,167.0,2008-11-24,38.3806299084
2076,167.0,2008-11-26,11702.143476
2077,167.0,2008-11-27,189.05457065
2078,167.0,2008-11-29,36718.8922945
2079,167.0,2008-12-01,85.0786469837
2080,167.0,2008-12-04,49.1121848593
2081,167.0,2008-12-08,15846.2681395
2082,167.0,2008-12-10,95.607817393
2083,167.0,2008-12-11,3481.01174076
2084,167.0,2008-12-13,90061.6627778
2085,170.0,2008-04-28,13472.4275123
2086,170.0,2008-04-29,25159.873923
2087,170.0,2008-05-12,24641.6530337
2088,170.0,2008-05-14,12192.7244219
2089,170.0,2008-05-21,23979.9848261
2090,174.0,2008-03-30,41231.9040623
2091,174.0,2008-04-02,7774.54864767
2092,179.0,2008-08-20,29282.7394987
2093,179.0,2008-08-21,98609.02355
2094,179.0,2008-08-22,95184.8638046
2095,179.0,2008-08-23,66506.4175422
2096,179.0,2008-08-24,70780.8074946
2097,179.0,2008-08-27,925.175925105
2098,179.0,2008-08-28,92959.3187529
2099,179.0,2008-08-30,30855.6152662
2100,179.0,2008-08-31,8359.01267538
2101,179.0,2008-09-04,67344.865873
2102,179.0,2008-09-05,55941.3158159
2103,179.0,2008-09-06,46110.7451692
2104,179.0,2008-09-07,11528.4508653
2105,179.0,2008-09-08,58726.8313587
2106,179.0,2008-09-09,25896.11696
2107,179.0,2008-09-10,14755.7550055
2108,179.0,2008-09-12,1328.0598879
2109,179.0,2008-09-13,48719.8174268
2110,179.0,2008-09-14,43876.9588367
2111,179.0,2008-09-15,23506.9094675
2112,179.0,2008-10-01,66226.2593179
2113,179.0,2008-10-02,58328.441533
2114,179.0,2008-10-03,33487.4775389
2115,179.0,2008-10-12,70793.8496938
2116,179.0,2008-10-14,71156.1127652
2117,179.0,2008-10-15,51741.0929897
2118,179.0,2008-10-19,91179.4960428
2119,179.0,2008-10-21,45922.2121133
2120,179.0,2008-10-26,60184.0631803
2121,179.0,2008-10-27,46950.6825666
2122,179.0,2008-11-01,28551.4818543
2123,179.0,2008-11-06,29433.144604
2124,179.0,2008-11-07,55458.7071947
2125,179.0,2008-11-09,18799.086662
2126,179.0,2008-11-15,62744.3131811
2127,179.0,2008-11-16,21892.3250769
2128,179.0,2008-11-17,65231.3680572
2129,179.0,2008-11-29,13644.813099
