,t_user_id,parsed_date,speed
0,10.0,2008-03-28,8.27193470569
1,10.0,2008-03-29,16.4651571986
2,10.0,2008-03-30,8.32196367872
3,10.0,2008-03-31,16.3677969227
4,10.0,2008-04-01,13.5140766833
5,10.0,2008-04-02,4.76747143356
6,10.0,2008-04-03,16.3849204275
7,10.0,2008-04-04,14.4895335227
8,10.0,2008-04-05,24.0453845974
9,10.0,2008-04-06,20.1961898549
10,10.0,2008-05-18,13.7416376854
11,10.0,2008-05-19,22.3939916593
12,10.0,2008-06-13,1.31068179406
13,10.0,2008-06-15,21.7112678318
14,10.0,2008-06-16,8.62295508925
15,10.0,2008-06-17,11.656895796
16,10.0,2008-06-18,10.3364368226
17,10.0,2008-06-19,12.2269674757
18,10.0,2008-06-20,10.7299948816
19,10.0,2008-06-28,5.49778488591
20,10.0,2008-08-01,13.4847170299
21,10.0,2008-09-15,8.15022424206
22,10.0,2008-09-16,12.245599995
23,10.0,2008-09-17,11.3812402598
24,10.0,2008-09-18,12.1744188153
25,10.0,2008-09-19,12.6055639631
26,10.0,2008-09-21,14.1259251501
27,10.0,2008-09-22,14.4072666457
28,10.0,2008-09-23,12.5996019748
29,10.0,2008-09-24,12.5461663345
30,10.0,2008-09-25,13.0994515017
31,10.0,2008-09-26,12.281761178
32,10.0,2008-09-27,12.0982060064
33,10.0,2008-09-28,12.8757366075
34,10.0,2008-09-29,10.7232866861
35,10.0,2008-09-30,inf
36,10.0,2008-10-01,12.6792486384
37,10.0,2008-10-02,inf
38,10.0,2008-10-03,13.5476999389
39,10.0,2008-10-05,17.2195090188
40,10.0,2008-10-06,11.982404637
41,10.0,2008-10-07,12.0970903621
42,10.0,2008-10-08,12.9501507323
43,10.0,2008-10-09,11.8597300759
44,10.0,2008-10-10,11.2822239487
45,10.0,2008-10-12,17.8752245723
46,10.0,2008-10-13,12.195402042
47,10.0,2008-10-14,7.66649632593
48,10.0,2008-10-15,14.5985508519
49,10.0,2008-10-16,11.5235298604
50,10.0,2008-10-17,11.5794791709
51,10.0,2008-10-18,4.22247566995
52,10.0,2008-10-19,18.9138326588
53,10.0,2008-10-20,7.57518575025
54,10.0,2008-10-21,11.3973593279
55,10.0,2008-10-31,inf
56,10.0,2008-11-01,22.1558503399
57,10.0,2008-11-04,7.72628304477
58,10.0,2008-11-06,16.6160337607
59,10.0,2008-11-07,9.67357726842
60,10.0,2008-11-08,5.74586956157
61,10.0,2008-12-01,7.75711600536
62,10.0,2008-12-06,14.8200729716
63,10.0,2008-12-07,13.5011387277
64,20.0,2011-08-27,4.09181243789
65,20.0,2011-08-28,3.00662351357
66,20.0,2011-08-29,2.37307657947
67,20.0,2011-08-30,3.86222879446
68,20.0,2011-08-31,3.77046592802
69,20.0,2011-09-01,3.80801269506
70,20.0,2011-09-02,2.76610264187
71,20.0,2011-09-03,1.72020677604
72,20.0,2011-09-04,3.38397031347
73,20.0,2011-09-05,3.84394230285
74,20.0,2011-09-06,2.59657908927
75,20.0,2011-09-07,1.79781390372
76,20.0,2011-09-09,2.70190941637
77,20.0,2011-09-10,inf
78,20.0,2011-09-11,inf
79,20.0,2011-09-12,2.1213523366
80,20.0,2011-09-13,2.05907348815
81,20.0,2011-09-14,3.09012786588
82,20.0,2011-09-15,2.93424354776
83,20.0,2011-09-16,3.56732781402
84,20.0,2011-09-17,3.94158488928
85,20.0,2011-10-22,2.5375587513
86,20.0,2011-10-26,3.40394062132
87,20.0,2011-11-02,3.13998985958
88,20.0,2011-11-06,0.78630857409
89,20.0,2011-11-17,5.64118173548
90,20.0,2011-11-18,2.33292021193
91,20.0,2011-12-01,2.4876362941
92,20.0,2011-12-27,2.22867563977
93,21.0,2007-04-29,7.73345347404
94,21.0,2007-04-30,3.73901191517
95,21.0,2007-05-01,6.06351390964
96,21.0,2007-05-02,6.80725910355
97,21.0,2007-05-03,0.963725435361
98,21.0,2007-05-04,1.12746014776
99,52.0,2008-05-20,5.77383383435
100,52.0,2008-05-21,2.96717504891
101,52.0,2008-05-22,4.05246628207
102,52.0,2008-05-23,5.47967293606
103,52.0,2008-05-25,2.41653287375
104,52.0,2008-05-26,7.60696826359
105,52.0,2008-05-27,2.9549309612
106,52.0,2008-05-28,3.15381861838
107,52.0,2008-05-29,4.6816523052
108,52.0,2008-05-30,4.12058297382
109,52.0,2008-05-31,3.77721931459
110,52.0,2008-06-01,4.57226011778
111,52.0,2008-06-02,2.58241991369
112,52.0,2008-06-03,5.67286974941
113,52.0,2008-06-04,4.91081067853
114,52.0,2008-06-05,5.70475466528
115,52.0,2008-06-06,3.67779712207
116,52.0,2008-06-07,2.40552178748
117,52.0,2008-06-09,3.42756711707
118,52.0,2008-06-10,3.39589504654
119,52.0,2008-06-12,5.9218689547
120,52.0,2008-06-13,2.98370778738
121,52.0,2008-06-14,4.59480949469
122,52.0,2008-06-15,4.81448524924
123,52.0,2008-06-16,3.12694420582
124,52.0,2008-06-17,6.87232492034
125,52.0,2008-06-20,2.45056250132
126,52.0,2008-06-21,4.31056468992
127,52.0,2008-06-25,3.45995943558
128,52.0,2008-06-26,6.18068374907
129,52.0,2008-06-27,8.28589940906
130,52.0,2008-06-28,2.09230093352
131,52.0,2008-06-29,6.23348281571
132,52.0,2008-07-01,3.02819397924
133,52.0,2008-07-02,2.70913511709
134,52.0,2008-07-03,4.60189669155
135,52.0,2008-07-06,2.74689987214
136,52.0,2008-07-07,4.50965770163
137,52.0,2008-07-08,2.1970144543
138,52.0,2008-07-09,4.23846065039
139,52.0,2008-07-10,2.92465538818
140,52.0,2008-07-11,2.92145488008
141,52.0,2008-07-15,2.43606091938
142,52.0,2008-07-16,2.49757975944
143,52.0,2008-07-17,3.88398625212
144,52.0,2008-07-18,3.77049863801
145,52.0,2008-07-19,5.30630731694
146,52.0,2008-07-20,2.29223622408
147,52.0,2008-07-21,4.24307151014
148,52.0,2008-07-22,2.4368732053
149,52.0,2008-07-23,1.47856676019
150,52.0,2008-07-24,3.5676460014
151,52.0,2008-07-25,3.21410397514
152,52.0,2008-07-26,2.15755778099
153,52.0,2008-07-27,2.87956362961
154,52.0,2008-07-29,2.55376060326
155,52.0,2008-07-30,2.43827062037
156,52.0,2008-07-31,9.78242220514
157,52.0,2008-08-18,3.63311633681
158,52.0,2008-08-22,3.17499841703
159,52.0,2008-09-02,2.49225233902
160,52.0,2008-10-01,5.2678620356
161,52.0,2008-10-02,7.82493470582
162,52.0,2008-10-03,3.15475276933
163,52.0,2008-10-05,3.16579876071
164,52.0,2008-10-06,4.46041176069
165,52.0,2008-10-07,2.09131436427
166,52.0,2008-10-08,2.39578719232
167,52.0,2008-10-10,4.52787830229
168,56.0,2007-10-19,3.08124897105
169,58.0,2007-05-09,9.24041136427
170,58.0,2007-05-13,4.60256735752
171,58.0,2007-05-19,9.85944723615
172,58.0,2007-05-21,9.70456840257
173,58.0,2007-05-23,1.40779537332
174,58.0,2007-05-24,1.69923593983
175,58.0,2007-05-26,4.02841245575
176,58.0,2007-06-01,4.40479787898
177,58.0,2007-06-03,9.36739301534
178,62.0,2008-06-18,1.38338328373
179,62.0,2008-06-19,2.89243387759
180,62.0,2008-06-20,3.52134946188
181,62.0,2008-06-21,3.08971243102
182,62.0,2008-06-23,4.93103582795
183,62.0,2008-06-24,5.27827968464
184,62.0,2008-06-25,5.58406933446
185,62.0,2008-06-28,3.90505664584
186,62.0,2008-06-29,4.88027700012
187,62.0,2008-07-01,4.23367985072
188,62.0,2008-07-03,5.84548583169
189,62.0,2008-07-06,1.47301759977
190,62.0,2008-07-07,7.43198121237
191,62.0,2008-07-08,4.67721682496
192,62.0,2008-07-09,5.9314248324
193,62.0,2008-07-10,4.90491596526
194,62.0,2008-07-11,7.13832501254
195,62.0,2008-07-13,6.10146085779
196,62.0,2008-07-14,6.38719428653
197,62.0,2008-07-15,8.23368038455
198,62.0,2008-07-16,6.15287299335
199,62.0,2008-07-17,1.24231842962
200,62.0,2008-07-19,4.87603289362
201,62.0,2008-07-20,6.76104590066
202,62.0,2008-07-21,5.18478675548
203,62.0,2008-07-22,5.35911583802
204,62.0,2008-07-23,5.44611768616
205,62.0,2008-07-24,6.01290278092
206,62.0,2008-07-26,4.22677568614
207,62.0,2008-07-27,5.70569149186
208,62.0,2008-07-28,5.25034312622
209,62.0,2008-07-29,7.5625791559
210,62.0,2008-07-30,5.82200084803
211,62.0,2008-07-31,6.53537661269
212,62.0,2008-08-01,5.27148111451
213,62.0,2008-08-02,3.84463807314
214,62.0,2008-08-03,6.9829545295
215,62.0,2008-08-04,4.33022559558
216,62.0,2008-08-05,7.62288184292
217,62.0,2008-08-06,5.5413690291
218,62.0,2008-08-07,2.51363881904
219,62.0,2008-08-08,7.50233898591
220,62.0,2008-08-09,3.13575039659
221,62.0,2008-08-10,5.38346590359
222,62.0,2008-08-11,4.62165778226
223,62.0,2008-08-12,inf
224,62.0,2008-08-13,5.34893666898
225,62.0,2008-08-14,4.31965968144
226,62.0,2008-08-15,4.33447711374
227,62.0,2008-08-16,5.20124366463
228,62.0,2008-08-17,4.61883407212
229,62.0,2008-08-18,6.35858194694
230,62.0,2008-08-19,3.25137145313
231,62.0,2008-08-20,4.66307685498
232,62.0,2008-08-21,4.53573892172
233,62.0,2008-08-22,5.31686281871
234,62.0,2008-08-23,3.6668185936
235,62.0,2008-08-24,3.49772395134
236,62.0,2008-08-25,4.05418430557
237,62.0,2008-08-26,5.93682940426
238,62.0,2008-08-27,7.47618604004
239,62.0,2008-08-28,2.78836071927
240,62.0,2008-08-29,8.92272580288
241,62.0,2008-08-30,3.54605859936
242,62.0,2008-08-31,13.9250132712
243,62.0,2008-09-01,3.20783183363
244,62.0,2008-09-02,inf
245,62.0,2008-09-03,5.15275751847
246,62.0,2008-09-04,4.57017870951
247,62.0,2008-09-05,2.64171624764
248,62.0,2008-09-06,3.66671107895
249,62.0,2008-09-07,7.10573232749
250,62.0,2008-09-08,5.33718098135
251,62.0,2008-09-10,4.30769099758
252,62.0,2008-09-11,5.0336293359
253,62.0,2008-09-12,2.41889607072
254,62.0,2008-09-13,5.21574036712
255,62.0,2008-09-14,7.34027071191
256,62.0,2008-09-15,7.90243887466
257,62.0,2008-09-16,5.85490841712
258,62.0,2008-09-17,3.08382286011
259,62.0,2008-09-18,4.1929413402
260,62.0,2008-09-19,6.59163516547
261,62.0,2008-09-20,1.56816886074
262,62.0,2008-09-21,5.9111108291
263,62.0,2008-09-23,4.25810707763
264,62.0,2008-09-24,1.82565399036
265,62.0,2008-09-25,2.48594140064
266,62.0,2008-09-26,23.2758985248
267,62.0,2008-09-27,15.7146187558
268,62.0,2008-09-28,3.41103927379
269,62.0,2008-10-01,3.18134434616
270,62.0,2008-10-03,14.7342040174
271,62.0,2008-10-04,11.6607782698
272,62.0,2008-10-05,5.76938050846
273,62.0,2008-10-15,3.42277022257
274,62.0,2008-10-16,3.54203687011
275,62.0,2008-10-17,3.46431562113
276,62.0,2008-10-18,3.99444908773
277,62.0,2008-10-19,2.44288637071
278,62.0,2008-10-20,4.46625394402
279,62.0,2008-10-21,4.22197951696
280,62.0,2008-10-29,1.38058587214
281,62.0,2008-10-30,1.6395180221
282,62.0,2008-10-31,4.41717183435
283,62.0,2008-11-01,2.61706172228
284,62.0,2008-11-02,3.88780380449
285,62.0,2008-11-03,1.77930292194
286,62.0,2008-11-04,1.70922885516
287,62.0,2008-11-05,5.43495438083
288,62.0,2008-11-06,3.11305392609
289,62.0,2008-11-07,9.34470447453
290,62.0,2008-11-08,1.79167806965
291,62.0,2008-11-09,2.69679169696
292,62.0,2008-11-10,4.82819547447
293,62.0,2008-11-11,4.27801389452
294,62.0,2008-11-12,2.09338937492
295,62.0,2008-11-13,5.3191016174
296,62.0,2008-11-14,5.60548593712
297,62.0,2008-11-15,4.50711694541
298,62.0,2008-11-16,6.4010226736
299,62.0,2008-11-17,4.62953152921
300,62.0,2008-12-03,2.71158889648
301,62.0,2008-12-04,4.89925722306
302,62.0,2008-12-05,3.57037989729
303,62.0,2008-12-06,1.58806882825
304,62.0,2008-12-07,3.67043944932
305,62.0,2008-12-08,1.70280196488
306,62.0,2008-12-09,4.49183872936
307,62.0,2008-12-11,3.54021833978
308,62.0,2008-12-12,3.59699293815
309,62.0,2008-12-13,3.0966331233
310,62.0,2008-12-14,1.44153086723
311,62.0,2008-12-15,6.22881683495
312,64.0,2008-08-15,2.62153051907
313,64.0,2008-08-16,3.41680517023
314,64.0,2008-08-17,6.83592436599
315,64.0,2008-08-18,4.33930883478
316,64.0,2008-08-20,4.89357103127
317,64.0,2008-08-21,7.45029900262
318,64.0,2008-08-23,1.31595014271
319,64.0,2008-08-24,8.24576153183
320,64.0,2008-08-25,3.068010741
321,64.0,2008-08-29,2.00994798725
322,65.0,2011-08-24,
323,65.0,2011-08-26,
324,65.0,2011-08-28,
325,65.0,2011-08-30,
326,65.0,2011-09-01,
327,65.0,2011-09-02,
328,65.0,2011-09-03,
329,65.0,2011-09-10,
330,65.0,2011-09-11,
331,65.0,2011-09-16,
332,65.0,2011-09-17,
333,65.0,2011-09-18,
334,65.0,2011-09-19,
335,65.0,2011-09-21,
336,65.0,2011-09-23,
337,65.0,2011-09-25,
338,65.0,2011-09-27,
339,65.0,2011-09-29,inf
340,65.0,2011-10-01,14.8394694839
341,65.0,2011-10-03,
342,65.0,2011-10-05,
343,65.0,2011-10-06,
344,65.0,2011-10-14,
345,65.0,2011-10-16,inf
346,65.0,2011-10-18,
347,65.0,2011-10-22,
348,65.0,2011-10-23,inf
349,65.0,2011-10-25,
350,67.0,2011-03-05,7.8493689081
351,67.0,2011-03-12,4.08741328488
352,67.0,2011-03-19,3.21492711756
353,67.0,2011-03-20,9.02534108596
354,67.0,2011-03-26,4.42545911442
355,67.0,2011-04-07,
356,67.0,2011-04-08,inf
357,67.0,2011-04-13,2.95460806898
358,67.0,2011-04-14,1.40818890666
359,67.0,2011-04-16,2.54492931892
360,67.0,2011-04-19,3.50232511416
361,67.0,2011-04-23,7.29346923358
362,67.0,2011-04-30,6.57320648213
363,67.0,2011-05-06,6.75840382912
364,67.0,2011-05-07,11.8736943026
365,68.0,2008-09-16,3.38260476132
366,68.0,2008-09-18,1.13288421334
367,68.0,2008-09-20,7.53800363011
368,68.0,2008-09-29,2.3533034342
369,68.0,2008-09-30,2.90863834069
370,68.0,2008-10-02,3.97202016075
371,68.0,2008-10-03,3.15765843846
372,68.0,2008-10-04,3.03878445763
373,68.0,2008-10-11,3.35427094769
374,68.0,2008-10-12,3.13601487245
375,68.0,2008-10-20,5.02097478209
376,68.0,2008-10-21,3.70305741232
377,68.0,2008-10-22,3.1342984191
378,68.0,2008-10-24,3.61029923529
379,68.0,2008-10-25,3.57537789592
380,68.0,2008-10-26,3.75905443001
381,68.0,2008-10-31,4.21271878276
382,68.0,2008-11-01,3.17516204612
383,68.0,2008-11-03,5.00602297518
384,68.0,2008-11-04,1.21924511999
385,68.0,2008-11-05,6.680822213
386,68.0,2008-11-08,5.54680274344
387,68.0,2008-11-13,5.65441316811
388,68.0,2008-11-14,8.61682929974
389,68.0,2008-11-15,7.03715991338
390,68.0,2008-11-16,3.71191526961
391,68.0,2008-11-26,1.10920065058
392,68.0,2008-11-30,3.45462992497
393,68.0,2008-12-13,3.34321358437
394,68.0,2008-12-14,5.74731457801
395,68.0,2009-01-02,1.48329934641
396,68.0,2009-01-15,19.7866020006
397,68.0,2009-01-16,17.3258705592
398,68.0,2009-02-17,2.95369332274
399,68.0,2009-02-18,4.30145480329
400,68.0,2009-02-19,3.52070642821
401,68.0,2009-02-20,6.59895811695
402,68.0,2009-02-21,4.40836494979
403,68.0,2009-02-22,4.02620459437
404,68.0,2009-02-23,1.2245118831
405,68.0,2009-03-01,1.35570829151
406,68.0,2009-03-13,2.96928902171
407,68.0,2009-03-14,2.26732292163
408,68.0,2009-03-22,2.74598717718
409,68.0,2009-03-23,2.86804308126
410,68.0,2009-03-27,3.78765594655
411,68.0,2009-03-28,6.27842713508
412,68.0,2009-04-02,13.5741201112
413,68.0,2009-04-03,2.63094263282
414,68.0,2009-04-05,5.62480048078
415,68.0,2009-04-11,2.7929274632
416,68.0,2009-04-12,2.73340582627
417,68.0,2009-04-18,5.81108909265
418,68.0,2009-04-22,3.43476622247
419,68.0,2009-04-25,3.74728991662
420,68.0,2009-05-01,1.64707600438
421,68.0,2009-05-02,2.49429886035
422,68.0,2009-05-03,2.16168029191
423,68.0,2009-05-16,3.42070799345
424,68.0,2009-05-17,4.53429557132
425,68.0,2009-05-19,3.1001293468
426,68.0,2009-05-21,3.59593172959
427,68.0,2009-05-22,3.62980978846
428,68.0,2009-05-24,3.43215981117
429,68.0,2009-05-25,3.34610643362
430,68.0,2009-05-26,3.90301268022
431,68.0,2009-05-27,4.70239026634
432,68.0,2009-05-28,3.21941831619
433,68.0,2009-05-29,3.26193916909
434,68.0,2009-05-30,3.36865591888
435,68.0,2009-05-31,2.61432690014
436,68.0,2009-06-05,3.67340367689
437,68.0,2009-06-07,3.28817590931
438,68.0,2009-06-13,2.94237184172
439,68.0,2009-06-14,3.74732755113
440,68.0,2009-06-19,2.52403860086
441,68.0,2009-06-21,4.79617838315
442,68.0,2009-06-22,2.68409649698
443,68.0,2009-06-27,2.24312993615
444,68.0,2009-06-28,3.06831507129
445,68.0,2009-07-05,3.5927320384
446,68.0,2009-07-06,2.83170748604
447,68.0,2009-07-07,4.28677035137
448,68.0,2009-07-09,7.4969285553
449,68.0,2009-07-11,4.09676277704
450,68.0,2009-07-12,3.25779563976
451,68.0,2009-07-14,5.1891773864
452,68.0,2009-07-15,5.33674273254
453,68.0,2009-07-16,3.98211207075
454,68.0,2009-07-17,3.01982674518
455,68.0,2009-07-20,7.98567883681
456,68.0,2009-07-21,0.710530107369
457,68.0,2009-07-22,9.48026763748
458,68.0,2009-07-24,2.87090068875
459,68.0,2009-07-25,6.73397317864
460,68.0,2009-07-26,6.45506032338
461,68.0,2009-07-27,4.6654504149
462,68.0,2009-07-28,3.78662940749
463,68.0,2009-07-29,20.4507642371
464,68.0,2009-07-30,1.63042534976
465,68.0,2009-07-31,1.29799269899
466,68.0,2009-08-01,22.7307757369
467,68.0,2009-08-02,4.06219035429
468,68.0,2009-08-03,3.93474771076
469,68.0,2009-08-04,2.46949179167
470,68.0,2009-08-05,7.41667412076
471,68.0,2009-08-06,9.2320314256
472,68.0,2009-08-07,2.92248614665
473,68.0,2009-08-08,2.47103833871
474,68.0,2009-08-09,5.97808087309
475,68.0,2009-08-10,6.35403767751
476,68.0,2009-08-11,10.0674496347
477,68.0,2009-08-13,8.11640854767
478,68.0,2009-08-14,5.96460546777
479,68.0,2009-08-15,5.15632072535
480,68.0,2009-08-17,5.89385936348
481,68.0,2009-08-18,4.22035439239
482,68.0,2009-08-19,2.3473693718
483,68.0,2009-08-20,4.8975772452
484,68.0,2009-08-21,2.17566024514
485,68.0,2009-08-24,1.2487145755
486,68.0,2009-08-25,5.07417139632
487,68.0,2009-08-29,
488,68.0,2009-08-30,4.67614146178
489,68.0,2009-08-31,4.16191399472
490,68.0,2009-09-05,5.11610193897
491,68.0,2009-09-06,5.87332630011
492,68.0,2009-09-08,3.8420979524
493,68.0,2009-09-11,3.73308825058
494,68.0,2009-09-12,5.80252585206
495,68.0,2009-09-13,5.39728352645
496,69.0,2008-06-27,3.49551035175
497,73.0,2008-05-19,2.8999633691
498,73.0,2008-05-21,1.56419533035
499,73.0,2008-05-22,2.38325413103
500,73.0,2008-05-29,2.19363935164
501,73.0,2008-05-30,9.41981315682
502,73.0,2008-06-03,2.78364430307
503,73.0,2008-06-05,1.74208382006
504,73.0,2008-06-19,2.27694636693
505,73.0,2008-06-21,2.17063407603
506,73.0,2008-06-24,2.13940356175
507,73.0,2008-06-25,2.40140596779
508,73.0,2008-06-29,1.28442811066
509,73.0,2008-07-02,2.67634793058
510,73.0,2008-07-05,3.21303807279
511,73.0,2008-07-07,1.79745981625
512,73.0,2008-07-08,2.0657733982
513,73.0,2008-07-10,2.44490596412
514,73.0,2008-07-11,1.42471557616
515,73.0,2008-07-13,1.29409819964
516,73.0,2008-07-15,1.79795138159
517,73.0,2008-07-16,1.6994491988
518,73.0,2008-07-17,2.24144131534
519,73.0,2008-07-18,2.01498076204
520,73.0,2008-07-20,2.02249989959
521,73.0,2008-07-22,1.88561705533
522,73.0,2008-07-24,1.60450675184
523,73.0,2008-07-25,1.61737007132
524,73.0,2008-07-29,1.93243092538
525,73.0,2008-07-30,1.9192030588
526,73.0,2008-07-31,3.87140353798
527,73.0,2008-08-01,2.41889116625
528,73.0,2008-08-03,13.7314943913
529,73.0,2008-08-04,2.81872355623
530,75.0,2011-08-03,
531,75.0,2011-08-24,inf
532,75.0,2011-08-27,5.63751064915
533,75.0,2011-08-28,5.33238012679
534,75.0,2011-08-29,0.885671424749
535,75.0,2011-08-30,5.22335528843
536,76.0,2007-04-17,8.31361936555
537,76.0,2007-04-19,5.75919749593
538,76.0,2007-04-20,3.10249800618
539,78.0,2008-05-11,1.41082655868
540,78.0,2008-05-17,1.50858799574
541,78.0,2008-05-19,4.86687848852
542,78.0,2008-05-20,2.3739882434
543,78.0,2008-05-21,1.6971641464
544,78.0,2008-05-22,1.73299720114
545,78.0,2008-05-23,3.48882765877
546,78.0,2008-05-24,2.91663040668
547,78.0,2008-05-28,2.28907173505
548,78.0,2008-05-29,1.88670120036
549,78.0,2008-05-30,2.89281811519
550,78.0,2008-05-31,2.71980205978
551,78.0,2008-06-01,1.76127203071
552,78.0,2008-06-03,1.74928715667
553,78.0,2008-06-04,1.49900021037
554,78.0,2008-07-21,1.63158132228
555,78.0,2008-07-22,1.49206521666
556,78.0,2008-07-25,23.6313805358
557,78.0,2008-07-27,18.6847253816
558,78.0,2008-07-28,1.43973796044
559,78.0,2008-07-29,1.5407724837
560,78.0,2008-08-03,1.59483829248
561,78.0,2008-08-04,1.79006708579
562,78.0,2008-08-05,1.49037107249
563,78.0,2008-08-06,1.50124057502
564,78.0,2008-08-07,1.40445050943
565,78.0,2008-08-08,1.03084070739
566,78.0,2008-08-09,1.83719854809
567,78.0,2008-08-14,1.42813787947
568,78.0,2008-08-15,1.47661761524
569,78.0,2008-08-16,3.83162577156
570,78.0,2008-08-17,1.50165735727
571,78.0,2008-08-18,1.43393536903
572,78.0,2008-08-19,1.74984642379
573,78.0,2008-08-20,1.41149257483
574,78.0,2008-08-21,3.5089590751
575,78.0,2008-08-22,1.32027746947
576,78.0,2008-08-24,4.07519945999
577,78.0,2008-08-25,2.07445930823
578,78.0,2008-08-26,1.55793730346
579,78.0,2008-08-27,1.99563414721
580,78.0,2008-08-29,1.71306496046
581,80.0,2007-06-27,2.9168927246
582,80.0,2007-06-29,5.59772321474
583,80.0,2007-07-06,1.52648559987
584,81.0,2008-05-10,1.2822534731
585,81.0,2008-05-11,5.01523671489
586,81.0,2008-05-23,5.01502431119
587,81.0,2008-05-24,4.10008827922
588,81.0,2008-05-30,7.1561375492
589,81.0,2008-05-31,6.40573556886
590,81.0,2008-06-05,5.07602141888
591,81.0,2008-06-07,3.06750852743
592,81.0,2008-06-20,3.27535751799
593,81.0,2008-06-21,7.71138057228
594,81.0,2008-06-22,8.05367222776
595,81.0,2008-07-22,1.87907643834
596,81.0,2008-07-23,1.11849150505
597,81.0,2008-07-24,2.19322504567
598,81.0,2008-07-25,2.56069966644
599,81.0,2008-07-26,4.9223921487
600,81.0,2008-07-27,0.897740209448
601,81.0,2008-07-30,2.64347521931
602,82.0,2008-07-30,1.62907788716
603,82.0,2008-07-31,8.17784015417
604,82.0,2008-08-01,5.59715185523
605,82.0,2008-08-03,1.25587833169
606,82.0,2008-08-17,23.3784558184
607,82.0,2009-03-07,1.71208830815
608,82.0,2009-03-10,7.10800638366
609,82.0,2009-03-11,2.90635910532
610,82.0,2009-03-12,6.98910596028
611,82.0,2009-03-16,7.27141914663
612,82.0,2009-03-18,8.87619920037
613,82.0,2009-03-19,9.17924015461
614,82.0,2009-03-20,8.65005348586
615,82.0,2009-03-22,8.98057142795
616,82.0,2009-03-23,8.79830067186
617,82.0,2009-03-24,8.49260747521
618,82.0,2009-03-25,9.07122020765
619,82.0,2009-03-27,9.0540761582
620,82.0,2009-03-28,9.08043307064
621,82.0,2009-03-30,9.03071680996
622,82.0,2009-03-31,8.96732152432
623,82.0,2009-04-01,10.3568257987
624,82.0,2009-04-02,8.85306716408
625,82.0,2009-04-03,8.95879496462
626,82.0,2009-04-04,9.59148610959
627,82.0,2009-04-08,8.99567453431
628,82.0,2009-04-09,9.005889071
629,82.0,2009-04-11,9.00063604145
630,82.0,2009-04-13,8.68776115956
631,82.0,2009-04-14,inf
632,82.0,2009-04-16,9.35580222965
633,82.0,2009-04-17,9.36449974357
634,82.0,2009-04-18,7.70878958581
635,82.0,2009-04-19,9.02948731037
636,84.0,2008-07-22,3.66177755852
637,84.0,2008-08-21,5.33345741484
638,84.0,2008-08-22,4.68670033573
639,84.0,2008-08-24,5.45943635875
640,84.0,2008-08-25,3.05610909807
641,84.0,2008-08-26,6.97374764841
642,84.0,2008-08-28,12.71083933
643,84.0,2008-08-31,7.46424710561
644,84.0,2008-09-01,11.2344396258
645,84.0,2008-09-08,3.08248064354
646,84.0,2008-09-09,1.47118754472
647,84.0,2008-09-10,5.0954203618
648,84.0,2008-09-11,2.81892784714
649,84.0,2008-09-12,3.50109718287
650,84.0,2008-09-13,3.96255529911
651,84.0,2008-09-14,6.70674269402
652,84.0,2008-09-15,3.67320798306
653,84.0,2008-09-16,2.77293687169
654,84.0,2008-09-17,3.93762707326
655,84.0,2008-09-18,3.1737385852
656,84.0,2008-09-19,4.63108061692
657,84.0,2008-09-20,3.36108791403
658,84.0,2008-09-21,4.92386443991
659,84.0,2008-09-22,2.61879019669
660,84.0,2008-09-23,3.63812328774
661,84.0,2008-09-24,3.01717539191
662,84.0,2008-09-25,3.06662526435
663,84.0,2008-09-26,2.63685475739
664,84.0,2008-09-27,3.756763532
665,84.0,2008-09-28,3.17408826081
666,84.0,2008-09-30,4.31275162562
667,84.0,2008-10-06,3.54104902507
668,84.0,2008-10-07,2.50782091713
669,84.0,2008-10-08,3.88200587516
670,84.0,2008-10-09,2.66098361364
671,84.0,2008-10-10,2.55013994949
672,84.0,2008-10-11,3.77313904651
673,84.0,2008-10-12,6.84047950972
674,84.0,2008-10-13,3.90211957365
675,84.0,2008-10-14,2.33869205161
676,84.0,2008-10-15,3.30397666928
677,84.0,2008-10-16,3.67509665179
678,84.0,2008-10-17,3.90919838321
679,84.0,2008-10-18,5.71093355562
680,84.0,2008-10-19,1.87186537381
681,84.0,2008-10-20,1.50215888523
682,84.0,2008-10-21,2.71453841217
683,84.0,2008-10-22,3.76285235291
684,84.0,2008-10-23,4.23641651427
685,84.0,2008-10-24,2.41855543149
686,84.0,2008-10-25,5.8019243913
687,84.0,2008-10-26,1.5309486855
688,84.0,2008-10-27,2.55062431998
689,84.0,2008-10-28,4.83530621565
690,84.0,2008-10-29,2.89239209133
691,84.0,2008-10-30,4.07412590514
692,84.0,2008-10-31,2.4426456319
693,84.0,2008-11-01,2.94626677678
694,84.0,2008-11-02,7.07455134724
695,84.0,2008-11-03,2.63197581593
696,84.0,2008-11-04,2.47358267787
697,84.0,2008-11-05,3.14929232822
698,84.0,2008-11-06,7.65008306685
699,84.0,2008-11-08,2.59364325533
700,84.0,2008-11-26,6.45947608557
701,84.0,2008-11-27,4.95767312227
702,84.0,2008-11-28,6.29229388917
703,84.0,2008-11-29,4.55882280286
704,84.0,2008-11-30,4.82650052058
705,84.0,2008-12-01,9.50619567277
706,84.0,2008-12-02,4.11151346488
707,84.0,2008-12-03,2.32613229253
708,84.0,2008-12-04,3.64943325128
709,84.0,2008-12-05,1.69687637762
710,84.0,2008-12-06,5.51019636664
711,84.0,2008-12-07,4.56804034187
712,84.0,2008-12-08,4.46565392466
713,84.0,2008-12-09,3.95197415394
714,84.0,2008-12-10,5.58990027267
715,85.0,2008-05-01,2.55646441056
716,85.0,2008-05-02,5.0269821155
717,85.0,2008-05-15,3.77301369093
718,85.0,2008-05-16,2.5175066782
719,85.0,2008-05-17,6.02838281005
720,85.0,2008-05-18,3.75484767101
721,85.0,2008-05-19,3.84979952473
722,85.0,2008-05-20,4.13763465195
723,85.0,2008-05-21,3.29744432546
724,85.0,2008-05-22,3.40522782977
725,85.0,2008-05-23,3.02263775988
726,85.0,2008-05-24,6.15095732132
727,85.0,2008-05-25,3.1502751133
728,85.0,2008-05-26,3.8280384474
729,85.0,2008-05-27,4.18870286615
730,85.0,2008-05-28,3.41779862354
731,85.0,2008-05-29,4.00846035785
732,85.0,2008-07-22,3.65083740524
733,85.0,2008-07-23,2.5629998989
734,85.0,2008-07-24,3.94561056344
735,85.0,2008-07-25,4.76606576204
736,85.0,2008-07-26,3.34333416387
737,85.0,2008-07-27,4.14149312865
738,85.0,2008-07-31,4.43347557737
739,85.0,2008-08-01,2.89237998038
740,85.0,2008-08-03,3.66948990205
741,85.0,2008-10-09,1.27429133464
742,85.0,2008-10-10,2.6934330811
743,85.0,2008-10-11,1.72983556142
744,85.0,2008-10-12,1.83067039787
745,85.0,2008-10-14,3.32107740006
746,85.0,2008-10-15,3.70820539135
747,85.0,2008-10-16,3.17286771883
748,85.0,2008-10-17,3.32275294979
749,85.0,2008-10-18,4.93996433964
750,85.0,2008-10-19,2.80901044741
751,85.0,2008-10-20,3.2238179004
752,85.0,2008-10-21,2.88438094016
753,85.0,2008-10-22,3.24921544662
754,85.0,2008-10-23,3.56560180771
755,85.0,2008-10-24,3.36401780615
756,85.0,2008-10-25,4.63729427495
757,85.0,2008-10-26,3.16085010865
758,85.0,2008-10-27,1.54295150427
759,85.0,2008-10-28,3.00431981654
760,85.0,2008-10-29,2.91629962577
761,85.0,2008-10-30,2.90069769789
762,85.0,2008-10-31,3.13309469887
763,85.0,2008-11-01,1.82118333739
764,85.0,2008-11-02,3.82791686903
765,85.0,2008-11-03,1.55052416141
766,85.0,2008-11-04,3.80677986023
767,85.0,2008-11-05,2.99824878988
768,85.0,2008-11-06,3.51214358752
769,85.0,2008-11-07,3.30918859131
770,85.0,2008-11-08,3.1228377944
771,85.0,2008-11-09,1.32723363273
772,85.0,2008-11-10,2.16433730589
773,85.0,2008-11-11,3.88810647663
774,85.0,2008-11-12,3.40622454788
775,85.0,2008-11-13,3.78515641357
776,85.0,2008-11-14,2.80045503332
777,85.0,2008-11-15,3.57914866776
778,85.0,2008-11-16,2.27019070285
779,85.0,2008-11-17,2.25890060902
780,85.0,2008-11-18,4.02657363346
781,85.0,2008-11-25,1.76583437409
782,85.0,2008-11-26,3.53196094634
783,85.0,2008-11-27,2.84196704332
784,85.0,2008-11-28,2.99471434133
785,85.0,2008-11-29,2.83024866802
786,85.0,2008-11-30,5.28641232993
787,85.0,2008-12-01,0.681592026866
788,85.0,2008-12-02,5.67200164017
789,85.0,2008-12-03,3.50792540612
790,85.0,2008-12-04,4.30280919845
791,85.0,2008-12-05,2.69648548567
792,85.0,2008-12-06,2.21168341143
793,85.0,2008-12-07,1.43036552766
794,85.0,2008-12-08,3.51150548853
795,85.0,2008-12-09,4.60851055366
796,85.0,2008-12-10,3.69081926244
797,85.0,2008-12-11,4.25968231695
798,85.0,2008-12-12,4.19691267417
799,85.0,2008-12-14,7.43155888348
800,85.0,2008-12-15,3.61230128797
801,85.0,2008-12-16,3.79364675219
802,85.0,2008-12-17,2.80146198698
803,85.0,2008-12-18,3.19830913008
804,85.0,2008-12-19,3.0548442677
805,85.0,2008-12-21,2.86847491351
806,85.0,2008-12-22,3.53470374801
807,85.0,2008-12-23,3.85691198552
808,85.0,2008-12-24,4.10744263169
809,85.0,2008-12-25,3.35552311889
810,85.0,2008-12-26,3.46515047678
811,85.0,2008-12-27,1.73968536205
812,85.0,2008-12-28,3.93533697924
813,85.0,2008-12-29,3.59820516906
814,85.0,2008-12-30,3.63488167466
815,85.0,2008-12-31,3.40220119895
816,85.0,2009-01-01,1.89943750055
817,85.0,2009-01-02,6.72707322152
818,85.0,2009-01-04,2.95496478023
819,85.0,2009-01-05,3.24527019489
820,85.0,2009-01-06,4.41718224899
821,85.0,2009-01-07,3.55340547094
822,85.0,2009-01-08,5.13420355287
823,85.0,2009-01-09,3.13966199964
824,85.0,2009-01-10,1.42923569898
825,85.0,2009-03-13,0.607972991501
826,85.0,2009-03-14,3.37878486515
827,85.0,2009-03-16,3.38548543652
828,85.0,2009-03-17,2.53564939898
829,85.0,2009-03-18,4.67159135037
830,85.0,2009-03-20,1.55516701316
831,85.0,2009-03-21,5.61859677315
832,85.0,2009-03-22,3.63237116517
833,85.0,2009-03-23,3.86230705817
834,85.0,2009-03-24,2.84602898431
835,85.0,2009-03-26,3.33703648072
836,85.0,2009-03-27,3.24992653041
837,85.0,2009-03-29,7.28693286801
838,85.0,2009-03-31,3.82928719379
839,85.0,2009-04-01,3.64635961418
840,85.0,2009-04-02,3.40189193872
841,85.0,2009-04-03,3.46130136289
842,85.0,2009-04-04,3.81862590604
843,85.0,2009-04-05,1.34696289595
844,85.0,2009-04-06,3.62865901719
845,85.0,2009-04-07,4.36595001574
846,85.0,2009-04-08,2.86109356376
847,85.0,2009-04-09,3.36489701259
848,85.0,2009-04-10,5.33739578365
849,85.0,2009-04-11,1.36965927272
850,85.0,2009-04-12,3.44662371881
851,85.0,2009-04-13,3.42957685072
852,85.0,2009-04-14,3.78723107897
853,85.0,2009-04-15,3.75888799668
854,85.0,2009-04-16,3.29061167579
855,85.0,2009-04-18,6.2543721723
856,85.0,2009-04-19,5.11258932105
857,85.0,2009-04-20,5.21470478082
858,85.0,2009-04-21,4.50868875418
859,85.0,2009-04-22,2.92950232841
860,85.0,2009-04-24,2.93018847068
861,85.0,2009-04-25,5.67872118061
862,85.0,2009-04-26,4.38741051462
863,85.0,2009-04-27,3.25006241412
864,85.0,2009-04-28,3.60687964558
865,85.0,2009-04-29,2.43990244802
866,85.0,2009-05-02,3.08800151763
867,85.0,2009-05-03,13.595793892
868,85.0,2009-05-04,3.25198064671
869,85.0,2009-05-06,2.6758180347
870,85.0,2009-05-07,2.30117639223
871,85.0,2009-05-08,3.13784224053
872,85.0,2009-05-09,7.91246663402
873,85.0,2009-05-10,4.48870540016
874,85.0,2009-05-12,2.12497346715
875,85.0,2009-05-14,14.5564829951
876,85.0,2009-05-15,14.6509300255
877,85.0,2009-05-16,7.2379987032
878,85.0,2009-05-17,7.95189779295
879,85.0,2009-05-19,14.9239331073
880,85.0,2009-05-20,7.55223216538
881,85.0,2009-05-21,7.7575226044
882,85.0,2009-05-22,8.07297093294
883,85.0,2009-05-23,6.85568611429
884,85.0,2009-05-24,7.58249289439
885,85.0,2009-06-11,7.35431890859
886,85.0,2009-06-13,6.62007658463
887,85.0,2009-06-14,8.87901193813
888,85.0,2009-06-15,6.51052694254
889,85.0,2009-06-17,8.24204741435
890,85.0,2009-06-18,2.22128825124
891,85.0,2009-06-19,7.18253229296
892,85.0,2009-06-20,7.44446458064
893,85.0,2009-06-22,7.65506782907
894,85.0,2009-06-23,6.90934093761
895,85.0,2009-06-24,6.2132147767
896,85.0,2009-06-25,1.47900999283
897,85.0,2009-06-26,7.86240868147
898,85.0,2009-06-27,7.47004215696
899,85.0,2009-06-28,10.4052645937
900,85.0,2009-06-29,6.74691813803
901,85.0,2009-07-01,7.38338727035
902,85.0,2009-07-02,1.80296432873
903,85.0,2009-07-03,8.88588339926
904,85.0,2009-07-04,11.2746622922
905,85.0,2009-07-05,4.99776561911
906,85.0,2009-07-06,2.6320495277
907,85.0,2009-07-07,2.99006082042
908,85.0,2009-07-08,7.83364558594
909,85.0,2009-07-28,3.19318364307
910,85.0,2009-07-29,3.19864108543
911,85.0,2009-07-31,7.56365900043
912,85.0,2009-08-03,1.42066302643
913,85.0,2009-08-06,7.87075935024
914,85.0,2009-08-08,6.0096970682
915,85.0,2009-08-10,7.00717460541
916,85.0,2009-08-11,7.25644971474
917,85.0,2009-08-12,8.03271787064
918,85.0,2009-08-13,7.49120587701
919,85.0,2009-08-15,6.82592316026
920,85.0,2009-08-19,10.7499023551
921,85.0,2009-08-20,10.6044074383
922,85.0,2009-08-21,8.92653482769
923,85.0,2009-08-23,5.66595090015
924,85.0,2009-08-24,7.81188963999
925,85.0,2009-08-25,14.1970184739
926,85.0,2009-08-26,8.47957155978
927,85.0,2009-08-27,9.83028150207
928,85.0,2009-08-28,8.31183488755
929,85.0,2009-08-31,8.5435912536
930,85.0,2009-09-01,7.33872546715
931,85.0,2009-09-02,9.65662226397
932,85.0,2009-09-03,5.51181092197
933,85.0,2009-09-04,inf
934,85.0,2009-09-07,10.7904330316
935,85.0,2009-09-08,9.01442836233
936,85.0,2009-09-09,8.79105943095
937,85.0,2009-09-10,8.82521657369
938,85.0,2009-09-11,8.20960898904
939,85.0,2009-09-12,9.80466689519
940,85.0,2009-09-13,9.50676086161
941,85.0,2009-09-14,9.04635515893
942,85.0,2009-09-15,9.00743277106
943,85.0,2009-09-16,7.37394036733
944,85.0,2009-09-17,8.79469967624
945,85.0,2009-09-18,8.67034455204
946,85.0,2009-09-20,10.4917521595
947,85.0,2009-09-21,8.70363129571
948,85.0,2009-09-22,10.8231573675
949,85.0,2009-09-23,7.57048496826
950,85.0,2009-09-24,9.18788080652
951,85.0,2009-09-25,8.46459909644
952,85.0,2009-09-27,9.44720750223
953,85.0,2009-09-28,8.65935784845
954,86.0,2007-04-30,6.42586075865
955,86.0,2007-05-04,2.43361533496
956,86.0,2007-05-05,7.56131864516
957,86.0,2007-05-06,4.74783839071
958,86.0,2007-05-07,5.05328899458
959,87.0,2007-08-15,1.46148751069
960,87.0,2007-08-16,1.38373963678
961,89.0,2008-04-28,11.6718893383
962,89.0,2008-04-30,10.1110096206
963,89.0,2008-05-01,5.08998024454
964,89.0,2008-05-02,4.32051427673
965,89.0,2008-05-03,9.18515953471
966,89.0,2008-05-05,10.0434157434
967,89.0,2008-05-06,9.018524804
968,89.0,2008-05-07,5.5107376099
969,89.0,2008-05-08,6.5951793059
970,89.0,2008-05-09,5.18736569607
971,89.0,2008-05-10,4.68756737339
972,89.0,2008-05-11,6.69120326313
973,89.0,2008-05-17,8.56584066228
974,89.0,2008-05-18,1.44936748992
975,89.0,2008-08-01,21.0131651332
976,91.0,2007-11-26,3.79273901425
977,92.0,2008-03-22,5.5079161175
978,92.0,2008-03-24,5.9792483805
979,92.0,2008-05-17,5.02946979776
980,96.0,2008-07-10,1.56737428708
981,96.0,2008-07-12,8.41644589534
982,96.0,2008-07-18,1.05527834347
983,96.0,2008-07-19,7.0972079033
984,96.0,2008-07-20,0.795563775834
985,96.0,2008-07-21,1.2972375407
986,96.0,2008-07-22,0.71531229757
987,96.0,2008-07-23,1.32645063619
988,96.0,2008-07-25,1.05168534311
989,96.0,2008-07-28,0.604083563621
990,96.0,2008-07-30,0.911886101823
991,96.0,2008-07-31,2.42080877844
992,96.0,2008-08-05,2.05874819054
993,96.0,2008-08-06,0.679884231198
994,96.0,2008-08-11,0.723793486636
995,96.0,2008-08-13,4.21537920491
996,96.0,2008-08-14,1.73443580175
997,96.0,2008-08-15,0.988103975432
998,96.0,2008-08-22,0.77419350203
999,96.0,2008-12-10,0.418983521987
1000,97.0,2007-06-14,1.60258014586
1001,97.0,2007-06-15,2.05738027456
1002,97.0,2007-06-24,1.75294530784
1003,98.0,2007-05-29,4.76203751645
1004,98.0,2007-05-31,5.34719496282
1005,98.0,2007-06-02,1.05793279747
1006,98.0,2007-06-04,1.06564349598
1007,101.0,2008-03-30,12.7792822116
1008,101.0,2008-06-29,5.38363504093
1009,102.0,2011-10-19,2.9514420306
1010,102.0,2011-10-21,4.47385857399
1011,102.0,2011-10-23,1.51019320144
1012,102.0,2011-11-03,1.51479222009
1013,102.0,2011-11-05,2.72224942749
1014,102.0,2011-11-08,4.21765222986
1015,102.0,2011-11-09,2.09059740811
1016,102.0,2011-11-12,1.65988953858
1017,102.0,2011-11-14,2.96205525938
1018,102.0,2011-11-15,2.27399841436
1019,102.0,2011-12-07,1.84000459279
1020,102.0,2011-12-19,2.39380084578
1021,102.0,2011-12-26,2.6816899702
1022,102.0,2011-12-27,3.40928999664
1023,102.0,2011-12-30,2.51379078307
1024,102.0,2011-12-31,5.11702366884
1025,104.0,2008-01-01,12.5801378546
1026,104.0,2008-03-28,7.0834580729
1027,105.0,2007-10-02,4.30227927926
1028,105.0,2007-10-03,2.60384444297
1029,105.0,2007-10-05,2.83819866212
1030,105.0,2007-10-07,9.31277165555
1031,105.0,2007-10-09,2.61320752323
1032,105.0,2007-10-10,2.54553235962
1033,106.0,2007-10-08,6.38164961164
1034,106.0,2007-10-09,14.954077717
1035,106.0,2007-10-10,8.01432481013
1036,108.0,2007-10-04,13.7277926998
1037,110.0,2008-01-18,12.1576709914
1038,111.0,2007-04-19,3.97093233547
1039,111.0,2007-04-21,1.02929452009
1040,111.0,2007-06-16,11.7516256873
1041,111.0,2007-06-17,10.6558042707
1042,111.0,2007-09-07,14.1555059235
1043,112.0,2008-02-25,1.46453692981
1044,112.0,2008-05-10,1.16786227313
1045,112.0,2008-05-16,1.39705240586
1046,112.0,2008-05-17,1.92556006334
1047,112.0,2008-05-18,3.85365999627
1048,112.0,2008-05-19,2.14046800143
1049,112.0,2008-05-21,1.74946920962
1050,112.0,2008-05-22,3.73271540575
1051,112.0,2008-05-23,3.51667470152
1052,112.0,2008-05-24,3.45965410741
1053,112.0,2008-05-25,1.81823078795
1054,112.0,2008-05-26,1.91754600205
1055,112.0,2008-05-27,1.40873634685
1056,112.0,2008-05-28,2.98295549431
1057,112.0,2008-05-29,1.49445885198
1058,112.0,2008-05-30,6.95124072688
1059,112.0,2008-05-31,1.84946217363
1060,112.0,2008-06-01,1.74587558685
1061,112.0,2008-06-02,1.80080483827
1062,112.0,2008-06-03,2.30146800828
1063,112.0,2008-06-04,1.67514546899
1064,112.0,2008-06-05,1.62845190962
1065,112.0,2008-06-06,2.24239646615
1066,112.0,2008-06-07,1.6280230102
1067,112.0,2008-06-08,4.92596356393
1068,112.0,2008-06-09,1.71551967219
1069,112.0,2008-06-10,2.26085503115
1070,112.0,2008-06-11,1.67135134437
1071,112.0,2008-06-12,2.07114445603
1072,112.0,2008-06-13,2.07104241976
1073,112.0,2008-06-14,3.27636146232
1074,112.0,2008-06-15,3.95753305388
1075,112.0,2008-06-16,2.01515137911
1076,112.0,2008-06-17,1.63416102115
1077,112.0,2008-06-18,1.66201307666
1078,112.0,2008-06-19,7.22433992114
1079,112.0,2008-06-20,11.2894871599
1080,112.0,2008-06-21,1.64513192923
1081,112.0,2008-06-22,6.74508583944
1082,112.0,2008-06-25,2.4822194149
1083,112.0,2008-06-26,2.20714447897
1084,112.0,2008-06-27,3.30995376318
1085,112.0,2008-06-28,8.95050527379
1086,112.0,2008-06-29,3.65188831959
1087,112.0,2008-06-30,1.96925646309
1088,112.0,2008-07-01,7.07067945948
1089,112.0,2008-07-02,1.74642401384
1090,112.0,2008-07-03,1.75692769861
1091,112.0,2008-07-04,2.01614057969
1092,112.0,2008-07-05,2.87469551242
1093,112.0,2008-07-06,3.47511732679
1094,112.0,2008-07-07,1.7332327464
1095,112.0,2008-07-08,1.88047994507
1096,112.0,2008-07-09,
1097,112.0,2008-07-10,2.44460136315
1098,112.0,2008-07-11,2.0249310943
1099,112.0,2008-07-13,3.75712373145
1100,112.0,2008-07-16,2.54811519556
1101,112.0,2008-07-17,1.85011352366
1102,112.0,2008-07-18,1.74067101827
1103,115.0,2007-05-10,13.2499807403
1104,115.0,2007-05-13,4.02298093799
1105,115.0,2007-05-14,12.3449494927
1106,115.0,2007-05-15,13.7283966397
1107,115.0,2007-05-16,8.04524025736
1108,115.0,2007-05-18,6.34797507817
1109,115.0,2007-05-19,3.20779575565
1110,115.0,2007-05-21,6.73181416362
1111,115.0,2007-05-22,4.72407878538
1112,115.0,2007-05-23,15.7824429459
1113,115.0,2007-09-08,12.1214948639
1114,115.0,2008-04-16,16.0004558258
1115,115.0,2008-04-17,4.58723850119
1116,115.0,2008-04-29,12.3677750124
1117,115.0,2008-04-30,6.77243126819
1118,115.0,2008-05-01,15.4830933457
1119,115.0,2008-05-04,10.9884875468
1120,115.0,2008-05-05,6.55010886444
1121,115.0,2008-05-06,7.1209447083
1122,115.0,2008-05-07,7.89070873916
1123,115.0,2008-05-08,8.35788246317
1124,115.0,2008-05-09,4.14254221365
1125,115.0,2008-05-12,9.92885797957
1126,115.0,2008-05-13,8.42224802769
1127,115.0,2008-05-14,7.92297788196
1128,115.0,2008-05-15,inf
1129,115.0,2008-05-16,7.89127429982
1130,115.0,2008-05-20,10.1571164444
1131,115.0,2008-05-21,11.5424791016
1132,115.0,2008-05-22,6.59581122813
1133,115.0,2008-05-23,7.82724458097
1134,115.0,2008-05-25,8.86582493577
1135,115.0,2008-05-26,8.29685859474
1136,115.0,2008-05-27,9.4362278947
1137,115.0,2008-05-28,9.08187192655
1138,115.0,2008-05-29,10.5045258371
1139,115.0,2008-05-30,7.21197340145
1140,115.0,2008-06-01,11.216000148
1141,115.0,2008-06-02,10.7216011282
1142,115.0,2008-06-03,11.3317692435
1143,115.0,2008-06-04,10.9185072559
1144,115.0,2008-06-05,9.32706435849
1145,115.0,2008-06-06,7.00413279393
1146,115.0,2008-06-09,10.9861709035
1147,115.0,2008-06-10,13.0508051963
1148,115.0,2008-06-11,10.3873097873
1149,115.0,2008-06-12,6.9806312905
1150,115.0,2008-06-15,9.49188443547
1151,115.0,2008-06-16,4.96426115478
1152,115.0,2008-06-17,10.3953534674
1153,115.0,2008-06-18,8.38129731627
1154,115.0,2008-06-19,9.65474811313
1155,115.0,2008-06-20,8.28272243723
1156,115.0,2008-06-22,11.8398340492
1157,115.0,2008-06-23,12.1709454329
1158,115.0,2008-06-24,11.27375093
1159,115.0,2008-06-25,9.0815794386
1160,115.0,2008-06-26,9.22232504901
1161,115.0,2008-06-27,5.26714829621
1162,115.0,2008-06-28,13.7631628953
1163,115.0,2008-06-29,7.59603732457
1164,115.0,2008-06-30,8.17597750268
1165,115.0,2008-07-01,12.049428997
1166,115.0,2008-07-02,10.7650766203
1167,115.0,2008-07-04,10.4885310542
1168,115.0,2008-07-06,7.64770551255
1169,115.0,2008-07-07,10.4060267298
1170,115.0,2008-07-22,7.08115304535
1171,115.0,2008-07-23,0.948218580122
1172,117.0,2007-06-21,3.09885861577
1173,117.0,2007-06-22,2.89453482754
1174,117.0,2007-06-25,2.9031193658
1175,117.0,2007-06-27,1.17424396722
1176,117.0,2007-06-29,1.62882101959
1177,117.0,2007-07-04,2.95536086829
1178,125.0,2008-05-10,1.2822534731
1179,125.0,2008-05-11,5.01523671489
1180,125.0,2008-05-23,5.0155261713
1181,125.0,2008-05-24,4.100092128
1182,125.0,2008-05-30,7.15614463775
1183,125.0,2008-05-31,6.40573556886
1184,125.0,2008-06-05,5.07602141888
1185,125.0,2008-06-07,3.06750852743
1186,125.0,2008-06-20,3.27512407563
1187,125.0,2008-06-21,7.71138057228
1188,125.0,2008-06-22,8.05367222776
1189,125.0,2008-08-20,1.25051459801
1190,125.0,2008-08-23,3.82472601704
1191,125.0,2008-08-24,3.09855562904
1192,125.0,2008-08-27,2.81785982686
1193,125.0,2008-08-28,3.231519104
1194,125.0,2008-09-02,1.42621192578
1195,125.0,2008-09-03,25.6928778421
1196,125.0,2008-09-06,5.56733384726
1197,125.0,2008-09-09,3.30170514867
1198,125.0,2008-09-12,2.46138746512
1199,125.0,2008-09-13,5.6382377143
1200,125.0,2008-09-16,2.06875685646
1201,125.0,2008-09-17,2.45609546149
1202,125.0,2008-09-20,5.47196394152
1203,125.0,2008-09-21,2.45778059143
1204,125.0,2008-09-25,
1205,125.0,2008-10-06,
1206,125.0,2008-10-11,
1207,126.0,2008-04-22,6.49667012383
1208,126.0,2008-04-26,2.22131456116
1209,126.0,2008-04-27,3.36634558217
1210,126.0,2008-05-01,2.87011235131
1211,126.0,2008-05-02,1.72510507417
1212,126.0,2008-05-03,9.7750115386
1213,126.0,2008-05-10,10.8237259665
1214,126.0,2008-05-11,7.11662394372
1215,126.0,2008-05-16,1.41984880596
1216,126.0,2008-05-17,3.82656919628
1217,126.0,2008-05-18,3.28169290038
1218,126.0,2008-05-21,3.72891042558
1219,126.0,2008-05-23,3.02281632373
1220,126.0,2008-05-28,6.45680956598
1221,126.0,2008-05-29,0.682029581365
1222,126.0,2008-05-31,5.52346341993
1223,126.0,2008-06-01,2.6801746174
1224,126.0,2008-06-02,2.98469293854
1225,126.0,2008-06-03,2.94213949946
1226,126.0,2008-06-05,3.82298795215
1227,126.0,2008-06-06,1.67698434416
1228,126.0,2008-06-07,4.25257492416
1229,126.0,2008-06-08,1.43380756101
1230,126.0,2008-06-09,11.4564089716
1231,126.0,2008-06-14,3.17500762878
1232,126.0,2008-06-15,1.20565641207
1233,126.0,2008-06-20,1.091480698
1234,126.0,2008-06-21,6.09284610593
1235,126.0,2008-06-22,0.925265962027
1236,126.0,2008-06-28,inf
1237,126.0,2008-06-29,3.38011344325
1238,126.0,2008-07-06,1.65242038832
1239,126.0,2008-07-12,3.98113117365
1240,126.0,2008-07-13,2.0508573729
1241,126.0,2008-07-14,3.08881556715
1242,126.0,2008-07-16,1.47798786235
1243,126.0,2008-07-18,7.4878675347
1244,126.0,2008-07-19,2.81021764216
1245,126.0,2008-07-23,4.11996230413
1246,126.0,2008-07-24,1.43795612356
1247,126.0,2008-07-25,3.38575198531
1248,126.0,2008-07-26,6.08793412792
1249,126.0,2008-07-27,6.06304070094
1250,126.0,2008-07-29,2.76703227251
1251,126.0,2008-07-31,6.40204340341
1252,126.0,2008-08-02,5.39805018457
1253,126.0,2008-08-03,3.1950410193
1254,126.0,2008-08-07,35.6291714907
1255,126.0,2008-08-08,16.3678734242
1256,126.0,2008-08-09,6.53804123136
1257,126.0,2008-08-10,9.56351738008
1258,126.0,2008-08-11,3.47989831727
1259,126.0,2008-08-12,4.20783065657
1260,126.0,2008-08-16,3.46603229468
1261,126.0,2008-08-17,5.08035514751
1262,126.0,2008-09-04,4.17563133842
1263,126.0,2008-09-08,1.74666306246
1264,126.0,2008-09-12,3.46334185965
1265,126.0,2008-09-13,1.2473493643
1266,126.0,2008-09-15,1.04111009916
1267,126.0,2008-09-23,1.50173100783
1268,126.0,2008-09-29,3.46435662175
1269,126.0,2008-09-30,3.72288280581
1270,126.0,2008-10-01,1.32997487524
1271,126.0,2008-10-02,3.54729114866
1272,126.0,2008-10-11,8.67383936097
1273,126.0,2008-10-12,5.39175903822
1274,126.0,2008-10-13,1.09529781077
1275,126.0,2008-10-15,1.24173656732
1276,126.0,2008-10-20,1.58200277047
1277,126.0,2008-11-24,0.913824521629
1278,126.0,2008-11-26,4.34037649084
1279,126.0,2008-11-27,1.13826488511
1280,126.0,2008-11-29,4.04553156934
1281,126.0,2008-12-01,0.868149459018
1282,126.0,2008-12-04,1.16933773474
1283,126.0,2008-12-08,3.61814279939
1284,126.0,2008-12-13,6.93519903553
1285,128.0,2007-04-14,1.97187455387
1286,128.0,2007-04-15,1.05851959973
1287,128.0,2007-04-16,1.27761410533
1288,128.0,2007-04-18,4.04040983404
1289,128.0,2007-04-19,1.62647986362
1290,128.0,2007-04-20,1.49462825376
1291,128.0,2007-04-21,6.06129934422
1292,128.0,2007-05-05,6.64477048777
1293,128.0,2007-05-06,4.98918735954
1294,128.0,2007-05-08,2.59892966231
1295,128.0,2007-05-27,10.6778010056
1296,128.0,2007-05-29,43.871623361
1297,128.0,2007-05-30,1.32563492268
1298,128.0,2007-05-31,4.45298747721
1299,128.0,2007-06-01,3.6338204657
1300,128.0,2007-06-04,1.98283683412
1301,128.0,2007-06-20,17.7161556505
1302,128.0,2007-06-21,1.33873137929
1303,128.0,2007-06-25,1.48410209066
1304,128.0,2007-06-26,1.29811598002
1305,128.0,2007-06-27,1.82475347536
1306,128.0,2007-06-28,1.55440648816
1307,128.0,2007-06-29,1.2261079722
1308,128.0,2007-07-01,4.42481397507
1309,128.0,2007-07-02,1.52042244086
1310,128.0,2007-07-03,1.328442089
1311,128.0,2007-07-07,10.127473337
1312,128.0,2007-07-08,2.42220368331
1313,128.0,2008-05-01,33.661410141
1314,128.0,2008-05-03,6.29420963279
1315,128.0,2008-05-04,5.24884099113
1316,128.0,2008-05-06,3.64351621588
1317,128.0,2008-05-09,7.05717853635
1318,128.0,2008-05-10,7.89108520596
1319,128.0,2008-05-12,6.5195242887
1320,128.0,2008-05-13,6.15865470135
1321,128.0,2008-05-14,6.15514656422
1322,128.0,2008-05-15,5.3740380869
1323,128.0,2008-05-16,8.19580027418
1324,128.0,2008-05-17,9.61434587956
1325,128.0,2008-05-18,2.42708673459
1326,128.0,2008-05-23,1.49295853744
1327,128.0,2008-06-06,6.81310824145
1328,128.0,2008-06-07,12.4950353028
1329,128.0,2008-06-10,6.12825261272
1330,128.0,2008-06-11,5.03715632971
1331,128.0,2008-06-27,7.30421999593
1332,128.0,2008-06-29,3.85892441716
1333,128.0,2008-06-30,1.39188767158
1334,128.0,2008-07-01,4.48277713929
1335,128.0,2008-07-02,6.34880610084
1336,128.0,2008-07-03,6.52080477904
1337,128.0,2008-07-04,6.20675332935
1338,128.0,2008-07-05,6.82739767205
1339,128.0,2008-07-06,7.90161227905
1340,128.0,2008-07-07,5.21184894627
1341,128.0,2008-07-08,3.7704433573
1342,128.0,2008-07-09,2.51158781544
1343,128.0,2008-07-10,3.89513668696
1344,128.0,2008-07-11,3.69564399555
1345,128.0,2008-07-12,1.24679328179
1346,128.0,2008-07-13,8.25809818116
1347,128.0,2008-07-17,10.0906688422
1348,128.0,2008-07-18,7.70427826929
1349,128.0,2008-07-19,7.17430288659
1350,128.0,2008-07-27,3.9381792328
1351,128.0,2008-07-28,3.31400152178
1352,128.0,2008-07-29,6.13014288469
1353,128.0,2008-07-30,5.35963209716
1354,128.0,2008-07-31,9.77967120985
1355,128.0,2008-08-01,7.49374430237
1356,128.0,2008-08-05,10.352923145
1357,128.0,2008-08-06,9.67818768684
1358,128.0,2008-08-07,4.78818685468
1359,128.0,2008-08-08,2.07372162194
1360,128.0,2008-08-09,4.66384707747
1361,128.0,2008-08-11,2.59417831249
1362,128.0,2008-08-12,10.5536679233
1363,128.0,2008-08-13,1.56178313514
1364,128.0,2008-08-15,11.2477425624
1365,128.0,2008-08-17,8.97779648919
1366,128.0,2008-08-18,2.79779075198
1367,128.0,2008-08-21,4.74625020848
1368,128.0,2008-08-22,1.55661868735
1369,128.0,2008-08-23,2.29539563165
1370,128.0,2008-08-24,2.45567565551
1371,128.0,2008-08-25,4.5156880647
1372,128.0,2008-08-26,2.07097372389
1373,128.0,2008-08-27,6.00912178841
1374,128.0,2008-08-28,2.54664690867
1375,128.0,2008-08-29,5.84087845319
1376,128.0,2008-09-01,7.16923695331
1377,128.0,2008-09-02,6.35780956403
1378,128.0,2008-09-03,5.7517133967
1379,128.0,2008-09-04,6.1621016375
1380,128.0,2008-09-05,5.382541741
1381,128.0,2008-09-06,11.1067325362
1382,128.0,2008-09-07,4.85989439052
1383,128.0,2008-09-08,7.44904427482
1384,128.0,2008-09-09,7.7770313728
1385,128.0,2008-09-10,4.23415442253
1386,128.0,2008-09-11,7.33421867783
1387,128.0,2008-09-12,2.32470573324
1388,128.0,2008-09-13,11.318629728
1389,128.0,2008-09-14,3.04577607058
1390,128.0,2008-09-15,9.96523304473
1391,128.0,2008-09-16,3.78834463501
1392,128.0,2008-09-17,3.45367348424
1393,128.0,2008-09-18,3.22808581167
1394,128.0,2008-09-19,5.98245121426
1395,128.0,2008-09-20,7.31560425702
1396,128.0,2008-09-21,5.17831466488
1397,128.0,2008-09-22,10.4356761266
1398,128.0,2008-09-23,10.1526238137
1399,128.0,2008-09-24,5.08435652526
1400,128.0,2008-09-25,3.74178300016
1401,128.0,2008-09-26,2.06643793438
1402,128.0,2008-09-27,5.76562908699
1403,128.0,2008-09-28,6.79827421092
1404,128.0,2008-09-30,9.07568019934
1405,128.0,2008-10-01,4.73691054189
1406,128.0,2008-10-02,17.4042340434
1407,128.0,2008-10-03,13.23977943
1408,128.0,2008-10-04,7.09488142881
1409,128.0,2008-10-05,12.8679721332
1410,128.0,2008-10-07,9.76246447373
1411,128.0,2008-10-08,8.55257756258
1412,128.0,2008-10-09,10.6319750408
1413,128.0,2008-10-10,8.50438390802
1414,128.0,2008-10-11,13.0956219824
1415,128.0,2008-10-12,7.64148624798
1416,128.0,2008-10-13,2.76606802353
1417,128.0,2008-10-14,8.92421117551
1418,128.0,2008-10-15,10.475282764
1419,128.0,2008-10-16,6.51798297316
1420,128.0,2008-10-17,6.14562695739
1421,128.0,2008-10-19,12.3482937431
1422,128.0,2008-10-20,6.900103974
1423,128.0,2008-10-21,6.43871189016
1424,128.0,2008-10-22,5.64075605174
1425,128.0,2008-10-23,8.53748599734
1426,128.0,2008-10-24,8.34637074015
1427,128.0,2008-10-25,10.2008862836
1428,128.0,2008-10-26,5.13162917247
1429,128.0,2008-10-27,3.61690947183
1430,128.0,2008-10-28,3.09545829398
1431,128.0,2008-10-29,6.14629713766
1432,128.0,2008-10-30,8.39847294233
1433,128.0,2008-10-31,2.76559350599
1434,128.0,2008-11-01,5.63114130524
1435,128.0,2008-11-03,6.48058413278
1436,128.0,2008-11-04,8.12318370858
1437,128.0,2008-11-05,8.50411293386
1438,128.0,2008-11-06,4.48541505037
1439,128.0,2008-11-07,1.53635751919
1440,128.0,2008-11-08,7.93528175715
1441,128.0,2008-11-10,7.95593274665
1442,128.0,2008-11-11,10.2770277119
1443,128.0,2008-11-12,10.9582243547
1444,128.0,2008-11-13,10.1276194847
1445,128.0,2008-11-14,7.18536793462
1446,128.0,2008-11-15,4.13900704386
1447,128.0,2008-11-16,5.81589252339
1448,128.0,2008-11-17,4.49026502993
1449,128.0,2008-11-18,12.5224389197
1450,128.0,2008-11-19,5.23086781301
1451,128.0,2008-11-20,8.60510948607
1452,128.0,2008-11-21,12.6674833486
1453,128.0,2008-11-22,2.57938156589
1454,128.0,2008-11-23,3.8480269488
1455,128.0,2008-11-24,4.0392947853
1456,128.0,2008-11-25,1.94989020052
1457,128.0,2008-11-26,11.4979814974
1458,128.0,2008-11-27,9.72857856169
1459,128.0,2008-11-28,4.61376347197
1460,128.0,2008-11-29,4.21544100143
1461,128.0,2008-11-30,7.50518659571
1462,128.0,2008-12-01,4.59321179219
1463,128.0,2008-12-02,7.22883082618
1464,128.0,2008-12-03,8.66741659532
1465,128.0,2008-12-04,8.10673056289
1466,128.0,2008-12-05,5.14256642434
1467,128.0,2008-12-06,6.10387319436
1468,128.0,2008-12-07,6.47229430786
1469,128.0,2008-12-08,2.87432163853
1470,128.0,2008-12-09,8.54830427677
1471,128.0,2008-12-10,8.40584076039
1472,128.0,2008-12-11,8.41994906875
1473,128.0,2008-12-12,8.57202218952
1474,128.0,2008-12-13,4.55716571776
1475,128.0,2008-12-14,8.77655666414
1476,128.0,2008-12-15,4.18209094339
1477,128.0,2008-12-16,6.81770878243
1478,128.0,2008-12-17,8.38636788694
1479,128.0,2008-12-18,3.95182772335
1480,128.0,2008-12-19,12.2881305467
1481,128.0,2008-12-21,11.734098809
1482,128.0,2008-12-22,8.46435254495
1483,128.0,2008-12-23,9.06301046039
1484,128.0,2008-12-24,9.80365325657
1485,128.0,2008-12-25,8.05783093969
1486,128.0,2008-12-26,5.75101177862
1487,128.0,2008-12-27,3.81162770262
1488,128.0,2008-12-29,5.40611478262
1489,128.0,2008-12-30,6.73848657047
1490,128.0,2008-12-31,6.5827173526
1491,128.0,2009-01-01,6.62138630079
1492,128.0,2009-01-02,8.21829778986
1493,128.0,2009-01-03,6.40359391099
1494,128.0,2009-01-04,9.87303921298
1495,128.0,2009-01-05,8.50524857409
1496,128.0,2009-01-06,5.10290319711
1497,128.0,2009-01-07,5.66367304887
1498,128.0,2009-01-08,9.58795569492
1499,128.0,2009-01-09,3.55008558995
1500,128.0,2009-01-12,8.75380819728
1501,128.0,2009-01-13,4.24992430334
1502,128.0,2009-01-14,8.58757531779
1503,128.0,2009-01-15,4.54067514848
1504,128.0,2009-01-16,7.21395148668
1505,128.0,2009-01-17,6.73642445381
1506,128.0,2009-01-18,9.58209015402
1507,128.0,2009-01-19,8.28195104962
1508,128.0,2009-01-20,10.6068203002
1509,128.0,2009-01-28,4.09444429361
1510,128.0,2009-02-01,6.56314745411
1511,128.0,2009-02-02,21.3656526573
1512,128.0,2009-02-04,7.35858234807
1513,128.0,2009-02-05,6.09710500908
1514,128.0,2009-02-06,9.81139110123
1515,128.0,2009-02-08,11.2970153235
1516,128.0,2009-02-09,5.27231548625
1517,128.0,2009-02-10,4.24051784832
1518,128.0,2009-02-11,5.4673561281
1519,128.0,2009-02-12,5.43850258823
1520,128.0,2009-02-13,8.62606484961
1521,128.0,2009-02-14,8.90259582446
1522,128.0,2009-02-16,6.19811592471
1523,128.0,2009-02-17,4.28194445114
1524,128.0,2009-02-18,3.35962864437
1525,128.0,2009-02-19,3.12514364772
1526,128.0,2009-02-20,4.5586408128
1527,128.0,2009-02-21,6.04342099962
1528,128.0,2009-02-22,13.8535651022
1529,128.0,2009-02-23,8.50162502083
1530,128.0,2009-02-27,4.52287831091
1531,128.0,2009-02-28,3.93315384728
1532,128.0,2009-03-01,6.21710333888
1533,128.0,2009-03-02,18.5019767124
1534,128.0,2009-03-03,2.14279733292
1535,128.0,2009-03-04,5.40259934224
1536,128.0,2009-03-05,12.8215896864
1537,128.0,2009-03-07,10.5021977424
1538,128.0,2009-03-09,7.38427621042
1539,128.0,2009-03-10,9.82906056911
1540,128.0,2009-03-11,10.1490404668
1541,128.0,2009-03-12,8.40672184632
1542,128.0,2009-03-13,12.0211307505
1543,128.0,2009-03-14,6.36512260237
1544,128.0,2009-03-15,7.32447109872
1545,128.0,2009-03-16,5.12996183369
1546,128.0,2009-03-17,5.24391268694
1547,128.0,2009-03-18,5.41453873376
1548,128.0,2009-03-19,4.37969173413
1549,128.0,2009-03-20,6.34272327878
1550,128.0,2009-03-21,7.16310719641
1551,128.0,2009-03-22,6.60253335202
1552,128.0,2009-03-23,6.09116133885
1553,128.0,2009-03-24,7.08093625254
1554,128.0,2009-03-26,3.74716924118
1555,128.0,2009-03-27,3.8642934227
1556,128.0,2009-03-28,6.01823198533
1557,128.0,2009-03-29,7.73544278078
1558,128.0,2009-03-30,5.68859544157
1559,128.0,2009-03-31,8.09152849655
1560,128.0,2009-04-01,2.77889590224
1561,128.0,2009-04-02,5.89418803263
1562,128.0,2009-04-03,6.22570525272
1563,128.0,2009-04-04,7.19669378091
1564,128.0,2009-04-06,5.19541987727
1565,128.0,2009-04-07,1.2863642571
1566,128.0,2009-04-08,4.97733997741
1567,128.0,2009-04-09,9.0545443653
1568,128.0,2009-04-10,7.5842099969
1569,128.0,2009-04-11,8.50746519306
1570,128.0,2009-04-12,1.93080901775
1571,128.0,2009-04-13,3.83867483008
1572,128.0,2009-04-14,4.93543600575
1573,128.0,2009-04-15,9.11679461607
1574,128.0,2009-04-16,9.77331835922
1575,128.0,2009-04-17,3.76908837591
1576,128.0,2009-04-18,9.33307532554
1577,128.0,2009-04-19,4.74757016094
1578,128.0,2009-04-20,4.85643079041
1579,128.0,2009-04-21,13.3664084647
1580,128.0,2009-04-22,5.44849752321
1581,128.0,2009-04-23,2.74058621589
1582,128.0,2009-04-24,6.45221870177
1583,128.0,2009-04-27,3.79839463379
1584,128.0,2009-04-28,5.15938931066
1585,128.0,2009-04-29,5.22798790536
1586,128.0,2009-04-30,3.82101994837
1587,128.0,2009-05-01,8.36236921373
1588,128.0,2009-05-02,7.60098321431
1589,128.0,2009-05-03,11.4749224451
1590,128.0,2009-05-04,1.58046223894
1591,128.0,2009-05-05,4.26595671194
1592,128.0,2009-05-06,7.40823883883
1593,128.0,2009-05-07,7.29217500351
1594,128.0,2009-05-08,1.40980052969
1595,128.0,2009-05-09,4.37237001834
1596,128.0,2009-05-10,4.73699692169
1597,128.0,2009-05-11,1.53395534201
1598,128.0,2009-05-12,3.70807380321
1599,128.0,2009-05-13,11.9966960903
1600,128.0,2009-05-14,4.28428087956
1601,128.0,2009-05-15,8.22165353727
1602,128.0,2009-05-17,5.51297007726
1603,128.0,2009-05-18,1.52618746183
1604,128.0,2009-05-19,4.06028931923
1605,128.0,2009-05-20,6.62799701664
1606,128.0,2009-05-21,5.04659958392
1607,128.0,2009-05-22,6.17880959185
1608,128.0,2009-05-24,11.4970317571
1609,128.0,2009-05-25,3.33380531262
1610,128.0,2009-05-26,4.73921261971
1611,128.0,2009-05-27,4.90497258533
1612,128.0,2009-05-29,4.85628167717
1613,128.0,2009-05-31,2.11786461665
1614,128.0,2009-06-01,3.8390592747
1615,128.0,2009-06-02,3.35494367057
1616,128.0,2009-06-03,6.50437577761
1617,128.0,2009-06-04,5.05215814445
1618,128.0,2009-06-05,5.1285515449
1619,128.0,2009-06-06,10.6541589163
1620,128.0,2009-06-07,10.2005020654
1621,129.0,2008-06-27,3.49555016356
1622,138.0,2007-05-25,1.12449558494
1623,138.0,2007-05-26,1.57756845764
1624,138.0,2007-06-12,2.43171579763
1625,138.0,2007-06-21,2.21504831597
1626,138.0,2007-06-27,1.45857532901
1627,139.0,2007-09-03,1.65720209113
1628,139.0,2007-09-04,4.82832955306
1629,139.0,2007-09-05,1.09317706155
1630,139.0,2007-10-04,13.7277926998
1631,141.0,2011-08-29,
1632,141.0,2011-08-30,
1633,141.0,2011-08-31,
1634,141.0,2011-09-02,
1635,141.0,2011-09-03,
1636,141.0,2011-09-05,
1637,141.0,2011-09-09,
1638,141.0,2011-09-10,
1639,141.0,2011-09-11,
1640,141.0,2011-09-17,
1641,141.0,2011-09-18,
1642,141.0,2011-09-19,
1643,141.0,2011-09-23,
1644,141.0,2011-09-24,
1645,141.0,2011-09-25,
1646,141.0,2011-09-26,
1647,141.0,2011-09-29,
1648,141.0,2011-10-08,
1649,141.0,2011-10-09,
1650,141.0,2011-10-10,
1651,141.0,2011-10-11,
1652,141.0,2011-10-12,
1653,141.0,2011-10-13,
1654,141.0,2011-10-14,
1655,141.0,2011-10-22,
1656,141.0,2011-10-23,
1657,144.0,2008-05-01,5.08343226795
1658,144.0,2008-05-02,4.30963655297
1659,144.0,2008-05-03,9.18440556282
1660,144.0,2008-05-10,4.68756737339
1661,144.0,2008-05-11,6.69157033072
1662,144.0,2008-05-17,8.55622807373
1663,144.0,2008-05-18,1.44901365207
1664,144.0,2008-05-20,6.67758847771
1665,153.0,2007-07-25,7.55418639372
1666,153.0,2007-07-26,1.17161060817
1667,153.0,2007-07-28,7.60796357535
1668,153.0,2008-05-01,12.793921947
1669,153.0,2008-05-02,4.67718433468
1670,153.0,2008-05-04,3.91882169801
1671,153.0,2008-05-05,3.15570933394
1672,153.0,2008-05-06,1.75193925847
1673,153.0,2008-05-09,14.4729647875
1674,153.0,2008-05-10,5.04756719305
1675,153.0,2008-05-11,2.00729517612
1676,153.0,2008-05-12,4.44141520078
1677,153.0,2008-05-13,4.30256470671
1678,153.0,2008-05-14,4.58047325785
1679,153.0,2008-05-15,5.20145032116
1680,153.0,2008-05-16,4.6151651456
1681,153.0,2008-05-17,6.47037563971
1682,153.0,2008-05-19,3.65852815262
1683,153.0,2008-05-20,3.17027656024
1684,153.0,2008-05-21,3.06293887968
1685,153.0,2008-05-22,2.09610687146
1686,153.0,2008-05-23,2.76008770687
1687,153.0,2008-05-24,5.05367222367
1688,153.0,2008-05-26,1.92496032726
1689,153.0,2008-05-27,3.01509429591
1690,153.0,2008-05-28,3.11948645916
1691,153.0,2008-05-29,2.99580976636
1692,153.0,2008-05-30,7.06281967973
1693,153.0,2008-06-01,6.40250337602
1694,153.0,2008-06-02,3.53606626747
1695,153.0,2008-06-03,3.55192480203
1696,153.0,2008-06-04,3.61425102056
1697,153.0,2008-06-05,3.05956785202
1698,153.0,2008-06-06,2.92783470428
1699,153.0,2008-06-07,5.60182508441
1700,153.0,2008-06-08,7.22806050702
1701,153.0,2008-06-10,3.4167139541
1702,153.0,2008-06-11,2.77814870851
1703,153.0,2008-06-12,2.8303039833
1704,153.0,2008-06-13,3.49157922801
1705,153.0,2008-06-14,5.77593332841
1706,153.0,2008-06-15,5.84252979271
1707,153.0,2008-06-16,4.22617074768
1708,153.0,2008-06-17,3.11102311592
1709,153.0,2008-06-18,4.13252090427
1710,153.0,2008-06-19,5.46063390989
1711,153.0,2008-06-20,3.28483696034
1712,153.0,2008-06-22,5.74609168719
1713,153.0,2008-06-23,4.03129892801
1714,153.0,2008-06-24,7.46679855491
1715,153.0,2008-06-25,4.78844749768
1716,153.0,2008-06-26,3.44954460672
1717,153.0,2008-06-27,2.46251764755
1718,153.0,2008-06-28,6.05870923576
1719,153.0,2008-06-30,2.83235167359
1720,153.0,2008-07-01,2.69596035327
1721,153.0,2008-07-02,3.34523727225
1722,153.0,2008-07-03,3.05154068361
1723,153.0,2008-07-04,5.04084768742
1724,153.0,2008-07-05,7.4863141344
1725,153.0,2008-07-07,3.38826889184
1726,153.0,2008-07-08,3.64307629523
1727,153.0,2008-07-09,3.02253291848
1728,153.0,2008-07-10,2.81495697513
1729,153.0,2008-07-12,4.8433327505
1730,153.0,2008-07-13,6.57026130681
1731,153.0,2008-07-14,5.03359290533
1732,153.0,2008-07-15,2.37682990526
1733,153.0,2008-07-16,2.43703134454
1734,153.0,2008-07-17,2.51516029655
1735,153.0,2008-07-18,1.39637658653
1736,153.0,2008-07-19,5.9146967892
1737,153.0,2008-07-20,4.37810582821
1738,153.0,2008-07-21,3.19512931621
1739,153.0,2008-07-22,6.44520447029
1740,153.0,2008-07-23,8.83210354306
1741,153.0,2008-07-24,3.30853947151
1742,153.0,2008-07-25,6.39610303432
1743,153.0,2008-07-28,2.69118562638
1744,153.0,2008-07-29,5.67277425505
1745,153.0,2008-08-01,6.05780463569
1746,153.0,2008-08-02,1.37398768754
1747,153.0,2008-08-04,3.29949981091
1748,153.0,2008-08-05,3.05980768657
1749,153.0,2008-08-07,3.70705760818
1750,153.0,2008-08-08,7.68560400915
1751,153.0,2008-08-11,2.63467759621
1752,153.0,2008-08-12,4.17626477589
1753,153.0,2008-08-14,3.56299814836
1754,153.0,2008-08-15,5.83016630026
1755,153.0,2008-08-17,6.50524633992
1756,153.0,2008-08-18,3.51959218653
1757,153.0,2008-08-19,3.43661397666
1758,153.0,2008-08-20,7.44847586091
1759,153.0,2008-08-21,2.93026210935
1760,153.0,2008-08-22,3.13562196733
1761,153.0,2008-08-23,10.4771047192
1762,153.0,2008-08-24,2.9921942444
1763,153.0,2008-08-25,3.02656803791
1764,153.0,2008-08-26,4.26819222388
1765,153.0,2008-08-27,3.09702992184
1766,153.0,2008-08-28,4.28622283519
1767,153.0,2008-08-29,3.0527037071
1768,153.0,2008-08-31,7.08559675388
1769,153.0,2008-09-01,2.94660439179
1770,153.0,2008-09-02,5.11107667531
1771,153.0,2008-09-03,2.94656164424
1772,153.0,2008-09-20,1.4000176919
1773,153.0,2008-09-22,2.72173508146
1774,153.0,2008-09-25,1.39701117508
1775,153.0,2008-09-26,1.18872814608
1776,153.0,2008-09-27,4.94189178115
1777,153.0,2008-09-29,7.00930824493
1778,153.0,2008-09-30,4.19651702645
1779,153.0,2008-10-01,6.53652418331
1780,153.0,2008-10-02,3.2524061309
1781,153.0,2008-10-03,8.81971574826
1782,153.0,2008-10-04,3.46615755166
1783,153.0,2008-10-05,4.87265544142
1784,153.0,2008-10-06,4.29480234208
1785,153.0,2008-10-11,3.6099329039
1786,153.0,2008-10-12,6.20464309335
1787,153.0,2008-10-18,7.69350619697
1788,153.0,2008-10-20,1.70256238341
1789,153.0,2008-10-21,3.28342212068
1790,153.0,2008-10-24,3.47458316558
1791,153.0,2008-10-25,5.5629989673
1792,153.0,2008-10-28,5.40330276203
1793,153.0,2008-11-02,9.16445702871
1794,153.0,2008-11-03,6.46916622085
1795,153.0,2008-11-18,3.25680954682
1796,153.0,2008-11-20,3.42420924604
1797,153.0,2008-11-24,6.60467371553
1798,153.0,2008-11-25,4.83191870364
1799,153.0,2008-11-26,3.14601546133
1800,153.0,2008-11-27,4.41321982122
1801,153.0,2008-11-28,4.02929039324
1802,153.0,2008-11-29,4.64045989825
1803,153.0,2008-12-04,2.42048610703
1804,153.0,2008-12-06,5.78574296144
1805,153.0,2009-02-14,4.62942318693
1806,153.0,2009-02-15,5.00334130337
1807,153.0,2009-03-07,4.30856326255
1808,153.0,2009-03-08,2.48651553794
1809,153.0,2009-03-21,2.89750667195
1810,153.0,2009-03-22,2.44503269746
1811,153.0,2009-03-28,5.92971426377
1812,153.0,2009-04-04,3.53978964702
1813,153.0,2009-04-05,3.22456400369
1814,153.0,2009-04-06,5.2564631895
1815,153.0,2009-05-23,4.19663487218
1816,153.0,2009-05-24,8.66042406192
1817,153.0,2009-05-28,4.99055638611
1818,153.0,2009-06-06,1.48753068829
1819,153.0,2009-06-07,6.81249953715
1820,153.0,2009-06-13,6.76035653858
1821,153.0,2009-06-14,4.30830190424
1822,153.0,2009-06-20,6.51567400811
1823,153.0,2009-06-21,5.05066532103
1824,153.0,2009-06-27,9.12385858714
1825,153.0,2009-06-28,5.92539816267
1826,153.0,2009-07-07,5.26434116232
1827,153.0,2009-07-11,5.87967108811
1828,153.0,2009-07-12,9.1630502492
1829,153.0,2009-07-14,7.22924081563
1830,153.0,2009-07-27,7.68094914228
1831,153.0,2009-07-29,8.69865677282
1832,153.0,2009-08-19,4.40046532979
1833,153.0,2009-08-20,5.15525424322
1834,153.0,2009-08-21,3.64957570497
1835,153.0,2009-08-22,7.06514503293
1836,153.0,2009-08-23,7.8808122745
1837,153.0,2009-08-27,3.88720940715
1838,153.0,2009-08-28,6.81844515165
1839,153.0,2009-08-29,6.89307516483
1840,153.0,2009-08-30,9.08344056337
1841,153.0,2009-09-02,3.98704807133
1842,153.0,2009-09-05,8.12188032395
1843,153.0,2009-09-06,8.09202434244
1844,153.0,2009-09-07,3.90976681274
1845,153.0,2009-09-08,4.29789615363
1846,153.0,2009-09-09,5.03867427873
1847,153.0,2009-09-10,4.09976172479
1848,153.0,2009-09-11,6.90705582611
1849,153.0,2009-09-12,4.68987710154
1850,153.0,2009-09-13,4.20270382846
1851,153.0,2009-09-14,4.2229637328
1852,153.0,2009-09-15,3.67310917435
1853,153.0,2010-06-16,3.35533047276
1854,153.0,2010-06-17,3.64272082731
1855,153.0,2010-06-18,4.54351205647
1856,153.0,2010-06-20,2.34782359191
1857,153.0,2010-06-21,5.32031552748
1858,153.0,2010-06-22,3.81672214124
1859,153.0,2010-06-24,5.63402717367
1860,153.0,2010-06-29,1.50933129816
1861,153.0,2010-06-30,3.03939700707
1862,153.0,2010-07-01,2.78667568513
1863,153.0,2010-07-05,1.50490890817
1864,153.0,2010-07-06,2.31342308083
1865,153.0,2010-07-07,3.51712966265
1866,153.0,2010-07-13,4.66298075247
1867,153.0,2010-07-14,6.54162018543
1868,153.0,2010-11-14,4.28998261078
1869,153.0,2010-11-16,4.0787200888
1870,153.0,2010-11-23,4.34069615758
1871,153.0,2010-12-02,3.1263666831
1872,153.0,2010-12-03,3.90185705554
1873,153.0,2010-12-05,1.87061671109
1874,153.0,2010-12-06,2.6062195268
1875,153.0,2010-12-07,3.1081419326
1876,153.0,2010-12-09,3.22004993707
1877,153.0,2010-12-15,4.42435238019
1878,153.0,2010-12-16,4.0323281549
1879,153.0,2010-12-20,4.24918862467
1880,153.0,2010-12-21,4.60942526824
1881,154.0,2007-05-01,4.7295585878
1882,154.0,2007-05-02,5.18853465044
1883,154.0,2007-05-03,2.81464582468
1884,154.0,2007-05-05,4.40539349997
1885,154.0,2007-05-07,1.67077847768
1886,154.0,2007-05-08,1.3989887036
1887,154.0,2007-05-09,1.51461314052
1888,154.0,2007-05-10,2.11742681699
1889,154.0,2007-05-11,1.50465675137
1890,154.0,2007-05-12,1.67216260997
1891,154.0,2007-05-13,2.41620740378
1892,154.0,2007-05-14,1.97498930237
1893,154.0,2007-05-15,1.82786707147
1894,154.0,2007-05-16,2.30530045437
1895,154.0,2007-05-17,1.53683543932
1896,161.0,2007-04-13,4.71779480227
1897,161.0,2007-04-14,1.31545945646
1898,161.0,2007-04-16,1.49071915451
1899,161.0,2007-04-17,1.44124624499
1900,161.0,2007-04-19,1.76161533176
1901,161.0,2007-04-20,2.15720954462
1902,161.0,2007-04-24,1.65472771092
1903,161.0,2007-04-25,6.86000324357
1904,161.0,2007-04-27,3.94090878086
1905,163.0,2007-05-20,5.20199222734
1906,163.0,2007-06-13,4.687575847
1907,163.0,2007-06-14,4.39498968123
1908,163.0,2007-06-16,1.50473742214
1909,163.0,2007-06-17,0.970815508862
1910,163.0,2007-06-19,2.37836043564
1911,163.0,2007-07-11,3.70515634039
1912,163.0,2007-07-13,8.1218682497
1913,163.0,2007-07-15,4.91240993044
1914,163.0,2007-10-19,0.867626576866
1915,163.0,2007-10-29,1.96747492088
1916,163.0,2007-11-23,2.73790494054
1917,163.0,2007-11-25,1.44393293617
1918,163.0,2007-11-28,3.83370473512
1919,163.0,2007-12-01,10.244002203
1920,163.0,2008-04-05,1.11833851364
1921,163.0,2008-04-07,11.6108294089
1922,163.0,2008-04-26,6.40836861201
1923,163.0,2008-04-28,5.99211801739
1924,163.0,2008-04-29,inf
1925,163.0,2008-04-30,5.20662745362
1926,163.0,2008-05-01,14.5508989226
1927,163.0,2008-05-02,4.31463990481
1928,163.0,2008-05-04,16.1156411954
1929,163.0,2008-05-05,11.9855603532
1930,163.0,2008-05-06,1.22113937866
1931,163.0,2008-05-07,12.2334321834
1932,163.0,2008-05-08,1.47960434911
1933,163.0,2008-05-09,7.87689908784
1934,163.0,2008-05-10,5.02097451182
1935,163.0,2008-05-11,7.88028009165
1936,163.0,2008-05-12,3.68099643795
1937,163.0,2008-05-15,7.57415044096
1938,163.0,2008-05-16,4.94703190462
1939,163.0,2008-05-17,6.80111820034
1940,163.0,2008-05-18,8.41771329026
1941,163.0,2008-06-07,1.67971746695
1942,163.0,2008-06-08,6.24093478079
1943,163.0,2008-06-13,1.02830067336
1944,163.0,2008-06-14,1.16236592132
1945,163.0,2008-06-15,5.8927405368
1946,163.0,2008-06-19,5.87488656342
1947,163.0,2008-06-20,5.59139181086
1948,163.0,2008-06-22,14.6110531921
1949,163.0,2008-06-27,2.4428690003
1950,163.0,2008-06-28,6.05861320878
1951,163.0,2008-06-30,5.69364790095
1952,163.0,2008-07-04,6.15857257314
1953,163.0,2008-07-05,8.19860454844
1954,163.0,2008-07-06,8.47654800055
1955,163.0,2008-07-07,4.55664941109
1956,163.0,2008-07-09,1.90048391848
1957,163.0,2008-07-19,3.46211659833
1958,163.0,2008-07-20,4.07350923828
1959,163.0,2009-04-07,6.42391550203
1960,163.0,2009-04-08,3.80665531645
1961,163.0,2009-04-10,8.33649103741
1962,163.0,2009-04-11,0.814950647039
1963,163.0,2009-04-12,14.0854219559
1964,163.0,2009-04-13,4.36278757858
1965,163.0,2009-07-29,5.32483923618
1966,163.0,2009-08-28,8.6708360822
1967,163.0,2009-08-29,6.89313147233
1968,163.0,2009-08-30,9.08338344857
1969,163.0,2009-12-24,7.1027220104
1970,167.0,2008-03-28,7.24634043899
1971,167.0,2008-04-22,6.49667012383
1972,167.0,2008-04-26,3.30283357464
1973,167.0,2008-04-27,3.68891008248
1974,167.0,2008-04-28,0.687355519983
1975,167.0,2008-04-29,1.74093434134
1976,167.0,2008-04-30,1.50828012114
1977,167.0,2008-05-01,9.83919178976
1978,167.0,2008-05-02,7.73337773706
1979,167.0,2008-05-03,7.69394937791
1980,167.0,2008-05-04,4.61601035531
1981,167.0,2008-05-05,4.78154911733
1982,167.0,2008-05-06,2.57316210191
1983,167.0,2008-05-08,7.26892053089
1984,167.0,2008-05-09,2.68751988943
1985,167.0,2008-05-10,1.74992809126
1986,167.0,2008-05-11,2.36908858928
1987,167.0,2008-05-12,6.58415555794
1988,167.0,2008-05-13,2.16018024552
1989,167.0,2008-05-14,0.54971372307
1990,167.0,2008-05-15,2.0404773418
1991,167.0,2008-05-16,1.21521083434
1992,167.0,2008-05-17,3.55740370719
1993,167.0,2008-05-18,6.76651389325
1994,167.0,2008-05-19,1.44485842415
1995,167.0,2008-05-20,2.37678860837
1996,167.0,2008-05-21,
1997,167.0,2008-05-22,6.21140177071
1998,167.0,2008-05-23,2.96545983426
1999,167.0,2008-05-28,2.64360720501
2000,167.0,2008-05-30,6.75382924166
2001,167.0,2008-05-31,6.27092095995
2002,167.0,2008-06-01,5.62553186597
2003,167.0,2008-06-02,1.26818796464
2004,167.0,2008-06-03,1.34057809409
2005,167.0,2008-06-04,1.24985193911
2006,167.0,2008-06-05,1.23287026747
2007,167.0,2008-06-06,7.90544304894
2008,167.0,2008-06-07,4.25460264553
2009,167.0,2008-06-08,1.43372903589
2010,167.0,2008-06-09,12.2463086637
2011,167.0,2008-06-12,5.04056599748
2012,167.0,2008-06-14,6.42450501099
2013,167.0,2008-06-15,3.79528317229
2014,167.0,2008-06-17,2.81311930626
2015,167.0,2008-06-19,13.7425154639
2016,167.0,2008-06-20,7.14132938047
2017,167.0,2008-06-22,1.29833844162
2018,167.0,2008-06-25,1.64078757347
2019,167.0,2008-06-27,3.49501704977
2020,167.0,2008-06-28,inf
2021,167.0,2008-06-29,3.92081855725
2022,167.0,2008-07-01,2.35513984751
2023,167.0,2008-07-06,1.61187052303
2024,167.0,2008-07-15,1.50204959395
2025,167.0,2008-07-16,2.01340029369
2026,167.0,2008-07-17,1.91127451569
2027,167.0,2008-07-18,1.41525534904
2028,167.0,2008-07-19,
2029,167.0,2008-07-21,1.55961389764
2030,167.0,2008-07-25,7.35040039955
2031,167.0,2008-07-28,0.861946120791
2032,167.0,2008-07-29,4.85703289264
2033,167.0,2008-07-31,6.74318291242
2034,167.0,2008-08-02,5.39805018457
2035,167.0,2008-08-03,3.18824533845
2036,167.0,2008-08-05,1.20649175814
2037,167.0,2008-08-06,1.630631584
2038,167.0,2008-08-07,15.8245446093
2039,167.0,2008-08-08,16.3678540905
2040,167.0,2008-08-09,6.53667229429
2041,167.0,2008-08-10,9.560531941
2042,167.0,2008-08-11,0.73648466314
2043,167.0,2008-08-12,0.686610086459
2044,167.0,2008-08-13,1.16974337708
2045,167.0,2008-08-14,1.11506479744
2046,167.0,2008-08-15,0.521922508283
2047,167.0,2008-08-16,3.81475540806
2048,167.0,2008-08-19,1.37003079111
2049,167.0,2008-08-20,5.50936132459
2050,167.0,2008-08-22,0.990270046762
2051,167.0,2008-08-23,3.96992568463
2052,167.0,2008-08-25,3.08910650754
2053,167.0,2008-08-29,3.1423382319
2054,167.0,2008-08-31,3.84597479541
2055,167.0,2008-09-04,1.13374570948
2056,167.0,2008-09-09,2.74342089169
2057,167.0,2008-09-10,1.01912403886
2058,167.0,2008-09-12,0.395046952154
2059,167.0,2008-09-13,1.2473493643
2060,167.0,2008-09-15,3.32673903974
2061,167.0,2008-09-16,0.385936568628
2062,167.0,2008-09-18,3.71378415152
2063,167.0,2008-09-19,3.75332037509
2064,167.0,2008-09-23,1.50173100783
2065,167.0,2008-09-29,3.46439946819
2066,167.0,2008-09-30,3.72288280581
2067,167.0,2008-10-01,1.32997487524
2068,167.0,2008-10-02,3.54729114866
2069,167.0,2008-10-11,8.67383936097
2070,167.0,2008-10-12,5.39175903822
2071,167.0,2008-10-13,1.09529781077
2072,167.0,2008-10-15,1.24173656732
2073,167.0,2008-10-20,1.58200277047
2074,167.0,2008-11-22,1.56948368581
2075,167.0,2008-11-24,0.913824521629
2076,167.0,2008-11-26,4.78503947086
2077,167.0,2008-11-27,1.13826488511
2078,167.0,2008-11-29,4.04549438544
2079,167.0,2008-12-01,0.868149459018
2080,167.0,2008-12-04,1.16933773474
2081,167.0,2008-12-08,3.60927838748
2082,167.0,2008-12-10,0.824205322354
2083,167.0,2008-12-11,4.59288007877
2084,167.0,2008-12-13,7.90705543056
2085,170.0,2008-04-28,8.60756337511
2086,170.0,2008-04-29,8.84733717644
2087,170.0,2008-05-12,8.82935986055
2088,170.0,2008-05-14,12.1025115356
2089,170.0,2008-05-21,8.4976971499
2090,174.0,2008-03-30,14.4674110423
2091,174.0,2008-04-02,1.19716973939
2092,179.0,2008-08-20,7.91901932732
2093,179.0,2008-08-21,3.00824694643
2094,179.0,2008-08-22,6.85570344067
2095,179.0,2008-08-23,7.53915760157
2096,179.0,2008-08-24,7.70297599487
2097,179.0,2008-08-27,1.37689355095
2098,179.0,2008-08-28,6.91304579088
2099,179.0,2008-08-30,3.43134341796
2100,179.0,2008-08-31,2.9245698967
2101,179.0,2008-09-04,7.35081684957
2102,179.0,2008-09-05,7.65569324039
2103,179.0,2008-09-06,6.5023179621
2104,179.0,2008-09-07,2.87134280529
2105,179.0,2008-09-08,7.22850914651
2106,179.0,2008-09-09,7.20931812642
2107,179.0,2008-09-10,1.29412920754
2108,179.0,2008-09-12,0.810866183968
2109,179.0,2008-09-13,7.63769221401
2110,179.0,2008-09-14,7.8926797134
2111,179.0,2008-09-15,5.26250995213
2112,179.0,2008-10-01,3.75463728172
2113,179.0,2008-10-02,7.56001967298
2114,179.0,2008-10-03,7.51381110932
2115,179.0,2008-10-12,
2116,179.0,2008-10-14,
2117,179.0,2008-10-15,
2118,179.0,2008-10-19,
2119,179.0,2008-10-21,
2120,179.0,2008-10-26,14.2188390015
2121,179.0,2008-10-27,6.91184903299
2122,179.0,2008-11-01,6.81914038803
2123,179.0,2008-11-06,4.04308430473
2124,179.0,2008-11-07,6.92323639429
2125,179.0,2008-11-09,11.014161325
2126,179.0,2008-11-15,7.89380966594
2127,179.0,2008-11-16,7.31144004169
2128,179.0,2008-11-17,7.38754228211
2129,179.0,2008-11-29,7.37190538442
